[2026-05-26T08:07:10.165Z] === FEE MONITOR STARTED ===
[2026-05-26T08:07:10.167Z] Monitoring contract: deployments/base-sepolia.json
[2026-05-26T08:07:10.167Z] Check interval: 30s
[2026-05-26T08:07:10.167Z] Fee threshold: 100 USDC
[2026-05-26T08:07:10.167Z] Log file: ./logs/fee-monitor.log
[2026-05-26T08:07:11.293Z] FEE ACCUMULATION: +0.0003 USDC (total: 0.0003 USDC)
[2026-05-26T08:07:11.294Z] Fee check: 0.0003 USDC accumulated (0.0003 USDC in escrow)
[2026-05-26T08:07:42.537Z] Fee check: 0.0003 USDC accumulated (0.0003 USDC in escrow)
[2026-05-26T08:08:12.276Z] Fee check: 0.0003 USDC accumulated (0.0003 USDC in escrow)
[2026-05-26T08:08:42.299Z] Fee check: 0.0003 USDC accumulated (0.0003 USDC in escrow)
[2026-05-26T08:09:12.273Z] Fee check: 0.0003 USDC accumulated (0.0003 USDC in escrow)
[2026-05-26T08:09:42.289Z] Fee check: 0.0003 USDC accumulated (0.0003 USDC in escrow)
[2026-05-26T08:10:12.306Z] Fee check: 0.0003 USDC accumulated (0.0003 USDC in escrow)
[2026-05-26T08:10:42.283Z] Fee check: 0.0003 USDC accumulated (0.0003 USDC in escrow)
[2026-05-26T08:11:12.309Z] Fee check: 0.0003 USDC accumulated (0.0003 USDC in escrow)
[2026-05-26T08:11:42.573Z] Fee check: 0.0003 USDC accumulated (0.0003 USDC in escrow)
[2026-05-26T08:12:12.450Z] Fee check: 0.0003 USDC accumulated (0.0003 USDC in escrow)
[2026-05-26T08:12:42.301Z] Fee check: 0.0003 USDC accumulated (0.0003 USDC in escrow)
[2026-05-26T08:13:12.324Z] Fee check: 0.0003 USDC accumulated (0.0003 USDC in escrow)
[2026-05-26T08:13:42.315Z] Fee check: 0.0003 USDC accumulated (0.0003 USDC in escrow)
[2026-05-26T08:14:12.607Z] Fee check: 0.0003 USDC accumulated (0.0003 USDC in escrow)
[2026-05-26T08:14:42.357Z] Fee check: 0.0003 USDC accumulated (0.0003 USDC in escrow)
[2026-05-26T08:15:12.376Z] Fee check: 0.0003 USDC accumulated (0.0003 USDC in escrow)
[2026-05-26T08:15:42.338Z] Fee check: 0.0003 USDC accumulated (0.0003 USDC in escrow)
[2026-05-26T08:16:12.361Z] Fee check: 0.0003 USDC accumulated (0.0003 USDC in escrow)
[2026-05-26T08:16:42.349Z] Fee check: 0.0003 USDC accumulated (0.0003 USDC in escrow)
[2026-05-26T08:17:12.376Z] Fee check: 0.0003 USDC accumulated (0.0003 USDC in escrow)
[2026-05-26T08:17:42.484Z] Fee check: 0.0003 USDC accumulated (0.0003 USDC in escrow)
[2026-05-26T08:18:12.607Z] Fee check: 0.0003 USDC accumulated (0.0003 USDC in escrow)
[2026-05-26T08:18:42.340Z] Fee check: 0.0003 USDC accumulated (0.0003 USDC in escrow)
[2026-05-26T08:19:12.377Z] Fee check: 0.0003 USDC accumulated (0.0003 USDC in escrow)
[2026-05-26T08:19:42.387Z] Fee check: 0.0003 USDC accumulated (0.0003 USDC in escrow)
[2026-05-26T08:20:12.371Z] Fee check: 0.0003 USDC accumulated (0.0003 USDC in escrow)
[2026-05-26T08:20:42.624Z] Fee check: 0.0003 USDC accumulated (0.0003 USDC in escrow)
[2026-05-26T08:21:12.629Z] Fee check: 0.0003 USDC accumulated (0.0003 USDC in escrow)
[2026-05-26T08:21:42.380Z] Fee check: 0.0003 USDC accumulated (0.0003 USDC in escrow)
[2026-05-26T08:22:12.373Z] Fee check: 0.0003 USDC accumulated (0.0003 USDC in escrow)
[2026-05-26T08:22:42.384Z] Fee check: 0.0003 USDC accumulated (0.0003 USDC in escrow)
[2026-05-26T08:23:12.795Z] Fee check: 0.0003 USDC accumulated (0.0003 USDC in escrow)
[2026-05-26T08:23:42.645Z] Fee check: 0.0003 USDC accumulated (0.0003 USDC in escrow)
[2026-05-26T08:24:12.391Z] Fee check: 0.0003 USDC accumulated (0.0003 USDC in escrow)
[2026-05-26T08:24:42.417Z] Fee check: 0.0003 USDC accumulated (0.0003 USDC in escrow)
[2026-05-26T08:25:12.666Z] Fee check: 0.0003 USDC accumulated (0.0003 USDC in escrow)
[2026-05-26T08:25:42.662Z] Fee check: 0.0003 USDC accumulated (0.0003 USDC in escrow)
[2026-05-26T08:26:12.402Z] Fee check: 0.0003 USDC accumulated (0.0003 USDC in escrow)
[2026-05-26T08:26:42.419Z] Fee check: 0.0003 USDC accumulated (0.0003 USDC in escrow)
[2026-05-26T08:27:12.440Z] Fee check: 0.0003 USDC accumulated (0.0003 USDC in escrow)
[2026-05-26T08:27:42.440Z] Fee check: 0.0003 USDC accumulated (0.0003 USDC in escrow)
[2026-05-26T08:28:12.683Z] Fee check: 0.0003 USDC accumulated (0.0003 USDC in escrow)
[2026-05-26T08:28:42.593Z] Fee check: 0.0003 USDC accumulated (0.0003 USDC in escrow)
[2026-05-26T08:29:12.449Z] Fee check: 0.0003 USDC accumulated (0.0003 USDC in escrow)
[2026-05-26T08:29:42.439Z] Fee check: 0.0003 USDC accumulated (0.0003 USDC in escrow)
[2026-05-26T08:30:12.693Z] Fee check: 0.0003 USDC accumulated (0.0003 USDC in escrow)
[2026-05-26T08:30:42.698Z] Fee check: 0.0003 USDC accumulated (0.0003 USDC in escrow)
[2026-05-26T08:31:12.445Z] Fee check: 0.0003 USDC accumulated (0.0003 USDC in escrow)
[2026-05-26T08:31:42.460Z] Fee check: 0.0003 USDC accumulated (0.0003 USDC in escrow)
[2026-05-26T08:32:12.448Z] Fee check: 0.0003 USDC accumulated (0.0003 USDC in escrow)
[2026-05-26T08:32:42.473Z] Fee check: 0.0003 USDC accumulated (0.0003 USDC in escrow)
[2026-05-26T08:33:12.473Z] Fee check: 0.0003 USDC accumulated (0.0003 USDC in escrow)
[2026-05-26T08:33:42.466Z] Fee check: 0.0003 USDC accumulated (0.0003 USDC in escrow)
[2026-05-26T08:34:12.627Z] Fee check: 0.0003 USDC accumulated (0.0003 USDC in escrow)
[2026-05-26T08:34:42.508Z] Fee check: 0.0003 USDC accumulated (0.0003 USDC in escrow)
[2026-05-26T08:35:12.557Z] Fee check: 0.0003 USDC accumulated (0.0003 USDC in escrow)
[2026-05-26T08:35:42.565Z] Fee check: 0.0003 USDC accumulated (0.0003 USDC in escrow)
[2026-05-26T08:36:12.634Z] Fee check: 0.0003 USDC accumulated (0.0003 USDC in escrow)
[2026-05-26T08:36:42.608Z] Fee check: 0.0003 USDC accumulated (0.0003 USDC in escrow)
[2026-05-26T08:37:12.862Z] Fee check: 0.0003 USDC accumulated (0.0003 USDC in escrow)
[2026-05-26T08:37:42.622Z] Fee check: 0.0003 USDC accumulated (0.0003 USDC in escrow)
[2026-05-26T08:38:12.661Z] Fee check: 0.0003 USDC accumulated (0.0003 USDC in escrow)
[2026-05-26T08:38:42.680Z] Fee check: 0.0003 USDC accumulated (0.0003 USDC in escrow)
[2026-05-26T08:39:12.820Z] Fee check: 0.0003 USDC accumulated (0.0003 USDC in escrow)
[2026-05-26T08:39:42.847Z] Fee check: 0.0003 USDC accumulated (0.0003 USDC in escrow)
[2026-05-26T08:40:12.739Z] Fee check: 0.0003 USDC accumulated (0.0003 USDC in escrow)
[2026-05-26T08:40:42.781Z] Fee check: 0.0003 USDC accumulated (0.0003 USDC in escrow)
[2026-05-26T08:41:13.065Z] Fee check: 0.0003 USDC accumulated (0.0003 USDC in escrow)
[2026-05-26T08:41:42.815Z] Fee check: 0.0003 USDC accumulated (0.0003 USDC in escrow)
[2026-05-26T08:42:12.830Z] Fee check: 0.0003 USDC accumulated (0.0003 USDC in escrow)
[2026-05-26T08:42:42.844Z] Fee check: 0.0003 USDC accumulated (0.0003 USDC in escrow)
[2026-05-26T08:43:13.140Z] Fee check: 0.0003 USDC accumulated (0.0003 USDC in escrow)
[2026-05-26T08:43:42.912Z] Fee check: 0.0003 USDC accumulated (0.0003 USDC in escrow)
[2026-05-26T08:44:13.041Z] Fee check: 0.0003 USDC accumulated (0.0003 USDC in escrow)
[2026-05-26T08:44:43.226Z] Fee check: 0.0003 USDC accumulated (0.0003 USDC in escrow)
[2026-05-26T08:45:13.028Z] Fee check: 0.0003 USDC accumulated (0.0003 USDC in escrow)
[2026-05-26T08:45:43.008Z] Fee check: 0.0003 USDC accumulated (0.0003 USDC in escrow)
[2026-05-26T08:46:13.006Z] Fee check: 0.0003 USDC accumulated (0.0003 USDC in escrow)
[2026-05-26T08:46:43.021Z] Fee check: 0.0003 USDC accumulated (0.0003 USDC in escrow)
[2026-05-26T08:47:13.065Z] Fee check: 0.0003 USDC accumulated (0.0003 USDC in escrow)
[2026-05-26T08:47:43.055Z] Fee check: 0.0003 USDC accumulated (0.0003 USDC in escrow)
[2026-05-26T08:48:13.084Z] Fee check: 0.0003 USDC accumulated (0.0003 USDC in escrow)
[2026-05-26T08:48:43.105Z] Fee check: 0.0003 USDC accumulated (0.0003 USDC in escrow)
[2026-05-26T08:49:13.253Z] Fee check: 0.0003 USDC accumulated (0.0003 USDC in escrow)
[2026-05-26T08:49:43.263Z] Fee check: 0.0003 USDC accumulated (0.0003 USDC in escrow)
[2026-05-26T08:50:13.183Z] Fee check: 0.0003 USDC accumulated (0.0003 USDC in escrow)
[2026-05-26T08:50:43.524Z] Fee check: 0.0003 USDC accumulated (0.0003 USDC in escrow)
[2026-05-26T08:51:13.236Z] Fee check: 0.0003 USDC accumulated (0.0003 USDC in escrow)
[2026-05-26T08:51:43.240Z] Fee check: 0.0003 USDC accumulated (0.0003 USDC in escrow)
[2026-05-26T08:52:13.246Z] Fee check: 0.0003 USDC accumulated (0.0003 USDC in escrow)
[2026-05-26T08:52:43.266Z] Fee check: 0.0003 USDC accumulated (0.0003 USDC in escrow)
[2026-05-26T08:53:13.288Z] Fee check: 0.0003 USDC accumulated (0.0003 USDC in escrow)
[2026-05-26T08:53:43.348Z] Fee check: 0.0003 USDC accumulated (0.0003 USDC in escrow)
[2026-05-26T08:54:13.460Z] Fee check: 0.0003 USDC accumulated (0.0003 USDC in escrow)
[2026-05-26T08:54:43.668Z] Fee check: 0.0003 USDC accumulated (0.0003 USDC in escrow)
[2026-05-26T08:55:13.410Z] Fee check: 0.0003 USDC accumulated (0.0003 USDC in escrow)
[2026-05-26T08:55:43.414Z] Fee check: 0.0003 USDC accumulated (0.0003 USDC in escrow)
[2026-05-26T08:56:13.454Z] Fee check: 0.0003 USDC accumulated (0.0003 USDC in escrow)
[2026-05-26T08:56:43.440Z] Fee check: 0.0003 USDC accumulated (0.0003 USDC in escrow)
[2026-05-26T08:57:13.727Z] Fee check: 0.0003 USDC accumulated (0.0003 USDC in escrow)
[2026-05-26T08:57:43.481Z] Fee check: 0.0003 USDC accumulated (0.0003 USDC in escrow)
[2026-05-26T08:58:13.769Z] Fee check: 0.0003 USDC accumulated (0.0003 USDC in escrow)
[2026-05-26T08:58:43.552Z] Fee check: 0.0003 USDC accumulated (0.0003 USDC in escrow)
[2026-05-26T08:59:13.564Z] Fee check: 0.0003 USDC accumulated (0.0003 USDC in escrow)
[2026-05-26T08:59:44.094Z] Fee check: 0.0003 USDC accumulated (0.0003 USDC in escrow)
[2026-05-26T09:00:13.618Z] Fee check: 0.0003 USDC accumulated (0.0003 USDC in escrow)
[2026-05-26T09:00:43.625Z] Fee check: 0.0003 USDC accumulated (0.0003 USDC in escrow)
[2026-05-26T09:01:13.661Z] Fee check: 0.0003 USDC accumulated (0.0003 USDC in escrow)
[2026-05-26T09:01:43.674Z] Fee check: 0.0003 USDC accumulated (0.0003 USDC in escrow)
[2026-05-26T09:02:13.670Z] Fee check: 0.0003 USDC accumulated (0.0003 USDC in escrow)
[2026-05-26T09:02:43.709Z] Fee check: 0.0003 USDC accumulated (0.0003 USDC in escrow)
[2026-05-26T09:03:13.743Z] Fee check: 0.0003 USDC accumulated (0.0003 USDC in escrow)
[2026-05-26T09:03:43.767Z] Fee check: 0.0003 USDC accumulated (0.0003 USDC in escrow)
[2026-05-26T09:04:13.781Z] Fee check: 0.0003 USDC accumulated (0.0003 USDC in escrow)
[2026-05-26T09:04:43.935Z] Fee check: 0.0003 USDC accumulated (0.0003 USDC in escrow)
[2026-05-26T09:05:13.939Z] Fee check: 0.0003 USDC accumulated (0.0003 USDC in escrow)
[2026-05-26T09:05:43.840Z] Fee check: 0.0003 USDC accumulated (0.0003 USDC in escrow)
[2026-05-26T09:06:13.865Z] Fee check: 0.0003 USDC accumulated (0.0003 USDC in escrow)
[2026-05-26T09:06:43.886Z] Fee check: 0.0003 USDC accumulated (0.0003 USDC in escrow)
[2026-05-26T09:07:13.895Z] Fee check: 0.0003 USDC accumulated (0.0003 USDC in escrow)
[2026-05-26T09:07:43.925Z] Fee check: 0.0003 USDC accumulated (0.0003 USDC in escrow)
[2026-05-26T09:08:13.933Z] Fee check: 0.0003 USDC accumulated (0.0003 USDC in escrow)
[2026-05-26T09:08:43.974Z] Fee check: 0.0003 USDC accumulated (0.0003 USDC in escrow)
[2026-05-26T09:09:13.986Z] Fee check: 0.0003 USDC accumulated (0.0003 USDC in escrow)
[2026-05-26T09:09:44.150Z] Fee check: 0.0003 USDC accumulated (0.0003 USDC in escrow)
[2026-05-26T09:10:14.064Z] Fee check: 0.0003 USDC accumulated (0.0003 USDC in escrow)
[2026-05-26T09:10:44.053Z] Fee check: 0.0003 USDC accumulated (0.0003 USDC in escrow)
[2026-05-26T09:11:14.351Z] Fee check: 0.0003 USDC accumulated (0.0003 USDC in escrow)
[2026-05-26T09:11:44.125Z] Fee check: 0.0003 USDC accumulated (0.0003 USDC in escrow)
[2026-05-26T09:12:14.109Z] Fee check: 0.0003 USDC accumulated (0.0003 USDC in escrow)
[2026-05-26T09:12:44.130Z] Fee check: 0.0003 USDC accumulated (0.0003 USDC in escrow)
[2026-05-26T09:13:14.153Z] Fee check: 0.0003 USDC accumulated (0.0003 USDC in escrow)
[2026-05-26T09:13:44.178Z] Fee check: 0.0003 USDC accumulated (0.0003 USDC in escrow)
[2026-05-26T09:14:14.218Z] Fee check: 0.0003 USDC accumulated (0.0003 USDC in escrow)
[2026-05-26T09:14:44.351Z] Fee check: 0.0003 USDC accumulated (0.0003 USDC in escrow)
[2026-05-26T09:15:14.410Z] Fee check: 0.0003 USDC accumulated (0.0003 USDC in escrow)
[2026-05-26T09:15:44.271Z] Fee check: 0.0003 USDC accumulated (0.0003 USDC in escrow)
[2026-05-26T09:16:14.563Z] Fee check: 0.0003 USDC accumulated (0.0003 USDC in escrow)
[2026-05-26T09:16:44.337Z] Fee check: 0.0003 USDC accumulated (0.0003 USDC in escrow)
[2026-05-26T09:17:14.335Z] Fee check: 0.0003 USDC accumulated (0.0003 USDC in escrow)
[2026-05-26T09:17:44.344Z] Fee check: 0.0003 USDC accumulated (0.0003 USDC in escrow)
[2026-05-26T09:18:14.366Z] Fee check: 0.0003 USDC accumulated (0.0003 USDC in escrow)
[2026-05-26T09:18:44.668Z] Fee check: 0.0003 USDC accumulated (0.0003 USDC in escrow)
[2026-05-26T09:19:14.446Z] Fee check: 0.0003 USDC accumulated (0.0003 USDC in escrow)
[2026-05-26T09:19:44.592Z] Fee check: 0.0003 USDC accumulated (0.0003 USDC in escrow)
[2026-05-26T09:20:14.582Z] Fee check: 0.0003 USDC accumulated (0.0003 USDC in escrow)
[2026-05-26T09:20:44.491Z] Fee check: 0.0003 USDC accumulated (0.0003 USDC in escrow)
[2026-05-26T09:21:14.507Z] Fee check: 0.0003 USDC accumulated (0.0003 USDC in escrow)
[2026-05-26T09:21:44.536Z] Fee check: 0.0003 USDC accumulated (0.0003 USDC in escrow)
[2026-05-26T09:22:14.559Z] Fee check: 0.0003 USDC accumulated (0.0003 USDC in escrow)
[2026-05-26T09:22:44.584Z] Fee check: 0.0003 USDC accumulated (0.0003 USDC in escrow)
[2026-05-26T09:23:14.604Z] Fee check: 0.0003 USDC accumulated (0.0003 USDC in escrow)
[2026-05-26T09:23:44.615Z] Fee check: 0.0003 USDC accumulated (0.0003 USDC in escrow)
[2026-05-26T09:24:14.634Z] Fee check: 0.0003 USDC accumulated (0.0003 USDC in escrow)
[2026-05-26T09:24:44.785Z] Fee check: 0.0003 USDC accumulated (0.0003 USDC in escrow)
[2026-05-26T09:25:14.820Z] Fee check: 0.0003 USDC accumulated (0.0003 USDC in escrow)
[2026-05-26T09:25:44.706Z] Fee check: 0.0003 USDC accumulated (0.0003 USDC in escrow)
[2026-05-26T09:26:14.733Z] Fee check: 0.0003 USDC accumulated (0.0003 USDC in escrow)
[2026-05-26T09:26:44.743Z] Fee check: 0.0003 USDC accumulated (0.0003 USDC in escrow)
[2026-05-26T09:27:14.743Z] Fee check: 0.0003 USDC accumulated (0.0003 USDC in escrow)
[2026-05-26T09:27:44.785Z] Fee check: 0.0003 USDC accumulated (0.0003 USDC in escrow)
[2026-05-26T09:28:14.805Z] Fee check: 0.0003 USDC accumulated (0.0003 USDC in escrow)
[2026-05-26T09:28:44.841Z] Fee check: 0.0003 USDC accumulated (0.0003 USDC in escrow)
[2026-05-26T09:29:14.871Z] Fee check: 0.0003 USDC accumulated (0.0003 USDC in escrow)
[2026-05-26T09:29:45.038Z] Fee check: 0.0003 USDC accumulated (0.0003 USDC in escrow)
[2026-05-26T09:30:15.132Z] Fee check: 0.0003 USDC accumulated (0.0003 USDC in escrow)
[2026-05-26T09:30:44.933Z] Fee check: 0.0003 USDC accumulated (0.0003 USDC in escrow)
[2026-05-26T09:31:14.951Z] Fee check: 0.0003 USDC accumulated (0.0003 USDC in escrow)
[2026-05-26T09:31:44.961Z] Fee check: 0.0003 USDC accumulated (0.0003 USDC in escrow)
[2026-05-26T09:32:14.967Z] Fee check: 0.0003 USDC accumulated (0.0003 USDC in escrow)
[2026-05-26T09:32:45.017Z] Fee check: 0.0003 USDC accumulated (0.0003 USDC in escrow)
[2026-05-26T09:33:15.012Z] Fee check: 0.0003 USDC accumulated (0.0003 USDC in escrow)
[2026-05-26T09:33:45.061Z] Fee check: 0.0003 USDC accumulated (0.0003 USDC in escrow)
[2026-05-26T09:34:15.059Z] Fee check: 0.0003 USDC accumulated (0.0003 USDC in escrow)
[2026-05-26T09:34:45.215Z] Fee check: 0.0003 USDC accumulated (0.0003 USDC in escrow)
[2026-05-26T09:35:15.135Z] Fee check: 0.0003 USDC accumulated (0.0003 USDC in escrow)
[2026-05-26T09:35:45.167Z] Fee check: 0.0003 USDC accumulated (0.0003 USDC in escrow)
[2026-05-26T09:36:15.166Z] Fee check: 0.0003 USDC accumulated (0.0003 USDC in escrow)
[2026-05-26T09:36:45.188Z] Fee check: 0.0003 USDC accumulated (0.0003 USDC in escrow)
[2026-05-26T09:37:15.173Z] Fee check: 0.0003 USDC accumulated (0.0003 USDC in escrow)
[2026-05-26T09:37:45.461Z] Fee check: 0.0003 USDC accumulated (0.0003 USDC in escrow)
[2026-05-26T09:38:15.239Z] Fee check: 0.0003 USDC accumulated (0.0003 USDC in escrow)
[2026-05-26T09:38:45.268Z] Fee check: 0.0003 USDC accumulated (0.0003 USDC in escrow)
[2026-05-26T09:39:15.311Z] Fee check: 0.0003 USDC accumulated (0.0003 USDC in escrow)
[2026-05-26T09:39:45.414Z] Fee check: 0.0003 USDC accumulated (0.0003 USDC in escrow)
[2026-05-26T09:40:15.461Z] Fee check: 0.0003 USDC accumulated (0.0003 USDC in escrow)
[2026-05-26T09:40:45.381Z] Fee check: 0.0003 USDC accumulated (0.0003 USDC in escrow)
[2026-05-26T09:41:15.379Z] Fee check: 0.0003 USDC accumulated (0.0003 USDC in escrow)
[2026-05-26T09:41:45.383Z] Fee check: 0.0003 USDC accumulated (0.0003 USDC in escrow)
[2026-05-26T09:42:15.390Z] Fee check: 0.0003 USDC accumulated (0.0003 USDC in escrow)
[2026-05-26T09:42:45.439Z] Fee check: 0.0003 USDC accumulated (0.0003 USDC in escrow)
[2026-05-26T09:43:15.448Z] Fee check: 0.0003 USDC accumulated (0.0003 USDC in escrow)
[2026-05-26T09:43:45.487Z] Fee check: 0.0003 USDC accumulated (0.0003 USDC in escrow)
[2026-05-26T09:44:15.495Z] Fee check: 0.0003 USDC accumulated (0.0003 USDC in escrow)
[2026-05-26T09:44:45.648Z] Fee check: 0.0003 USDC accumulated (0.0003 USDC in escrow)
[2026-05-26T09:45:15.683Z] Fee check: 0.0003 USDC accumulated (0.0003 USDC in escrow)
[2026-05-26T09:45:45.578Z] Fee check: 0.0003 USDC accumulated (0.0003 USDC in escrow)
[2026-05-26T09:46:15.846Z] Fee check: 0.0003 USDC accumulated (0.0003 USDC in escrow)
[2026-05-26T09:46:45.625Z] Fee check: 0.0003 USDC accumulated (0.0003 USDC in escrow)
[2026-05-26T09:47:15.623Z] Fee check: 0.0003 USDC accumulated (0.0003 USDC in escrow)
[2026-05-26T09:47:45.644Z] Fee check: 0.0003 USDC accumulated (0.0003 USDC in escrow)
[2026-05-26T09:48:15.956Z] Fee check: 0.0003 USDC accumulated (0.0003 USDC in escrow)
[2026-05-26T09:48:45.709Z] Fee check: 0.0003 USDC accumulated (0.0003 USDC in escrow)
[2026-05-26T09:49:15.723Z] Fee check: 0.0003 USDC accumulated (0.0003 USDC in escrow)
[2026-05-26T09:49:45.868Z] Fee check: 0.0003 USDC accumulated (0.0003 USDC in escrow)
[2026-05-26T09:50:15.883Z] Fee check: 0.0003 USDC accumulated (0.0003 USDC in escrow)
[2026-05-26T09:50:45.790Z] Fee check: 0.0003 USDC accumulated (0.0003 USDC in escrow)
[2026-05-26T09:51:15.813Z] Fee check: 0.0003 USDC accumulated (0.0003 USDC in escrow)
[2026-05-26T09:51:46.091Z] Fee check: 0.0003 USDC accumulated (0.0003 USDC in escrow)
[2026-05-26T09:52:15.833Z] Fee check: 0.0003 USDC accumulated (0.0003 USDC in escrow)
[2026-05-26T09:52:45.847Z] Fee check: 0.0003 USDC accumulated (0.0003 USDC in escrow)
[2026-05-26T09:53:15.885Z] Fee check: 0.0003 USDC accumulated (0.0003 USDC in escrow)
[2026-05-26T09:53:45.891Z] Fee check: 0.0003 USDC accumulated (0.0003 USDC in escrow)
[2026-05-26T09:54:15.939Z] Fee check: 0.0003 USDC accumulated (0.0003 USDC in escrow)
[2026-05-26T09:54:46.092Z] Fee check: 0.0003 USDC accumulated (0.0003 USDC in escrow)
[2026-05-26T09:55:16.226Z] Fee check: 0.0003 USDC accumulated (0.0003 USDC in escrow)
[2026-05-26T09:55:46.008Z] Fee check: 0.0003 USDC accumulated (0.0003 USDC in escrow)
[2026-05-26T09:56:16.020Z] Fee check: 0.0003 USDC accumulated (0.0003 USDC in escrow)
[2026-05-26T09:56:46.044Z] Fee check: 0.0003 USDC accumulated (0.0003 USDC in escrow)
[2026-05-26T09:57:16.131Z] Fee check: 0.0003 USDC accumulated (0.0003 USDC in escrow)
[2026-05-26T09:57:46.090Z] Fee check: 0.0003 USDC accumulated (0.0003 USDC in escrow)
[2026-05-26T09:58:16.098Z] Fee check: 0.0003 USDC accumulated (0.0003 USDC in escrow)
[2026-05-26T09:58:46.372Z] Fee check: 0.0003 USDC accumulated (0.0003 USDC in escrow)
[2026-05-26T09:59:16.138Z] Fee check: 0.0003 USDC accumulated (0.0003 USDC in escrow)
[2026-05-26T09:59:46.287Z] Fee check: 0.0003 USDC accumulated (0.0003 USDC in escrow)
[2026-05-26T10:00:16.786Z] Fee check: 0.0003 USDC accumulated (0.0003 USDC in escrow)
[2026-05-26T10:00:46.222Z] Fee check: 0.0003 USDC accumulated (0.0003 USDC in escrow)
[2026-05-26T10:01:16.262Z] Fee check: 0.0003 USDC accumulated (0.0003 USDC in escrow)
[2026-05-26T10:01:46.271Z] Fee check: 0.0003 USDC accumulated (0.0003 USDC in escrow)
[2026-05-26T10:02:16.260Z] Fee check: 0.0003 USDC accumulated (0.0003 USDC in escrow)
[2026-05-26T10:02:46.301Z] Fee check: 0.0003 USDC accumulated (0.0003 USDC in escrow)
[2026-05-26T10:03:16.316Z] Fee check: 0.0003 USDC accumulated (0.0003 USDC in escrow)
[2026-05-26T10:03:46.335Z] Fee check: 0.0003 USDC accumulated (0.0003 USDC in escrow)
[2026-05-26T10:04:16.368Z] Fee check: 0.0003 USDC accumulated (0.0003 USDC in escrow)
[2026-05-26T10:04:46.508Z] Fee check: 0.0003 USDC accumulated (0.0003 USDC in escrow)
[2026-05-26T10:05:17.033Z] Fee check: 0.0003 USDC accumulated (0.0003 USDC in escrow)
[2026-05-26T10:05:46.434Z] Fee check: 0.0003 USDC accumulated (0.0003 USDC in escrow)
[2026-05-26T10:06:16.449Z] Fee check: 0.0003 USDC accumulated (0.0003 USDC in escrow)
[2026-05-26T10:06:46.470Z] Fee check: 0.0003 USDC accumulated (0.0003 USDC in escrow)
[2026-05-26T10:07:16.480Z] Fee check: 0.0003 USDC accumulated (0.0003 USDC in escrow)
[2026-05-26T10:07:46.503Z] Fee check: 0.0003 USDC accumulated (0.0003 USDC in escrow)
[2026-05-26T10:08:16.543Z] Fee check: 0.0003 USDC accumulated (0.0003 USDC in escrow)
[2026-05-26T10:08:46.552Z] Fee check: 0.0003 USDC accumulated (0.0003 USDC in escrow)
[2026-05-26T10:09:16.578Z] Fee check: 0.0003 USDC accumulated (0.0003 USDC in escrow)
[2026-05-26T10:09:46.871Z] Fee check: 0.0003 USDC accumulated (0.0003 USDC in escrow)
[2026-05-26T10:10:16.775Z] Fee check: 0.0003 USDC accumulated (0.0003 USDC in escrow)
[2026-05-26T10:10:46.906Z] Fee check: 0.0003 USDC accumulated (0.0003 USDC in escrow)
[2026-05-26T10:11:16.682Z] Fee check: 0.0003 USDC accumulated (0.0003 USDC in escrow)
[2026-05-26T10:11:46.690Z] Fee check: 0.0003 USDC accumulated (0.0003 USDC in escrow)
[2026-05-26T10:12:16.707Z] Fee check: 0.0003 USDC accumulated (0.0003 USDC in escrow)
[2026-05-26T10:12:46.725Z] Fee check: 0.0003 USDC accumulated (0.0003 USDC in escrow)
[2026-05-26T10:13:16.998Z] Fee check: 0.0003 USDC accumulated (0.0003 USDC in escrow)
[2026-05-26T10:13:46.777Z] Fee check: 0.0003 USDC accumulated (0.0003 USDC in escrow)
[2026-05-26T10:14:16.793Z] Fee check: 0.0003 USDC accumulated (0.0003 USDC in escrow)
[2026-05-26T10:14:46.941Z] Fee check: 0.0003 USDC accumulated (0.0003 USDC in escrow)
[2026-05-26T10:15:16.955Z] Fee check: 0.0003 USDC accumulated (0.0003 USDC in escrow)
[2026-05-26T10:15:46.876Z] Fee check: 0.0003 USDC accumulated (0.0003 USDC in escrow)
[2026-05-26T10:16:16.893Z] Fee check: 0.0003 USDC accumulated (0.0003 USDC in escrow)
[2026-05-26T10:16:46.917Z] Fee check: 0.0003 USDC accumulated (0.0003 USDC in escrow)
[2026-05-26T10:17:17.198Z] Fee check: 0.0003 USDC accumulated (0.0003 USDC in escrow)
[2026-05-26T10:17:46.942Z] Fee check: 0.0003 USDC accumulated (0.0003 USDC in escrow)
[2026-05-26T10:18:16.962Z] Fee check: 0.0003 USDC accumulated (0.0003 USDC in escrow)
[2026-05-26T10:18:47.037Z] Fee check: 0.0003 USDC accumulated (0.0003 USDC in escrow)
[2026-05-26T10:19:17.279Z] Fee check: 0.0003 USDC accumulated (0.0003 USDC in escrow)
[2026-05-26T10:19:47.168Z] Fee check: 0.0003 USDC accumulated (0.0003 USDC in escrow)
[2026-05-26T10:20:17.060Z] Fee check: 0.0003 USDC accumulated (0.0003 USDC in escrow)
[2026-05-26T10:20:47.078Z] Fee check: 0.0003 USDC accumulated (0.0003 USDC in escrow)
[2026-05-26T10:21:17.115Z] Fee check: 0.0003 USDC accumulated (0.0003 USDC in escrow)
[2026-05-26T10:21:47.134Z] Fee check: 0.0003 USDC accumulated (0.0003 USDC in escrow)
[2026-05-26T10:22:17.108Z] Fee check: 0.0003 USDC accumulated (0.0003 USDC in escrow)
[2026-05-26T10:22:47.147Z] Fee check: 0.0003 USDC accumulated (0.0003 USDC in escrow)
[2026-05-26T10:23:17.454Z] Fee check: 0.0003 USDC accumulated (0.0003 USDC in escrow)
[2026-05-26T10:23:47.224Z] Fee check: 0.0003 USDC accumulated (0.0003 USDC in escrow)
[2026-05-26T10:24:17.218Z] Fee check: 0.0003 USDC accumulated (0.0003 USDC in escrow)
[2026-05-26T10:24:47.367Z] Fee check: 0.0003 USDC accumulated (0.0003 USDC in escrow)
[2026-05-26T10:25:17.406Z] Fee check: 0.0003 USDC accumulated (0.0003 USDC in escrow)
[2026-05-26T10:25:47.292Z] Fee check: 0.0003 USDC accumulated (0.0003 USDC in escrow)
[2026-05-26T10:26:17.326Z] Fee check: 0.0003 USDC accumulated (0.0003 USDC in escrow)
[2026-05-26T10:26:47.347Z] Fee check: 0.0003 USDC accumulated (0.0003 USDC in escrow)
[2026-05-26T10:27:17.348Z] Fee check: 0.0003 USDC accumulated (0.0003 USDC in escrow)
[2026-05-26T10:27:47.368Z] Fee check: 0.0003 USDC accumulated (0.0003 USDC in escrow)
[2026-05-26T10:28:17.391Z] Fee check: 0.0003 USDC accumulated (0.0003 USDC in escrow)
[2026-05-26T10:28:47.670Z] Fee check: 0.0003 USDC accumulated (0.0003 USDC in escrow)
[2026-05-26T10:29:17.442Z] Fee check: 0.0003 USDC accumulated (0.0003 USDC in escrow)
[2026-05-26T10:29:47.840Z] Fee check: 0.0003 USDC accumulated (0.0003 USDC in escrow)
[2026-05-26T10:30:17.622Z] Fee check: 0.0003 USDC accumulated (0.0003 USDC in escrow)
[2026-05-26T10:30:47.500Z] Fee check: 0.0003 USDC accumulated (0.0003 USDC in escrow)
[2026-05-26T10:31:17.545Z] Fee check: 0.0003 USDC accumulated (0.0003 USDC in escrow)
[2026-05-26T10:31:47.541Z] Fee check: 0.0003 USDC accumulated (0.0003 USDC in escrow)
[2026-05-26T10:32:17.568Z] Fee check: 0.0003 USDC accumulated (0.0003 USDC in escrow)
[2026-05-26T10:32:47.588Z] Fee check: 0.0003 USDC accumulated (0.0003 USDC in escrow)
[2026-05-26T10:33:17.863Z] Fee check: 0.0003 USDC accumulated (0.0003 USDC in escrow)
[2026-05-26T10:33:47.629Z] Fee check: 0.0003 USDC accumulated (0.0003 USDC in escrow)
[2026-05-26T10:34:17.650Z] Fee check: 0.0003 USDC accumulated (0.0003 USDC in escrow)
[2026-05-26T10:34:47.818Z] Fee check: 0.0003 USDC accumulated (0.0003 USDC in escrow)
[2026-05-26T10:35:18.078Z] Fee check: 0.0003 USDC accumulated (0.0003 USDC in escrow)
[2026-05-26T10:35:47.737Z] Fee check: 0.0003 USDC accumulated (0.0003 USDC in escrow)
[2026-05-26T10:36:17.751Z] Fee check: 0.0003 USDC accumulated (0.0003 USDC in escrow)
[2026-05-26T10:36:48.045Z] Fee check: 0.0003 USDC accumulated (0.0003 USDC in escrow)
[2026-05-26T10:37:18.038Z] Fee check: 0.0003 USDC accumulated (0.0003 USDC in escrow)
[2026-05-26T10:37:47.794Z] Fee check: 0.0003 USDC accumulated (0.0003 USDC in escrow)
[2026-05-26T10:38:17.866Z] Fee check: 0.0003 USDC accumulated (0.0003 USDC in escrow)
[2026-05-26T10:38:47.834Z] Fee check: 0.0003 USDC accumulated (0.0003 USDC in escrow)
[2026-05-26T10:39:17.866Z] Fee check: 0.0003 USDC accumulated (0.0003 USDC in escrow)
[2026-05-26T10:39:48.017Z] Fee check: 0.0003 USDC accumulated (0.0003 USDC in escrow)
[2026-05-26T10:40:18.053Z] Fee check: 0.0003 USDC accumulated (0.0003 USDC in escrow)
[2026-05-26T10:40:48.206Z] Fee check: 0.0003 USDC accumulated (0.0003 USDC in escrow)
[2026-05-26T10:41:17.971Z] Fee check: 0.0003 USDC accumulated (0.0003 USDC in escrow)
[2026-05-26T10:41:47.988Z] Fee check: 0.0003 USDC accumulated (0.0003 USDC in escrow)
[2026-05-26T10:42:17.989Z] Fee check: 0.0003 USDC accumulated (0.0003 USDC in escrow)
[2026-05-26T10:42:47.998Z] Fee check: 0.0003 USDC accumulated (0.0003 USDC in escrow)
[2026-05-26T10:43:18.038Z] Fee check: 0.0003 USDC accumulated (0.0003 USDC in escrow)
[2026-05-26T10:43:48.319Z] Fee check: 0.0003 USDC accumulated (0.0003 USDC in escrow)
[2026-05-26T10:44:18.145Z] Fee check: 0.0003 USDC accumulated (0.0003 USDC in escrow)
[2026-05-26T10:44:48.274Z] Fee check: 0.0003 USDC accumulated (0.0003 USDC in escrow)
[2026-05-26T10:45:18.121Z] Fee check: 0.0003 USDC accumulated (0.0003 USDC in escrow)
[2026-05-26T10:45:48.161Z] Fee check: 0.0003 USDC accumulated (0.0003 USDC in escrow)
[2026-05-26T10:46:18.200Z] Fee check: 0.0003 USDC accumulated (0.0003 USDC in escrow)
[2026-05-26T10:46:48.205Z] Fee check: 0.0003 USDC accumulated (0.0003 USDC in escrow)
[2026-05-26T10:47:18.482Z] Fee check: 0.0003 USDC accumulated (0.0003 USDC in escrow)
[2026-05-26T10:47:48.264Z] Fee check: 0.0003 USDC accumulated (0.0003 USDC in escrow)
[2026-05-26T10:48:18.244Z] Fee check: 0.0003 USDC accumulated (0.0003 USDC in escrow)
[2026-05-26T10:48:48.288Z] Fee check: 0.0003 USDC accumulated (0.0003 USDC in escrow)
[2026-05-26T10:49:18.314Z] Fee check: 0.0003 USDC accumulated (0.0003 USDC in escrow)
[2026-05-26T10:49:48.713Z] Fee check: 0.0003 USDC accumulated (0.0003 USDC in escrow)
[2026-05-26T10:50:18.480Z] Fee check: 0.0003 USDC accumulated (0.0003 USDC in escrow)
[2026-05-26T10:50:48.365Z] Fee check: 0.0003 USDC accumulated (0.0003 USDC in escrow)
[2026-05-26T10:51:18.390Z] Fee check: 0.0003 USDC accumulated (0.0003 USDC in escrow)
[2026-05-26T10:51:48.413Z] Fee check: 0.0003 USDC accumulated (0.0003 USDC in escrow)
[2026-05-26T10:52:18.420Z] Fee check: 0.0003 USDC accumulated (0.0003 USDC in escrow)
[2026-05-26T10:52:48.444Z] Fee check: 0.0003 USDC accumulated (0.0003 USDC in escrow)
[2026-05-26T10:53:18.461Z] Fee check: 0.0003 USDC accumulated (0.0003 USDC in escrow)
[2026-05-26T10:53:48.498Z] Fee check: 0.0003 USDC accumulated (0.0003 USDC in escrow)
[2026-05-26T10:54:18.561Z] Fee check: 0.0003 USDC accumulated (0.0003 USDC in escrow)
[2026-05-26T10:54:48.684Z] Fee check: 0.0003 USDC accumulated (0.0003 USDC in escrow)
[2026-05-26T10:55:18.935Z] Fee check: 0.0003 USDC accumulated (0.0003 USDC in escrow)
[2026-05-26T10:55:48.587Z] Fee check: 0.0003 USDC accumulated (0.0003 USDC in escrow)
[2026-05-26T10:56:18.620Z] Fee check: 0.0003 USDC accumulated (0.0003 USDC in escrow)
[2026-05-26T10:56:48.603Z] Fee check: 0.0003 USDC accumulated (0.0003 USDC in escrow)
[2026-05-26T10:57:18.605Z] Fee check: 0.0003 USDC accumulated (0.0003 USDC in escrow)
[2026-05-26T10:57:48.633Z] Fee check: 0.0003 USDC accumulated (0.0003 USDC in escrow)
[2026-05-26T10:58:18.676Z] Fee check: 0.0003 USDC accumulated (0.0003 USDC in escrow)
[2026-05-26T10:58:49.084Z] Fee check: 0.0003 USDC accumulated (0.0003 USDC in escrow)
[2026-05-26T10:59:18.711Z] Fee check: 0.0003 USDC accumulated (0.0003 USDC in escrow)
[2026-05-26T10:59:48.867Z] Fee check: 0.0003 USDC accumulated (0.0003 USDC in escrow)
[2026-05-26T11:00:18.907Z] Fee check: 0.0003 USDC accumulated (0.0003 USDC in escrow)
[2026-05-26T11:00:48.788Z] Fee check: 0.0003 USDC accumulated (0.0003 USDC in escrow)
[2026-05-26T11:01:18.808Z] Fee check: 0.0003 USDC accumulated (0.0003 USDC in escrow)
[2026-05-26T11:01:48.827Z] Fee check: 0.0003 USDC accumulated (0.0003 USDC in escrow)
[2026-05-26T11:02:19.108Z] Fee check: 0.0003 USDC accumulated (0.0003 USDC in escrow)
[2026-05-26T11:02:48.871Z] Fee check: 0.0003 USDC accumulated (0.0003 USDC in escrow)
[2026-05-26T11:03:19.134Z] Fee check: 0.0003 USDC accumulated (0.0003 USDC in escrow)
[2026-05-26T11:03:48.901Z] Fee check: 0.0003 USDC accumulated (0.0003 USDC in escrow)
[2026-05-26T11:04:19.246Z] Fee check: 0.0003 USDC accumulated (0.0003 USDC in escrow)
[2026-05-26T11:04:49.100Z] Fee check: 0.0003 USDC accumulated (0.0003 USDC in escrow)
[2026-05-26T11:05:19.232Z] Fee check: 0.0003 USDC accumulated (0.0003 USDC in escrow)
[2026-05-26T11:05:49.048Z] Fee check: 0.0003 USDC accumulated (0.0003 USDC in escrow)
[2026-05-26T11:06:19.302Z] Fee check: 0.0003 USDC accumulated (0.0003 USDC in escrow)
[2026-05-26T11:06:49.037Z] Fee check: 0.0003 USDC accumulated (0.0003 USDC in escrow)
[2026-05-26T11:07:19.058Z] Fee check: 0.0003 USDC accumulated (0.0003 USDC in escrow)
[2026-05-26T11:07:49.332Z] Fee check: 0.0003 USDC accumulated (0.0003 USDC in escrow)
[2026-05-26T11:08:19.111Z] Fee check: 0.0003 USDC accumulated (0.0003 USDC in escrow)
[2026-05-26T11:08:49.108Z] Fee check: 0.0003 USDC accumulated (0.0003 USDC in escrow)
[2026-05-26T11:09:19.401Z] Fee check: 0.0003 USDC accumulated (0.0003 USDC in escrow)
[2026-05-26T11:09:49.545Z] Fee check: 0.0003 USDC accumulated (0.0003 USDC in escrow)
[2026-05-26T11:10:19.314Z] Fee check: 0.0003 USDC accumulated (0.0003 USDC in escrow)
[2026-05-26T11:10:49.696Z] Fee check: 0.0003 USDC accumulated (0.0003 USDC in escrow)
[2026-05-26T11:11:19.494Z] Fee check: 0.0003 USDC accumulated (0.0003 USDC in escrow)
[2026-05-26T11:11:49.268Z] Fee check: 0.0003 USDC accumulated (0.0003 USDC in escrow)
[2026-05-26T11:12:19.262Z] Fee check: 0.0003 USDC accumulated (0.0003 USDC in escrow)
[2026-05-26T11:12:49.287Z] Fee check: 0.0003 USDC accumulated (0.0003 USDC in escrow)
[2026-05-26T11:13:19.304Z] Fee check: 0.0003 USDC accumulated (0.0003 USDC in escrow)
[2026-05-26T11:13:49.328Z] Fee check: 0.0003 USDC accumulated (0.0003 USDC in escrow)
[2026-05-26T11:14:19.365Z] Fee check: 0.0003 USDC accumulated (0.0003 USDC in escrow)
[2026-05-26T11:14:49.497Z] Fee check: 0.0003 USDC accumulated (0.0003 USDC in escrow)
[2026-05-26T11:15:19.795Z] Fee check: 0.0003 USDC accumulated (0.0003 USDC in escrow)
[2026-05-26T11:15:49.442Z] Fee check: 0.0003 USDC accumulated (0.0003 USDC in escrow)
[2026-05-26T11:16:19.445Z] Fee check: 0.0003 USDC accumulated (0.0003 USDC in escrow)
[2026-05-26T11:16:49.525Z] Fee check: 0.0003 USDC accumulated (0.0003 USDC in escrow)
[2026-05-26T11:17:19.461Z] Fee check: 0.0003 USDC accumulated (0.0003 USDC in escrow)
[2026-05-26T11:17:49.490Z] Fee check: 0.0003 USDC accumulated (0.0003 USDC in escrow)
[2026-05-26T11:18:19.543Z] Fee check: 0.0003 USDC accumulated (0.0003 USDC in escrow)
[2026-05-26T11:18:49.550Z] Fee check: 0.0003 USDC accumulated (0.0003 USDC in escrow)
[2026-05-26T11:19:19.567Z] Fee check: 0.0003 USDC accumulated (0.0003 USDC in escrow)
[2026-05-26T11:19:49.723Z] Fee check: 0.0003 USDC accumulated (0.0003 USDC in escrow)
[2026-05-26T11:20:20.007Z] Fee check: 0.0003 USDC accumulated (0.0003 USDC in escrow)
[2026-05-26T11:20:49.655Z] Fee check: 0.0003 USDC accumulated (0.0003 USDC in escrow)
[2026-05-26T11:21:19.658Z] Fee check: 0.0003 USDC accumulated (0.0003 USDC in escrow)
[2026-05-26T11:21:49.684Z] Fee check: 0.0003 USDC accumulated (0.0003 USDC in escrow)
[2026-05-26T11:22:19.695Z] Fee check: 0.0003 USDC accumulated (0.0003 USDC in escrow)
[2026-05-26T11:22:49.712Z] Fee check: 0.0003 USDC accumulated (0.0003 USDC in escrow)
[2026-05-26T11:23:19.722Z] Fee check: 0.0003 USDC accumulated (0.0003 USDC in escrow)
[2026-05-26T11:23:50.012Z] Fee check: 0.0003 USDC accumulated (0.0003 USDC in escrow)
[2026-05-26T11:24:19.776Z] Fee check: 0.0003 USDC accumulated (0.0003 USDC in escrow)
[2026-05-26T11:24:50.203Z] Fee check: 0.0003 USDC accumulated (0.0003 USDC in escrow)
[2026-05-26T11:25:19.964Z] Fee check: 0.0003 USDC accumulated (0.0003 USDC in escrow)
[2026-05-26T11:25:49.851Z] Fee check: 0.0003 USDC accumulated (0.0003 USDC in escrow)
[2026-05-26T11:26:19.877Z] Fee check: 0.0003 USDC accumulated (0.0003 USDC in escrow)
[2026-05-26T11:26:50.173Z] Fee check: 0.0003 USDC accumulated (0.0003 USDC in escrow)
[2026-05-26T11:27:19.909Z] Fee check: 0.0003 USDC accumulated (0.0003 USDC in escrow)
[2026-05-26T11:27:49.944Z] Fee check: 0.0003 USDC accumulated (0.0003 USDC in escrow)
[2026-05-26T11:28:19.953Z] Fee check: 0.0003 USDC accumulated (0.0003 USDC in escrow)
[2026-05-26T11:28:50.234Z] Fee check: 0.0003 USDC accumulated (0.0003 USDC in escrow)
[2026-05-26T11:29:19.999Z] Fee check: 0.0003 USDC accumulated (0.0003 USDC in escrow)
[2026-05-26T11:29:50.150Z] Fee check: 0.0003 USDC accumulated (0.0003 USDC in escrow)
[2026-05-26T11:30:20.042Z] Fee check: 0.0003 USDC accumulated (0.0003 USDC in escrow)
[2026-05-26T11:30:50.060Z] Fee check: 0.0003 USDC accumulated (0.0003 USDC in escrow)
[2026-05-26T11:31:20.093Z] Fee check: 0.0003 USDC accumulated (0.0003 USDC in escrow)
[2026-05-26T11:31:50.110Z] Fee check: 0.0003 USDC accumulated (0.0003 USDC in escrow)
[2026-05-26T11:32:20.180Z] Fee check: 0.0003 USDC accumulated (0.0003 USDC in escrow)
[2026-05-26T11:32:50.137Z] Fee check: 0.0003 USDC accumulated (0.0003 USDC in escrow)
[2026-05-26T11:33:20.417Z] Fee check: 0.0003 USDC accumulated (0.0003 USDC in escrow)
[2026-05-26T11:33:50.205Z] Fee check: 0.0003 USDC accumulated (0.0003 USDC in escrow)
[2026-05-26T11:34:20.218Z] Fee check: 0.0003 USDC accumulated (0.0003 USDC in escrow)
[2026-05-26T11:34:50.628Z] Fee check: 0.0003 USDC accumulated (0.0003 USDC in escrow)
[2026-05-26T11:35:20.390Z] Fee check: 0.0003 USDC accumulated (0.0003 USDC in escrow)
[2026-05-26T11:35:50.297Z] Fee check: 0.0003 USDC accumulated (0.0003 USDC in escrow)
[2026-05-26T11:36:20.310Z] Fee check: 0.0003 USDC accumulated (0.0003 USDC in escrow)
[2026-05-26T11:36:50.340Z] Fee check: 0.0003 USDC accumulated (0.0003 USDC in escrow)
[2026-05-26T11:37:20.335Z] Fee check: 0.0003 USDC accumulated (0.0003 USDC in escrow)
[2026-05-26T11:37:50.642Z] Fee check: 0.0003 USDC accumulated (0.0003 USDC in escrow)
[2026-05-26T11:38:20.640Z] Fee check: 0.0003 USDC accumulated (0.0003 USDC in escrow)
[2026-05-26T11:38:50.414Z] Fee check: 0.0003 USDC accumulated (0.0003 USDC in escrow)
[2026-05-26T11:39:20.422Z] Fee check: 0.0003 USDC accumulated (0.0003 USDC in escrow)
[2026-05-26T11:39:50.572Z] Fee check: 0.0003 USDC accumulated (0.0003 USDC in escrow)
[2026-05-26T11:40:20.857Z] Fee check: 0.0003 USDC accumulated (0.0003 USDC in escrow)
[2026-05-26T11:40:50.754Z] Fee check: 0.0003 USDC accumulated (0.0003 USDC in escrow)
[2026-05-26T11:41:20.519Z] Fee check: 0.0003 USDC accumulated (0.0003 USDC in escrow)
[2026-05-26T11:41:50.550Z] Fee check: 0.0003 USDC accumulated (0.0003 USDC in escrow)
[2026-05-26T11:42:20.814Z] Fee check: 0.0003 USDC accumulated (0.0003 USDC in escrow)
[2026-05-26T11:42:50.566Z] Fee check: 0.0003 USDC accumulated (0.0003 USDC in escrow)
[2026-05-26T11:43:20.593Z] Fee check: 0.0003 USDC accumulated (0.0003 USDC in escrow)
[2026-05-26T11:43:50.635Z] Fee check: 0.0003 USDC accumulated (0.0003 USDC in escrow)
[2026-05-26T11:44:20.897Z] Fee check: 0.0003 USDC accumulated (0.0003 USDC in escrow)
[2026-05-26T11:44:50.792Z] Fee check: 0.0003 USDC accumulated (0.0003 USDC in escrow)
[2026-05-26T11:45:21.088Z] Fee check: 0.0003 USDC accumulated (0.0003 USDC in escrow)
[2026-05-26T11:45:50.976Z] Fee check: 0.0003 USDC accumulated (0.0003 USDC in escrow)
[2026-05-26T11:46:20.737Z] Fee check: 0.0003 USDC accumulated (0.0003 USDC in escrow)
[2026-05-26T11:46:50.767Z] Fee check: 0.0003 USDC accumulated (0.0003 USDC in escrow)
[2026-05-26T11:47:21.017Z] Fee check: 0.0003 USDC accumulated (0.0003 USDC in escrow)
[2026-05-26T11:47:50.783Z] Fee check: 0.0003 USDC accumulated (0.0003 USDC in escrow)
[2026-05-26T11:48:20.819Z] Fee check: 0.0003 USDC accumulated (0.0003 USDC in escrow)
[2026-05-26T11:48:50.869Z] Fee check: 0.0003 USDC accumulated (0.0003 USDC in escrow)
[2026-05-26T11:49:20.856Z] Fee check: 0.0003 USDC accumulated (0.0003 USDC in escrow)
[2026-05-26T11:49:51.010Z] Fee check: 0.0003 USDC accumulated (0.0003 USDC in escrow)
[2026-05-26T11:50:21.339Z] Fee check: 0.0003 USDC accumulated (0.0003 USDC in escrow)
[2026-05-26T11:50:51.014Z] Fee check: 0.0003 USDC accumulated (0.0003 USDC in escrow)
[2026-05-26T11:51:20.956Z] Fee check: 0.0003 USDC accumulated (0.0003 USDC in escrow)
[2026-05-26T11:51:51.243Z] Fee check: 0.0003 USDC accumulated (0.0003 USDC in escrow)
[2026-05-26T11:52:21.271Z] Fee check: 0.0003 USDC accumulated (0.0003 USDC in escrow)
[2026-05-26T11:52:51.019Z] Fee check: 0.0003 USDC accumulated (0.0003 USDC in escrow)
[2026-05-26T11:53:21.026Z] Fee check: 0.0003 USDC accumulated (0.0003 USDC in escrow)
[2026-05-26T11:53:51.080Z] Fee check: 0.0003 USDC accumulated (0.0003 USDC in escrow)
[2026-05-26T11:54:21.084Z] Fee check: 0.0003 USDC accumulated (0.0003 USDC in escrow)
[2026-05-26T11:54:51.242Z] Fee check: 0.0003 USDC accumulated (0.0003 USDC in escrow)
[2026-05-26T11:55:21.413Z] Fee check: 0.0003 USDC accumulated (0.0003 USDC in escrow)
[2026-05-26T11:55:51.144Z] Fee check: 0.0003 USDC accumulated (0.0003 USDC in escrow)
[2026-05-26T11:56:21.428Z] Fee check: 0.0003 USDC accumulated (0.0003 USDC in escrow)
[2026-05-26T11:56:51.201Z] Fee check: 0.0003 USDC accumulated (0.0003 USDC in escrow)
[2026-05-26T11:57:21.188Z] Fee check: 0.0003 USDC accumulated (0.0003 USDC in escrow)
[2026-05-26T11:57:51.505Z] Fee check: 0.0003 USDC accumulated (0.0003 USDC in escrow)
[2026-05-26T11:58:21.502Z] Fee check: 0.0003 USDC accumulated (0.0003 USDC in escrow)
[2026-05-26T11:58:51.297Z] Fee check: 0.0003 USDC accumulated (0.0003 USDC in escrow)
[2026-05-26T11:59:21.282Z] Fee check: 0.0003 USDC accumulated (0.0003 USDC in escrow)
[2026-05-26T11:59:51.448Z] Fee check: 0.0003 USDC accumulated (0.0003 USDC in escrow)
[2026-05-26T12:00:21.468Z] Fee check: 0.0003 USDC accumulated (0.0003 USDC in escrow)
[2026-05-26T12:00:51.626Z] Fee check: 0.0003 USDC accumulated (0.0003 USDC in escrow)
[2026-05-26T12:01:21.379Z] Fee check: 0.0003 USDC accumulated (0.0003 USDC in escrow)
[2026-05-26T12:01:51.401Z] Fee check: 0.0003 USDC accumulated (0.0003 USDC in escrow)
[2026-05-26T12:02:21.432Z] Fee check: 0.0003 USDC accumulated (0.0003 USDC in escrow)
[2026-05-26T12:02:51.432Z] Fee check: 0.0003 USDC accumulated (0.0003 USDC in escrow)
[2026-05-26T12:03:21.477Z] Fee check: 0.0003 USDC accumulated (0.0003 USDC in escrow)
[2026-05-26T12:03:51.727Z] Fee check: 0.0003 USDC accumulated (0.0003 USDC in escrow)
[2026-05-26T12:04:21.518Z] Fee check: 0.0003 USDC accumulated (0.0003 USDC in escrow)
[2026-05-26T12:04:51.662Z] Fee check: 0.0003 USDC accumulated (0.0003 USDC in escrow)
[2026-05-26T12:05:21.702Z] Fee check: 0.0003 USDC accumulated (0.0003 USDC in escrow)
[2026-05-26T12:05:51.588Z] Fee check: 0.0003 USDC accumulated (0.0003 USDC in escrow)
[2026-05-26T12:06:21.598Z] Fee check: 0.0003 USDC accumulated (0.0003 USDC in escrow)
[2026-05-26T12:06:51.651Z] Fee check: 0.0003 USDC accumulated (0.0003 USDC in escrow)
[2026-05-26T12:07:21.878Z] Fee check: 0.0003 USDC accumulated (0.0003 USDC in escrow)
[2026-05-26T12:07:51.909Z] Fee check: 0.0003 USDC accumulated (0.0003 USDC in escrow)
[2026-05-26T12:08:21.669Z] Fee check: 0.0003 USDC accumulated (0.0003 USDC in escrow)
[2026-05-26T12:08:51.690Z] Fee check: 0.0003 USDC accumulated (0.0003 USDC in escrow)
[2026-05-26T12:09:21.721Z] Fee check: 0.0003 USDC accumulated (0.0003 USDC in escrow)
[2026-05-26T12:09:52.131Z] Fee check: 0.0003 USDC accumulated (0.0003 USDC in escrow)
[2026-05-26T12:10:22.159Z] Fee check: 0.0003 USDC accumulated (0.0003 USDC in escrow)
[2026-05-26T12:10:51.808Z] Fee check: 0.0003 USDC accumulated (0.0003 USDC in escrow)
[2026-05-26T12:11:21.945Z] Fee check: 0.0003 USDC accumulated (0.0003 USDC in escrow)
[2026-05-26T12:11:52.100Z] Fee check: 0.0003 USDC accumulated (0.0003 USDC in escrow)
[2026-05-26T12:12:21.832Z] Fee check: 0.0003 USDC accumulated (0.0003 USDC in escrow)
[2026-05-26T12:12:52.211Z] Fee check: 0.0003 USDC accumulated (0.0003 USDC in escrow)
[2026-05-26T12:13:21.879Z] Fee check: 0.0003 USDC accumulated (0.0003 USDC in escrow)
[2026-05-26T12:13:51.908Z] Fee check: 0.0003 USDC accumulated (0.0003 USDC in escrow)
[2026-05-26T12:14:22.189Z] Fee check: 0.0003 USDC accumulated (0.0003 USDC in escrow)
[2026-05-26T12:14:52.087Z] Fee check: 0.0003 USDC accumulated (0.0003 USDC in escrow)
[2026-05-26T12:15:22.246Z] Fee check: 0.0003 USDC accumulated (0.0003 USDC in escrow)
[2026-05-26T12:15:52.000Z] Fee check: 0.0003 USDC accumulated (0.0003 USDC in escrow)
[2026-05-26T12:16:22.022Z] Fee check: 0.0003 USDC accumulated (0.0003 USDC in escrow)
[2026-05-26T12:16:52.309Z] Fee check: 0.0003 USDC accumulated (0.0003 USDC in escrow)
[2026-05-26T12:17:22.052Z] Fee check: 0.0003 USDC accumulated (0.0003 USDC in escrow)
[2026-05-26T12:17:52.077Z] Fee check: 0.0003 USDC accumulated (0.0003 USDC in escrow)
[2026-05-26T12:18:22.360Z] Fee check: 0.0003 USDC accumulated (0.0003 USDC in escrow)
[2026-05-26T12:18:52.118Z] Fee check: 0.0003 USDC accumulated (0.0003 USDC in escrow)
[2026-05-26T12:19:22.158Z] Fee check: 0.0003 USDC accumulated (0.0003 USDC in escrow)
[2026-05-26T12:19:52.308Z] Fee check: 0.0003 USDC accumulated (0.0003 USDC in escrow)
[2026-05-26T12:20:22.346Z] Fee check: 0.0003 USDC accumulated (0.0003 USDC in escrow)
[2026-05-26T12:20:52.237Z] Fee check: 0.0003 USDC accumulated (0.0003 USDC in escrow)
[2026-05-26T12:21:22.238Z] Fee check: 0.0003 USDC accumulated (0.0003 USDC in escrow)
[2026-05-26T12:21:52.276Z] Fee check: 0.0003 USDC accumulated (0.0003 USDC in escrow)
[2026-05-26T12:22:22.271Z] Fee check: 0.0003 USDC accumulated (0.0003 USDC in escrow)
[2026-05-26T12:22:52.294Z] Fee check: 0.0003 USDC accumulated (0.0003 USDC in escrow)
[2026-05-26T12:23:22.312Z] Fee check: 0.0003 USDC accumulated (0.0003 USDC in escrow)
[2026-05-26T12:23:52.588Z] Fee check: 0.0003 USDC accumulated (0.0003 USDC in escrow)
[2026-05-26T12:24:22.357Z] Fee check: 0.0003 USDC accumulated (0.0003 USDC in escrow)
[2026-05-26T12:24:52.520Z] Fee check: 0.0003 USDC accumulated (0.0003 USDC in escrow)
[2026-05-26T12:25:22.555Z] Fee check: 0.0003 USDC accumulated (0.0003 USDC in escrow)
[2026-05-26T12:25:52.700Z] Fee check: 0.0003 USDC accumulated (0.0003 USDC in escrow)
[2026-05-26T12:26:22.460Z] Fee check: 0.0003 USDC accumulated (0.0003 USDC in escrow)
[2026-05-26T12:26:52.517Z] Fee check: 0.0003 USDC accumulated (0.0003 USDC in escrow)
[2026-05-26T12:27:22.738Z] Fee check: 0.0003 USDC accumulated (0.0003 USDC in escrow)
[2026-05-26T12:27:52.515Z] Fee check: 0.0003 USDC accumulated (0.0003 USDC in escrow)
[2026-05-26T12:28:22.797Z] Fee check: 0.0003 USDC accumulated (0.0003 USDC in escrow)
[2026-05-26T12:28:52.557Z] Fee check: 0.0003 USDC accumulated (0.0003 USDC in escrow)
[2026-05-26T12:29:22.609Z] Fee check: 0.0003 USDC accumulated (0.0003 USDC in escrow)
[2026-05-26T12:29:52.734Z] Fee check: 0.0003 USDC accumulated (0.0003 USDC in escrow)
[2026-05-26T12:30:23.025Z] Fee check: 0.0003 USDC accumulated (0.0003 USDC in escrow)
[2026-05-26T12:30:52.655Z] Fee check: 0.0003 USDC accumulated (0.0003 USDC in escrow)
[2026-05-26T12:31:22.733Z] Fee check: 0.0003 USDC accumulated (0.0003 USDC in escrow)
[2026-05-26T12:31:52.754Z] Fee check: 0.0003 USDC accumulated (0.0003 USDC in escrow)
[2026-05-26T12:32:23.021Z] Fee check: 0.0003 USDC accumulated (0.0003 USDC in escrow)
[2026-05-26T12:32:52.729Z] Fee check: 0.0003 USDC accumulated (0.0003 USDC in escrow)
[2026-05-26T12:33:22.739Z] Fee check: 0.0003 USDC accumulated (0.0003 USDC in escrow)
[2026-05-26T12:33:52.767Z] Fee check: 0.0003 USDC accumulated (0.0003 USDC in escrow)
[2026-05-26T12:34:22.793Z] Fee check: 0.0003 USDC accumulated (0.0003 USDC in escrow)
[2026-05-26T12:34:53.217Z] Fee check: 0.0003 USDC accumulated (0.0003 USDC in escrow)
[2026-05-26T12:35:22.959Z] Fee check: 0.0003 USDC accumulated (0.0003 USDC in escrow)
[2026-05-26T12:35:52.875Z] Fee check: 0.0003 USDC accumulated (0.0003 USDC in escrow)
[2026-05-26T12:36:22.891Z] Fee check: 0.0003 USDC accumulated (0.0003 USDC in escrow)
[2026-05-26T12:36:52.915Z] Fee check: 0.0003 USDC accumulated (0.0003 USDC in escrow)
[2026-05-26T12:37:22.913Z] Fee check: 0.0003 USDC accumulated (0.0003 USDC in escrow)
[2026-05-26T12:37:52.946Z] Fee check: 0.0003 USDC accumulated (0.0003 USDC in escrow)
[2026-05-26T12:38:23.224Z] Fee check: 0.0003 USDC accumulated (0.0003 USDC in escrow)
[2026-05-26T12:38:52.977Z] Fee check: 0.0003 USDC accumulated (0.0003 USDC in escrow)
[2026-05-26T12:39:23.018Z] Fee check: 0.0003 USDC accumulated (0.0003 USDC in escrow)
[2026-05-26T12:39:53.161Z] Fee check: 0.0003 USDC accumulated (0.0003 USDC in escrow)
[2026-05-26T12:40:23.066Z] Fee check: 0.0003 USDC accumulated (0.0003 USDC in escrow)
[2026-05-26T12:40:53.342Z] Fee check: 0.0003 USDC accumulated (0.0003 USDC in escrow)
[2026-05-26T12:41:23.107Z] Fee check: 0.0003 USDC accumulated (0.0003 USDC in escrow)
[2026-05-26T12:41:53.168Z] Fee check: 0.0003 USDC accumulated (0.0003 USDC in escrow)
[2026-05-26T12:42:23.124Z] Fee check: 0.0003 USDC accumulated (0.0003 USDC in escrow)
[2026-05-26T12:42:53.174Z] Fee check: 0.0003 USDC accumulated (0.0003 USDC in escrow)
[2026-05-26T12:43:23.438Z] Fee check: 0.0003 USDC accumulated (0.0003 USDC in escrow)
[2026-05-26T12:43:53.211Z] Fee check: 0.0003 USDC accumulated (0.0003 USDC in escrow)
[2026-05-26T12:44:23.258Z] Fee check: 0.0003 USDC accumulated (0.0003 USDC in escrow)
[2026-05-26T12:44:53.392Z] Fee check: 0.0003 USDC accumulated (0.0003 USDC in escrow)
[2026-05-26T12:45:23.402Z] Fee check: 0.0003 USDC accumulated (0.0003 USDC in escrow)
[2026-05-26T12:45:53.295Z] Fee check: 0.0003 USDC accumulated (0.0003 USDC in escrow)
[2026-05-26T12:46:23.331Z] Fee check: 0.0003 USDC accumulated (0.0003 USDC in escrow)
[2026-05-26T12:46:53.347Z] Fee check: 0.0003 USDC accumulated (0.0003 USDC in escrow)
[2026-05-26T12:47:23.371Z] Fee check: 0.0003 USDC accumulated (0.0003 USDC in escrow)
[2026-05-26T12:47:53.387Z] Fee check: 0.0003 USDC accumulated (0.0003 USDC in escrow)
[2026-05-26T12:48:23.409Z] Fee check: 0.0003 USDC accumulated (0.0003 USDC in escrow)
[2026-05-26T12:48:53.677Z] Fee check: 0.0003 USDC accumulated (0.0003 USDC in escrow)
[2026-05-26T12:49:23.428Z] Fee check: 0.0003 USDC accumulated (0.0003 USDC in escrow)
[2026-05-26T12:49:53.877Z] Fee check: 0.0003 USDC accumulated (0.0003 USDC in escrow)
[2026-05-26T12:50:23.627Z] Fee check: 0.0003 USDC accumulated (0.0003 USDC in escrow)
[2026-05-26T12:50:53.536Z] Fee check: 0.0003 USDC accumulated (0.0003 USDC in escrow)
[2026-05-26T12:51:23.536Z] Fee check: 0.0003 USDC accumulated (0.0003 USDC in escrow)
[2026-05-26T12:51:53.551Z] Fee check: 0.0003 USDC accumulated (0.0003 USDC in escrow)
[2026-05-26T12:52:23.585Z] Fee check: 0.0003 USDC accumulated (0.0003 USDC in escrow)
[2026-05-26T12:52:53.581Z] Fee check: 0.0003 USDC accumulated (0.0003 USDC in escrow)
[2026-05-26T12:53:23.866Z] Fee check: 0.0003 USDC accumulated (0.0003 USDC in escrow)
[2026-05-26T12:53:53.649Z] Fee check: 0.0003 USDC accumulated (0.0003 USDC in escrow)
[2026-05-26T12:54:23.963Z] Fee check: 0.0003 USDC accumulated (0.0003 USDC in escrow)
[2026-05-26T12:54:53.877Z] Fee check: 0.0003 USDC accumulated (0.0003 USDC in escrow)
[2026-05-26T12:55:23.856Z] Fee check: 0.0003 USDC accumulated (0.0003 USDC in escrow)
[2026-05-26T12:55:53.734Z] Fee check: 0.0003 USDC accumulated (0.0003 USDC in escrow)
[2026-05-26T12:56:23.776Z] Fee check: 0.0003 USDC accumulated (0.0003 USDC in escrow)
[2026-05-26T12:56:53.799Z] Fee check: 0.0003 USDC accumulated (0.0003 USDC in escrow)
[2026-05-26T12:57:24.051Z] Fee check: 0.0003 USDC accumulated (0.0003 USDC in escrow)
[2026-05-26T12:57:54.066Z] Fee check: 0.0003 USDC accumulated (0.0003 USDC in escrow)
[2026-05-26T12:58:23.840Z] Fee check: 0.0003 USDC accumulated (0.0003 USDC in escrow)
[2026-05-26T12:58:53.937Z] Fee check: 0.0003 USDC accumulated (0.0003 USDC in escrow)
[2026-05-26T12:59:23.888Z] Fee check: 0.0003 USDC accumulated (0.0003 USDC in escrow)
[2026-05-26T12:59:54.288Z] Fee check: 0.0003 USDC accumulated (0.0003 USDC in escrow)
[2026-05-26T13:00:24.052Z] Fee check: 0.0003 USDC accumulated (0.0003 USDC in escrow)
[2026-05-26T13:00:53.960Z] Fee check: 0.0003 USDC accumulated (0.0003 USDC in escrow)
[2026-05-26T13:01:23.974Z] Fee check: 0.0003 USDC accumulated (0.0003 USDC in escrow)
[2026-05-26T13:01:54.008Z] Fee check: 0.0003 USDC accumulated (0.0003 USDC in escrow)
[2026-05-26T13:02:24.293Z] Fee check: 0.0003 USDC accumulated (0.0003 USDC in escrow)
[2026-05-26T13:02:54.021Z] Fee check: 0.0003 USDC accumulated (0.0003 USDC in escrow)
[2026-05-26T13:03:24.053Z] Fee check: 0.0003 USDC accumulated (0.0003 USDC in escrow)
[2026-05-26T13:03:54.368Z] Fee check: 0.0003 USDC accumulated (0.0003 USDC in escrow)
[2026-05-26T13:04:24.358Z] Fee check: 0.0003 USDC accumulated (0.0003 USDC in escrow)
[2026-05-26T13:04:54.258Z] Fee check: 0.0003 USDC accumulated (0.0003 USDC in escrow)
[2026-05-26T13:05:24.144Z] Fee check: 0.0003 USDC accumulated (0.0003 USDC in escrow)
[2026-05-26T13:05:54.171Z] Fee check: 0.0003 USDC accumulated (0.0003 USDC in escrow)
[2026-05-26T13:06:24.193Z] Fee check: 0.0003 USDC accumulated (0.0003 USDC in escrow)
[2026-05-26T13:06:54.464Z] Fee check: 0.0003 USDC accumulated (0.0003 USDC in escrow)
[2026-05-26T13:07:24.484Z] Fee check: 0.0003 USDC accumulated (0.0003 USDC in escrow)
[2026-05-26T13:07:54.263Z] Fee check: 0.0003 USDC accumulated (0.0003 USDC in escrow)
[2026-05-26T13:08:24.274Z] Fee check: 0.0003 USDC accumulated (0.0003 USDC in escrow)
[2026-05-26T13:08:54.284Z] Fee check: 0.0003 USDC accumulated (0.0003 USDC in escrow)
[2026-05-26T13:09:24.565Z] Fee check: 0.0003 USDC accumulated (0.0003 USDC in escrow)
[2026-05-26T13:09:54.735Z] Fee check: 0.0003 USDC accumulated (0.0003 USDC in escrow)
[2026-05-26T13:10:24.499Z] Fee check: 0.0003 USDC accumulated (0.0003 USDC in escrow)
[2026-05-26T13:10:54.386Z] Fee check: 0.0003 USDC accumulated (0.0003 USDC in escrow)
[2026-05-26T13:11:24.457Z] Fee check: 0.0003 USDC accumulated (0.0003 USDC in escrow)
[2026-05-26T13:11:54.669Z] Fee check: 0.0003 USDC accumulated (0.0003 USDC in escrow)
[2026-05-26T13:12:24.444Z] Fee check: 0.0003 USDC accumulated (0.0003 USDC in escrow)
[2026-05-26T13:12:54.707Z] Fee check: 0.0003 USDC accumulated (0.0003 USDC in escrow)
[2026-05-26T13:13:24.726Z] Fee check: 0.0003 USDC accumulated (0.0003 USDC in escrow)
[2026-05-26T13:13:54.514Z] Fee check: 0.0003 USDC accumulated (0.0003 USDC in escrow)
[2026-05-26T13:14:24.526Z] Fee check: 0.0003 USDC accumulated (0.0003 USDC in escrow)
[2026-05-26T13:14:54.752Z] Fee check: 0.0003 USDC accumulated (0.0003 USDC in escrow)
[2026-05-26T13:15:24.689Z] Fee check: 0.0003 USDC accumulated (0.0003 USDC in escrow)
[2026-05-26T13:15:54.889Z] Fee check: 0.0003 USDC accumulated (0.0003 USDC in escrow)
[2026-05-26T13:16:24.608Z] Fee check: 0.0003 USDC accumulated (0.0003 USDC in escrow)
[2026-05-26T13:16:54.668Z] Fee check: 0.0003 USDC accumulated (0.0003 USDC in escrow)
[2026-05-26T13:17:24.652Z] Fee check: 0.0003 USDC accumulated (0.0003 USDC in escrow)
[2026-05-26T13:17:54.672Z] Fee check: 0.0003 USDC accumulated (0.0003 USDC in escrow)
[2026-05-26T13:18:24.692Z] Fee check: 0.0003 USDC accumulated (0.0003 USDC in escrow)
[2026-05-26T13:18:54.729Z] Fee check: 0.0003 USDC accumulated (0.0003 USDC in escrow)
[2026-05-26T13:19:24.743Z] Fee check: 0.0003 USDC accumulated (0.0003 USDC in escrow)
[2026-05-26T13:19:55.844Z] Fee check: 0.0003 USDC accumulated (0.0003 USDC in escrow)
[2026-05-26T13:20:24.928Z] Fee check: 0.0003 USDC accumulated (0.0003 USDC in escrow)
[2026-05-26T13:20:54.815Z] Fee check: 0.0003 USDC accumulated (0.0003 USDC in escrow)
[2026-05-26T13:21:24.841Z] Fee check: 0.0003 USDC accumulated (0.0003 USDC in escrow)
[2026-05-26T13:21:54.844Z] Fee check: 0.0003 USDC accumulated (0.0003 USDC in escrow)
[2026-05-26T13:22:25.118Z] Fee check: 0.0003 USDC accumulated (0.0003 USDC in escrow)
[2026-05-26T13:22:54.883Z] Fee check: 0.0003 USDC accumulated (0.0003 USDC in escrow)
[2026-05-26T13:23:24.913Z] Fee check: 0.0003 USDC accumulated (0.0003 USDC in escrow)
[2026-05-26T13:23:54.937Z] Fee check: 0.0003 USDC accumulated (0.0003 USDC in escrow)
[2026-05-26T13:24:24.974Z] Fee check: 0.0003 USDC accumulated (0.0003 USDC in escrow)
[2026-05-26T13:24:55.357Z] Fee check: 0.0003 USDC accumulated (0.0003 USDC in escrow)
[2026-05-26T13:25:24.997Z] Fee check: 0.0003 USDC accumulated (0.0003 USDC in escrow)
[2026-05-26T13:25:55.040Z] Fee check: 0.0003 USDC accumulated (0.0003 USDC in escrow)
[2026-05-26T13:26:25.066Z] Fee check: 0.0003 USDC accumulated (0.0003 USDC in escrow)
[2026-05-26T13:26:55.096Z] Fee check: 0.0003 USDC accumulated (0.0003 USDC in escrow)
[2026-05-26T13:27:25.070Z] Fee check: 0.0003 USDC accumulated (0.0003 USDC in escrow)
[2026-05-26T13:27:55.354Z] Fee check: 0.0003 USDC accumulated (0.0003 USDC in escrow)
[2026-05-26T13:28:25.121Z] Fee check: 0.0003 USDC accumulated (0.0003 USDC in escrow)
[2026-05-26T13:28:55.137Z] Fee check: 0.0003 USDC accumulated (0.0003 USDC in escrow)
[2026-05-26T13:29:25.188Z] Fee check: 0.0003 USDC accumulated (0.0003 USDC in escrow)
[2026-05-26T13:29:55.304Z] Fee check: 0.0003 USDC accumulated (0.0003 USDC in escrow)
[2026-05-26T13:30:25.349Z] Fee check: 0.0003 USDC accumulated (0.0003 USDC in escrow)
[2026-05-26T13:30:55.544Z] Fee check: 0.0003 USDC accumulated (0.0003 USDC in escrow)
[2026-05-26T13:31:25.487Z] Fee check: 0.0003 USDC accumulated (0.0003 USDC in escrow)
[2026-05-26T13:31:55.289Z] Fee check: 0.0003 USDC accumulated (0.0003 USDC in escrow)
[2026-05-26T13:32:25.551Z] Fee check: 0.0003 USDC accumulated (0.0003 USDC in escrow)
[2026-05-26T13:32:55.314Z] Fee check: 0.0003 USDC accumulated (0.0003 USDC in escrow)
[2026-05-26T13:33:25.329Z] Fee check: 0.0003 USDC accumulated (0.0003 USDC in escrow)
[2026-05-26T13:33:55.616Z] Fee check: 0.0003 USDC accumulated (0.0003 USDC in escrow)
[2026-05-26T13:34:25.393Z] Fee check: 0.0003 USDC accumulated (0.0003 USDC in escrow)
[2026-05-26T13:34:55.556Z] Fee check: 0.0003 USDC accumulated (0.0003 USDC in escrow)
[2026-05-26T13:35:25.558Z] Fee check: 0.0003 USDC accumulated (0.0003 USDC in escrow)
[2026-05-26T13:35:55.468Z] Fee check: 0.0003 USDC accumulated (0.0003 USDC in escrow)
[2026-05-26T13:36:25.471Z] Fee check: 0.0003 USDC accumulated (0.0003 USDC in escrow)
[2026-05-26T13:36:55.508Z] Fee check: 0.0003 USDC accumulated (0.0003 USDC in escrow)
[2026-05-26T13:37:25.516Z] Fee check: 0.0003 USDC accumulated (0.0003 USDC in escrow)
[2026-05-26T13:37:55.771Z] Fee check: 0.0003 USDC accumulated (0.0003 USDC in escrow)
[2026-05-26T13:38:25.548Z] Fee check: 0.0003 USDC accumulated (0.0003 USDC in escrow)
[2026-05-26T13:38:55.568Z] Fee check: 0.0003 USDC accumulated (0.0003 USDC in escrow)
[2026-05-26T13:39:25.593Z] Fee check: 0.0003 USDC accumulated (0.0003 USDC in escrow)
[2026-05-26T13:39:55.764Z] Fee check: 0.0003 USDC accumulated (0.0003 USDC in escrow)
[2026-05-26T13:40:25.799Z] Fee check: 0.0003 USDC accumulated (0.0003 USDC in escrow)
[2026-05-26T13:40:55.703Z] Fee check: 0.0003 USDC accumulated (0.0003 USDC in escrow)
[2026-05-26T13:41:25.710Z] Fee check: 0.0003 USDC accumulated (0.0003 USDC in escrow)
[2026-05-26T13:41:56.026Z] Fee check: 0.0003 USDC accumulated (0.0003 USDC in escrow)
[2026-05-26T13:42:25.719Z] Fee check: 0.0003 USDC accumulated (0.0003 USDC in escrow)
[2026-05-26T13:42:55.746Z] Fee check: 0.0003 USDC accumulated (0.0003 USDC in escrow)
[2026-05-26T13:43:25.780Z] Fee check: 0.0003 USDC accumulated (0.0003 USDC in escrow)
[2026-05-26T13:43:55.833Z] Fee check: 0.0003 USDC accumulated (0.0003 USDC in escrow)
[2026-05-26T13:44:25.845Z] Fee check: 0.0003 USDC accumulated (0.0003 USDC in escrow)
[2026-05-26T13:44:55.841Z] Fee check: 0.0003 USDC accumulated (0.0003 USDC in escrow)
[2026-05-26T13:45:26.081Z] Fee check: 0.0003 USDC accumulated (0.0003 USDC in escrow)
[2026-05-26T13:45:55.876Z] Fee check: 0.0003 USDC accumulated (0.0003 USDC in escrow)
[2026-05-26T13:46:25.913Z] Fee check: 0.0003 USDC accumulated (0.0003 USDC in escrow)
[2026-05-26T13:46:55.941Z] Fee check: 0.0003 USDC accumulated (0.0003 USDC in escrow)
[2026-05-26T13:47:25.949Z] Fee check: 0.0003 USDC accumulated (0.0003 USDC in escrow)
[2026-05-26T13:47:55.960Z] Fee check: 0.0003 USDC accumulated (0.0003 USDC in escrow)
[2026-05-26T13:48:25.982Z] Fee check: 0.0003 USDC accumulated (0.0003 USDC in escrow)
[2026-05-26T13:48:56.014Z] Fee check: 0.0003 USDC accumulated (0.0003 USDC in escrow)
[2026-05-26T13:49:26.038Z] Fee check: 0.0003 USDC accumulated (0.0003 USDC in escrow)
[2026-05-26T13:49:56.072Z] Fee check: 0.0003 USDC accumulated (0.0003 USDC in escrow)
[2026-05-26T13:50:26.507Z] Fee check: 0.0003 USDC accumulated (0.0003 USDC in escrow)
[2026-05-26T13:50:56.127Z] Fee check: 0.0003 USDC accumulated (0.0003 USDC in escrow)
[2026-05-26T13:51:26.138Z] Fee check: 0.0003 USDC accumulated (0.0003 USDC in escrow)
[2026-05-26T13:51:56.156Z] Fee check: 0.0003 USDC accumulated (0.0003 USDC in escrow)
[2026-05-26T13:52:26.168Z] Fee check: 0.0003 USDC accumulated (0.0003 USDC in escrow)
[2026-05-26T13:52:56.189Z] Fee check: 0.0003 USDC accumulated (0.0003 USDC in escrow)
[2026-05-26T13:53:26.206Z] Fee check: 0.0003 USDC accumulated (0.0003 USDC in escrow)
[2026-05-26T13:53:56.507Z] Fee check: 0.0003 USDC accumulated (0.0003 USDC in escrow)
[2026-05-26T13:54:26.246Z] Fee check: 0.0003 USDC accumulated (0.0003 USDC in escrow)
[2026-05-26T13:54:56.276Z] Fee check: 0.0003 USDC accumulated (0.0003 USDC in escrow)
[2026-05-26T13:55:26.424Z] Fee check: 0.0003 USDC accumulated (0.0003 USDC in escrow)
[2026-05-26T13:55:56.436Z] Fee check: 0.0003 USDC accumulated (0.0003 USDC in escrow)
[2026-05-26T13:56:26.391Z] Fee check: 0.0003 USDC accumulated (0.0003 USDC in escrow)
[2026-05-26T13:56:56.400Z] Fee check: 0.0003 USDC accumulated (0.0003 USDC in escrow)
[2026-05-26T13:57:26.623Z] Fee check: 0.0003 USDC accumulated (0.0003 USDC in escrow)
[2026-05-26T13:57:56.390Z] Fee check: 0.0003 USDC accumulated (0.0003 USDC in escrow)
[2026-05-26T13:58:26.440Z] Fee check: 0.0003 USDC accumulated (0.0003 USDC in escrow)
[2026-05-26T13:58:56.449Z] Fee check: 0.0003 USDC accumulated (0.0003 USDC in escrow)
[2026-05-26T13:59:26.711Z] Fee check: 0.0003 USDC accumulated (0.0003 USDC in escrow)
[2026-05-26T13:59:56.498Z] Fee check: 0.0003 USDC accumulated (0.0003 USDC in escrow)
[2026-05-26T14:00:26.642Z] Fee check: 0.0003 USDC accumulated (0.0003 USDC in escrow)
[2026-05-26T14:00:56.685Z] Fee check: 0.0003 USDC accumulated (0.0003 USDC in escrow)
[2026-05-26T14:01:26.563Z] Fee check: 0.0003 USDC accumulated (0.0003 USDC in escrow)
[2026-05-26T14:01:56.851Z] Fee check: 0.0003 USDC accumulated (0.0003 USDC in escrow)
[2026-05-26T14:02:26.587Z] Fee check: 0.0003 USDC accumulated (0.0003 USDC in escrow)
[2026-05-26T14:02:56.594Z] Fee check: 0.0003 USDC accumulated (0.0003 USDC in escrow)
[2026-05-26T14:03:26.877Z] Fee check: 0.0003 USDC accumulated (0.0003 USDC in escrow)
[2026-05-26T14:03:56.923Z] Fee check: 0.0003 USDC accumulated (0.0003 USDC in escrow)
[2026-05-26T14:04:26.701Z] Fee check: 0.0003 USDC accumulated (0.0003 USDC in escrow)
[2026-05-26T14:04:56.696Z] Fee check: 0.0003 USDC accumulated (0.0003 USDC in escrow)
[2026-05-26T14:05:27.107Z] Fee check: 0.0003 USDC accumulated (0.0003 USDC in escrow)
[2026-05-26T14:05:56.885Z] Fee check: 0.0003 USDC accumulated (0.0003 USDC in escrow)
[2026-05-26T14:06:26.790Z] Fee check: 0.0003 USDC accumulated (0.0003 USDC in escrow)
[2026-05-26T14:06:56.803Z] Fee check: 0.0003 USDC accumulated (0.0003 USDC in escrow)
[2026-05-26T14:07:26.802Z] Fee check: 0.0003 USDC accumulated (0.0003 USDC in escrow)
[2026-05-26T14:07:56.808Z] Fee check: 0.0003 USDC accumulated (0.0003 USDC in escrow)
[2026-05-26T14:08:26.859Z] Fee check: 0.0003 USDC accumulated (0.0003 USDC in escrow)
[2026-05-26T14:08:56.874Z] Fee check: 0.0003 USDC accumulated (0.0003 USDC in escrow)
[2026-05-26T14:09:27.191Z] Fee check: 0.0003 USDC accumulated (0.0003 USDC in escrow)
[2026-05-26T14:09:56.923Z] Fee check: 0.0003 USDC accumulated (0.0003 USDC in escrow)
[2026-05-26T14:10:27.077Z] Fee check: 0.0003 USDC accumulated (0.0003 USDC in escrow)
[2026-05-26T14:10:56.980Z] Fee check: 0.0003 USDC accumulated (0.0003 USDC in escrow)
[2026-05-26T14:11:27.031Z] Fee check: 0.0003 USDC accumulated (0.0003 USDC in escrow)
[2026-05-26T14:11:57.021Z] Fee check: 0.0003 USDC accumulated (0.0003 USDC in escrow)
[2026-05-26T14:12:27.015Z] Fee check: 0.0003 USDC accumulated (0.0003 USDC in escrow)
[2026-05-26T14:12:57.312Z] Fee check: 0.0003 USDC accumulated (0.0003 USDC in escrow)
[2026-05-26T14:13:27.072Z] Fee check: 0.0003 USDC accumulated (0.0003 USDC in escrow)
[2026-05-26T14:13:57.076Z] Fee check: 0.0003 USDC accumulated (0.0003 USDC in escrow)
[2026-05-26T14:14:27.101Z] Fee check: 0.0003 USDC accumulated (0.0003 USDC in escrow)
[2026-05-26T14:14:57.146Z] Fee check: 0.0003 USDC accumulated (0.0003 USDC in escrow)
[2026-05-26T14:15:27.292Z] Fee check: 0.0003 USDC accumulated (0.0003 USDC in escrow)
[2026-05-26T14:15:57.311Z] Fee check: 0.0003 USDC accumulated (0.0003 USDC in escrow)
[2026-05-26T14:16:27.207Z] Fee check: 0.0003 USDC accumulated (0.0003 USDC in escrow)
[2026-05-26T14:16:57.218Z] Fee check: 0.0003 USDC accumulated (0.0003 USDC in escrow)
[2026-05-26T14:17:27.232Z] Fee check: 0.0003 USDC accumulated (0.0003 USDC in escrow)
[2026-05-26T14:17:57.514Z] Fee check: 0.0003 USDC accumulated (0.0003 USDC in escrow)
[2026-05-26T14:18:27.356Z] Fee check: 0.0003 USDC accumulated (0.0003 USDC in escrow)
[2026-05-26T14:18:57.305Z] Fee check: 0.0003 USDC accumulated (0.0003 USDC in escrow)
[2026-05-26T14:19:27.325Z] Fee check: 0.0003 USDC accumulated (0.0003 USDC in escrow)
[2026-05-26T14:19:57.370Z] Fee check: 0.0003 USDC accumulated (0.0003 USDC in escrow)
[2026-05-26T14:20:27.497Z] Fee check: 0.0003 USDC accumulated (0.0003 USDC in escrow)
[2026-05-26T14:20:57.519Z] Fee check: 0.0003 USDC accumulated (0.0003 USDC in escrow)
[2026-05-26T14:21:27.435Z] Fee check: 0.0003 USDC accumulated (0.0003 USDC in escrow)
[2026-05-26T14:21:57.453Z] Fee check: 0.0003 USDC accumulated (0.0003 USDC in escrow)
[2026-05-26T14:22:27.458Z] Fee check: 0.0003 USDC accumulated (0.0003 USDC in escrow)
[2026-05-26T14:22:57.487Z] Fee check: 0.0003 USDC accumulated (0.0003 USDC in escrow)
[2026-05-26T14:23:27.487Z] Fee check: 0.0003 USDC accumulated (0.0003 USDC in escrow)
[2026-05-26T14:23:57.523Z] Fee check: 0.0003 USDC accumulated (0.0003 USDC in escrow)
[2026-05-26T14:24:27.544Z] Fee check: 0.0003 USDC accumulated (0.0003 USDC in escrow)
[2026-05-26T14:24:57.632Z] Fee check: 0.0003 USDC accumulated (0.0003 USDC in escrow)
[2026-05-26T14:25:27.712Z] Fee check: 0.0003 USDC accumulated (0.0003 USDC in escrow)
[2026-05-26T14:25:58.010Z] Fee check: 0.0003 USDC accumulated (0.0003 USDC in escrow)
[2026-05-26T14:26:27.718Z] Fee check: 0.0003 USDC accumulated (0.0003 USDC in escrow)
[2026-05-26T14:26:57.657Z] Fee check: 0.0003 USDC accumulated (0.0003 USDC in escrow)
[2026-05-26T14:27:27.924Z] Fee check: 0.0003 USDC accumulated (0.0003 USDC in escrow)
[2026-05-26T14:27:57.696Z] Fee check: 0.0003 USDC accumulated (0.0003 USDC in escrow)
[2026-05-26T14:28:27.702Z] Fee check: 0.0003 USDC accumulated (0.0003 USDC in escrow)
[2026-05-26T14:28:57.721Z] Fee check: 0.0003 USDC accumulated (0.0003 USDC in escrow)
[2026-05-26T14:29:28.010Z] Fee check: 0.0003 USDC accumulated (0.0003 USDC in escrow)
[2026-05-26T14:29:57.764Z] Fee check: 0.0003 USDC accumulated (0.0003 USDC in escrow)
[2026-05-26T14:30:27.926Z] Fee check: 0.0003 USDC accumulated (0.0003 USDC in escrow)
[2026-05-26T14:30:58.575Z] Fee check: 0.0003 USDC accumulated (0.0003 USDC in escrow)
[2026-05-26T14:31:27.862Z] Fee check: 0.0003 USDC accumulated (0.0003 USDC in escrow)
[2026-05-26T14:31:57.868Z] Fee check: 0.0003 USDC accumulated (0.0003 USDC in escrow)
[2026-05-26T14:32:27.883Z] Fee check: 0.0003 USDC accumulated (0.0003 USDC in escrow)
[2026-05-26T14:32:58.212Z] Fee check: 0.0003 USDC accumulated (0.0003 USDC in escrow)
[2026-05-26T14:33:27.930Z] Fee check: 0.0003 USDC accumulated (0.0003 USDC in escrow)
[2026-05-26T14:33:57.953Z] Fee check: 0.0003 USDC accumulated (0.0003 USDC in escrow)
[2026-05-26T14:34:27.988Z] Fee check: 0.0003 USDC accumulated (0.0003 USDC in escrow)
[2026-05-26T14:34:57.995Z] Fee check: 0.0003 USDC accumulated (0.0003 USDC in escrow)
[2026-05-26T14:35:28.162Z] Fee check: 0.0003 USDC accumulated (0.0003 USDC in escrow)
[2026-05-26T14:35:58.311Z] Fee check: 0.0003 USDC accumulated (0.0003 USDC in escrow)
[2026-05-26T14:36:28.062Z] Fee check: 0.0003 USDC accumulated (0.0003 USDC in escrow)
[2026-05-26T14:36:58.082Z] Fee check: 0.0003 USDC accumulated (0.0003 USDC in escrow)
[2026-05-26T14:37:28.084Z] Fee check: 0.0003 USDC accumulated (0.0003 USDC in escrow)
[2026-05-26T14:37:58.106Z] Fee check: 0.0003 USDC accumulated (0.0003 USDC in escrow)
[2026-05-26T14:38:28.150Z] Fee check: 0.0003 USDC accumulated (0.0003 USDC in escrow)
[2026-05-26T14:38:58.195Z] Fee check: 0.0003 USDC accumulated (0.0003 USDC in escrow)
[2026-05-26T14:39:28.458Z] Fee check: 0.0003 USDC accumulated (0.0003 USDC in escrow)
[2026-05-26T14:39:58.214Z] Fee check: 0.0003 USDC accumulated (0.0003 USDC in escrow)
[2026-05-26T14:40:28.377Z] Fee check: 0.0003 USDC accumulated (0.0003 USDC in escrow)
[2026-05-26T14:40:58.378Z] Fee check: 0.0003 USDC accumulated (0.0003 USDC in escrow)
[2026-05-26T14:41:28.304Z] Fee check: 0.0003 USDC accumulated (0.0003 USDC in escrow)
[2026-05-26T14:41:58.775Z] Fee check: 0.0003 USDC accumulated (0.0003 USDC in escrow)
[2026-05-26T14:42:28.303Z] Fee check: 0.0003 USDC accumulated (0.0003 USDC in escrow)
[2026-05-26T14:42:58.319Z] Fee check: 0.0003 USDC accumulated (0.0003 USDC in escrow)
[2026-05-26T14:43:28.357Z] Fee check: 0.0003 USDC accumulated (0.0003 USDC in escrow)
[2026-05-26T14:43:58.411Z] Fee check: 0.0003 USDC accumulated (0.0003 USDC in escrow)
[2026-05-26T14:44:28.407Z] Fee check: 0.0003 USDC accumulated (0.0003 USDC in escrow)
[2026-05-26T14:44:58.417Z] Fee check: 0.0003 USDC accumulated (0.0003 USDC in escrow)
[2026-05-26T14:45:28.565Z] Fee check: 0.0003 USDC accumulated (0.0003 USDC in escrow)
[2026-05-26T14:45:58.636Z] Fee check: 0.0003 USDC accumulated (0.0003 USDC in escrow)
[2026-05-26T14:46:28.511Z] Fee check: 0.0003 USDC accumulated (0.0003 USDC in escrow)
[2026-05-26T14:46:58.534Z] Fee check: 0.0003 USDC accumulated (0.0003 USDC in escrow)
[2026-05-26T14:47:28.813Z] Fee check: 0.0003 USDC accumulated (0.0003 USDC in escrow)
[2026-05-26T14:47:58.891Z] Fee check: 0.0003 USDC accumulated (0.0003 USDC in escrow)
[2026-05-26T14:48:28.563Z] Fee check: 0.0003 USDC accumulated (0.0003 USDC in escrow)
[2026-05-26T14:48:58.601Z] Fee check: 0.0003 USDC accumulated (0.0003 USDC in escrow)
[2026-05-26T14:49:28.637Z] Fee check: 0.0003 USDC accumulated (0.0003 USDC in escrow)
[2026-05-26T14:49:58.911Z] Fee check: 0.0003 USDC accumulated (0.0003 USDC in escrow)
[2026-05-26T14:50:28.790Z] Fee check: 0.0003 USDC accumulated (0.0003 USDC in escrow)
[2026-05-26T14:50:59.131Z] Fee check: 0.0003 USDC accumulated (0.0003 USDC in escrow)
[2026-05-26T14:51:28.733Z] Fee check: 0.0003 USDC accumulated (0.0003 USDC in escrow)
[2026-05-26T14:51:58.998Z] Fee check: 0.0003 USDC accumulated (0.0003 USDC in escrow)
[2026-05-26T14:52:28.735Z] Fee check: 0.0003 USDC accumulated (0.0003 USDC in escrow)
[2026-05-26T14:52:58.756Z] Fee check: 0.0003 USDC accumulated (0.0003 USDC in escrow)
[2026-05-26T14:53:28.774Z] Fee check: 0.0003 USDC accumulated (0.0003 USDC in escrow)
[2026-05-26T14:53:58.809Z] Fee check: 0.0003 USDC accumulated (0.0003 USDC in escrow)
[2026-05-26T14:54:28.836Z] Fee check: 0.0003 USDC accumulated (0.0003 USDC in escrow)
[2026-05-26T14:54:58.862Z] Fee check: 0.0003 USDC accumulated (0.0003 USDC in escrow)
[2026-05-26T14:55:29.001Z] Fee check: 0.0003 USDC accumulated (0.0003 USDC in escrow)
[2026-05-26T14:55:59.303Z] Fee check: 0.0003 USDC accumulated (0.0003 USDC in escrow)
[2026-05-26T14:56:28.904Z] Fee check: 0.0003 USDC accumulated (0.0003 USDC in escrow)
[2026-05-26T14:56:58.951Z] Fee check: 0.0003 USDC accumulated (0.0003 USDC in escrow)
[2026-05-26T14:57:28.937Z] Fee check: 0.0003 USDC accumulated (0.0003 USDC in escrow)
[2026-05-26T14:57:59.054Z] Fee check: 0.0003 USDC accumulated (0.0003 USDC in escrow)
[2026-05-26T14:58:29.027Z] Fee check: 0.0003 USDC accumulated (0.0003 USDC in escrow)
[2026-05-26T14:58:59.287Z] Fee check: 0.0003 USDC accumulated (0.0003 USDC in escrow)
[2026-05-26T14:59:29.322Z] Fee check: 0.0003 USDC accumulated (0.0003 USDC in escrow)
[2026-05-26T14:59:59.068Z] Fee check: 0.0003 USDC accumulated (0.0003 USDC in escrow)
[2026-05-26T15:00:29.500Z] Fee check: 0.0003 USDC accumulated (0.0003 USDC in escrow)
[2026-05-26T15:00:59.124Z] Fee check: 0.0003 USDC accumulated (0.0003 USDC in escrow)
[2026-05-26T15:01:29.142Z] Fee check: 0.0003 USDC accumulated (0.0003 USDC in escrow)
[2026-05-26T15:01:59.200Z] Fee check: 0.0003 USDC accumulated (0.0003 USDC in escrow)
[2026-05-26T15:02:29.157Z] Fee check: 0.0003 USDC accumulated (0.0003 USDC in escrow)
[2026-05-26T15:02:59.177Z] Fee check: 0.0003 USDC accumulated (0.0003 USDC in escrow)
[2026-05-26T15:03:29.241Z] Fee check: 0.0003 USDC accumulated (0.0003 USDC in escrow)
[2026-05-26T15:03:59.226Z] Fee check: 0.0003 USDC accumulated (0.0003 USDC in escrow)
[2026-05-26T15:04:29.273Z] Fee check: 0.0003 USDC accumulated (0.0003 USDC in escrow)
[2026-05-26T15:04:59.303Z] Fee check: 0.0003 USDC accumulated (0.0003 USDC in escrow)
[2026-05-26T15:05:29.423Z] Fee check: 0.0003 USDC accumulated (0.0003 USDC in escrow)
[2026-05-26T15:05:59.467Z] Fee check: 0.0003 USDC accumulated (0.0003 USDC in escrow)
[2026-05-26T15:06:29.407Z] Fee check: 0.0003 USDC accumulated (0.0003 USDC in escrow)
[2026-05-26T15:06:59.429Z] Fee check: 0.0003 USDC accumulated (0.0003 USDC in escrow)
[2026-05-26T15:07:29.529Z] Fee check: 0.0003 USDC accumulated (0.0003 USDC in escrow)
[2026-05-26T15:07:59.445Z] Fee check: 0.0003 USDC accumulated (0.0003 USDC in escrow)
[2026-05-26T15:08:29.825Z] Fee check: 0.0003 USDC accumulated (0.0003 USDC in escrow)
[2026-05-26T15:08:59.510Z] Fee check: 0.0003 USDC accumulated (0.0003 USDC in escrow)
[2026-05-26T15:09:29.557Z] Fee check: 0.0003 USDC accumulated (0.0003 USDC in escrow)
[2026-05-26T15:09:59.809Z] Fee check: 0.0003 USDC accumulated (0.0003 USDC in escrow)
[2026-05-26T15:10:29.719Z] Fee check: 0.0003 USDC accumulated (0.0003 USDC in escrow)
[2026-05-26T15:11:00.075Z] Fee check: 0.0003 USDC accumulated (0.0003 USDC in escrow)
[2026-05-26T15:11:29.640Z] Fee check: 0.0003 USDC accumulated (0.0003 USDC in escrow)
[2026-05-26T15:11:59.662Z] Fee check: 0.0003 USDC accumulated (0.0003 USDC in escrow)
[2026-05-26T15:12:29.597Z] Fee check: 0.0003 USDC accumulated (0.0003 USDC in escrow)
[2026-05-26T15:12:59.635Z] Fee check: 0.0003 USDC accumulated (0.0003 USDC in escrow)
[2026-05-26T15:13:29.650Z] Fee check: 0.0003 USDC accumulated (0.0003 USDC in escrow)
[2026-05-26T15:13:59.684Z] Fee check: 0.0003 USDC accumulated (0.0003 USDC in escrow)
[2026-05-26T15:14:29.700Z] Fee check: 0.0003 USDC accumulated (0.0003 USDC in escrow)
[2026-05-26T15:15:00.020Z] Fee check: 0.0003 USDC accumulated (0.0003 USDC in escrow)
[2026-05-26T15:15:29.849Z] Fee check: 0.0003 USDC accumulated (0.0003 USDC in escrow)
[2026-05-26T15:16:00.160Z] Fee check: 0.0003 USDC accumulated (0.0003 USDC in escrow)
[2026-05-26T15:16:29.860Z] Fee check: 0.0003 USDC accumulated (0.0003 USDC in escrow)
[2026-05-26T15:17:00.066Z] Fee check: 0.0003 USDC accumulated (0.0003 USDC in escrow)
[2026-05-26T15:17:29.812Z] Fee check: 0.0003 USDC accumulated (0.0003 USDC in escrow)
[2026-05-26T15:18:00.113Z] Fee check: 0.0003 USDC accumulated (0.0003 USDC in escrow)
[2026-05-26T15:18:29.832Z] Fee check: 0.0003 USDC accumulated (0.0003 USDC in escrow)
[2026-05-26T15:18:59.871Z] Fee check: 0.0003 USDC accumulated (0.0003 USDC in escrow)
[2026-05-26T15:19:30.185Z] Fee check: 0.0003 USDC accumulated (0.0003 USDC in escrow)
[2026-05-26T15:20:00.176Z] Fee check: 0.0003 USDC accumulated (0.0003 USDC in escrow)
[2026-05-26T15:20:30.079Z] Fee check: 0.0003 USDC accumulated (0.0003 USDC in escrow)
[2026-05-26T15:20:59.982Z] Fee check: 0.0003 USDC accumulated (0.0003 USDC in escrow)
[2026-05-26T15:21:30.259Z] Fee check: 0.0003 USDC accumulated (0.0003 USDC in escrow)
[2026-05-26T15:22:00.292Z] Fee check: 0.0003 USDC accumulated (0.0003 USDC in escrow)
[2026-05-26T15:22:30.032Z] Fee check: 0.0003 USDC accumulated (0.0003 USDC in escrow)
[2026-05-26T15:23:00.057Z] Fee check: 0.0003 USDC accumulated (0.0003 USDC in escrow)
[2026-05-26T15:23:30.072Z] Fee check: 0.0003 USDC accumulated (0.0003 USDC in escrow)
[2026-05-26T15:24:00.361Z] Fee check: 0.0003 USDC accumulated (0.0003 USDC in escrow)
[2026-05-26T15:24:30.122Z] Fee check: 0.0003 USDC accumulated (0.0003 USDC in escrow)
[2026-05-26T15:25:00.180Z] Fee check: 0.0003 USDC accumulated (0.0003 USDC in escrow)
[2026-05-26T15:25:30.301Z] Fee check: 0.0003 USDC accumulated (0.0003 USDC in escrow)
[2026-05-26T15:26:00.353Z] Fee check: 0.0003 USDC accumulated (0.0003 USDC in escrow)
[2026-05-26T15:26:30.220Z] Fee check: 0.0003 USDC accumulated (0.0003 USDC in escrow)
[2026-05-26T15:27:00.247Z] Fee check: 0.0003 USDC accumulated (0.0003 USDC in escrow)
[2026-05-26T15:27:30.490Z] Fee check: 0.0003 USDC accumulated (0.0003 USDC in escrow)
[2026-05-26T15:28:00.446Z] Fee check: 0.0003 USDC accumulated (0.0003 USDC in escrow)
[2026-05-26T15:28:30.285Z] Fee check: 0.0003 USDC accumulated (0.0003 USDC in escrow)
[2026-05-26T15:29:00.587Z] Fee check: 0.0003 USDC accumulated (0.0003 USDC in escrow)
[2026-05-26T15:29:30.666Z] Fee check: 0.0003 USDC accumulated (0.0003 USDC in escrow)
[2026-05-26T15:30:00.374Z] Fee check: 0.0003 USDC accumulated (0.0003 USDC in escrow)
[2026-05-26T15:30:31.018Z] Fee check: 0.0003 USDC accumulated (0.0003 USDC in escrow)
[2026-05-26T15:31:00.547Z] Fee check: 0.0003 USDC accumulated (0.0003 USDC in escrow)
[2026-05-26T15:31:30.683Z] Fee check: 0.0003 USDC accumulated (0.0003 USDC in escrow)
[2026-05-26T15:32:00.454Z] Fee check: 0.0003 USDC accumulated (0.0003 USDC in escrow)
[2026-05-26T15:32:30.720Z] Fee check: 0.0003 USDC accumulated (0.0003 USDC in escrow)
[2026-05-26T15:33:00.485Z] Fee check: 0.0003 USDC accumulated (0.0003 USDC in escrow)
[2026-05-26T15:33:30.496Z] Fee check: 0.0003 USDC accumulated (0.0003 USDC in escrow)
[2026-05-26T15:34:00.774Z] Fee check: 0.0003 USDC accumulated (0.0003 USDC in escrow)
[2026-05-26T15:34:30.564Z] Fee check: 0.0003 USDC accumulated (0.0003 USDC in escrow)
[2026-05-26T15:35:00.566Z] Fee check: 0.0003 USDC accumulated (0.0003 USDC in escrow)
[2026-05-26T15:35:30.728Z] Fee check: 0.0003 USDC accumulated (0.0003 USDC in escrow)
[2026-05-26T15:36:00.759Z] Fee check: 0.0003 USDC accumulated (0.0003 USDC in escrow)
[2026-05-26T15:36:30.645Z] Fee check: 0.0003 USDC accumulated (0.0003 USDC in escrow)
[2026-05-26T15:37:00.926Z] Fee check: 0.0003 USDC accumulated (0.0003 USDC in escrow)
[2026-05-26T15:37:30.673Z] Fee check: 0.0003 USDC accumulated (0.0003 USDC in escrow)
[2026-05-26T15:38:00.693Z] Fee check: 0.0003 USDC accumulated (0.0003 USDC in escrow)
[2026-05-26T15:38:30.984Z] Fee check: 0.0003 USDC accumulated (0.0003 USDC in escrow)
[2026-05-26T15:39:01.382Z] Fee check: 0.0003 USDC accumulated (0.0003 USDC in escrow)
[2026-05-26T15:39:30.786Z] Fee check: 0.0003 USDC accumulated (0.0003 USDC in escrow)
[2026-05-26T15:40:01.047Z] Fee check: 0.0003 USDC accumulated (0.0003 USDC in escrow)
[2026-05-26T15:40:30.932Z] Fee check: 0.0003 USDC accumulated (0.0003 USDC in escrow)
[2026-05-26T15:41:00.951Z] Fee check: 0.0003 USDC accumulated (0.0003 USDC in escrow)
[2026-05-26T15:41:31.118Z] Fee check: 0.0003 USDC accumulated (0.0003 USDC in escrow)
[2026-05-26T15:42:00.884Z] Fee check: 0.0003 USDC accumulated (0.0003 USDC in escrow)
[2026-05-26T15:42:31.138Z] Fee check: 0.0003 USDC accumulated (0.0003 USDC in escrow)
[2026-05-26T15:43:00.897Z] Fee check: 0.0003 USDC accumulated (0.0003 USDC in escrow)
[2026-05-26T15:43:30.931Z] Fee check: 0.0003 USDC accumulated (0.0003 USDC in escrow)
[2026-05-26T15:44:00.944Z] Fee check: 0.0003 USDC accumulated (0.0003 USDC in escrow)
[2026-05-26T15:44:31.007Z] Fee check: 0.0003 USDC accumulated (0.0003 USDC in escrow)
[2026-05-26T15:45:01.004Z] Fee check: 0.0003 USDC accumulated (0.0003 USDC in escrow)
[2026-05-26T15:45:31.148Z] Fee check: 0.0003 USDC accumulated (0.0003 USDC in escrow)
[2026-05-26T15:46:01.309Z] Fee check: 0.0003 USDC accumulated (0.0003 USDC in escrow)
[2026-05-26T15:46:31.066Z] Fee check: 0.0003 USDC accumulated (0.0003 USDC in escrow)
[2026-05-26T15:47:01.081Z] Fee check: 0.0003 USDC accumulated (0.0003 USDC in escrow)
[2026-05-26T15:47:31.642Z] Fee check: 0.0003 USDC accumulated (0.0003 USDC in escrow)
[2026-05-26T15:48:01.128Z] Fee check: 0.0003 USDC accumulated (0.0003 USDC in escrow)
[2026-05-26T15:48:31.146Z] Fee check: 0.0003 USDC accumulated (0.0003 USDC in escrow)
[2026-05-26T15:49:01.193Z] Fee check: 0.0003 USDC accumulated (0.0003 USDC in escrow)
[2026-05-26T15:49:31.464Z] Fee check: 0.0003 USDC accumulated (0.0003 USDC in escrow)
[2026-05-26T15:50:01.258Z] Fee check: 0.0003 USDC accumulated (0.0003 USDC in escrow)
[2026-05-26T15:50:31.376Z] Fee check: 0.0003 USDC accumulated (0.0003 USDC in escrow)
[2026-05-26T15:51:01.651Z] Fee check: 0.0003 USDC accumulated (0.0003 USDC in escrow)
[2026-05-26T15:51:31.300Z] Fee check: 0.0003 USDC accumulated (0.0003 USDC in escrow)
[2026-05-26T15:52:01.319Z] Fee check: 0.0003 USDC accumulated (0.0003 USDC in escrow)
[2026-05-26T15:52:31.329Z] Fee check: 0.0003 USDC accumulated (0.0003 USDC in escrow)
[2026-05-26T15:53:01.606Z] Fee check: 0.0003 USDC accumulated (0.0003 USDC in escrow)
[2026-05-26T15:53:31.353Z] Fee check: 0.0003 USDC accumulated (0.0003 USDC in escrow)
[2026-05-26T15:54:01.379Z] Fee check: 0.0003 USDC accumulated (0.0003 USDC in escrow)
[2026-05-26T15:54:31.666Z] Fee check: 0.0003 USDC accumulated (0.0003 USDC in escrow)
[2026-05-26T15:55:01.433Z] Fee check: 0.0003 USDC accumulated (0.0003 USDC in escrow)
[2026-05-26T15:55:31.597Z] Fee check: 0.0003 USDC accumulated (0.0003 USDC in escrow)
[2026-05-26T15:56:01.592Z] Fee check: 0.0003 USDC accumulated (0.0003 USDC in escrow)
[2026-05-26T15:56:31.527Z] Fee check: 0.0003 USDC accumulated (0.0003 USDC in escrow)
[2026-05-26T15:57:01.511Z] Fee check: 0.0003 USDC accumulated (0.0003 USDC in escrow)
[2026-05-26T15:57:31.511Z] Fee check: 0.0003 USDC accumulated (0.0003 USDC in escrow)
[2026-05-26T15:58:01.825Z] Fee check: 0.0003 USDC accumulated (0.0003 USDC in escrow)
[2026-05-26T15:58:31.571Z] Fee check: 0.0003 USDC accumulated (0.0003 USDC in escrow)
[2026-05-26T15:59:01.849Z] Fee check: 0.0003 USDC accumulated (0.0003 USDC in escrow)
[2026-05-26T15:59:31.630Z] Fee check: 0.0003 USDC accumulated (0.0003 USDC in escrow)
[2026-05-26T16:00:01.648Z] Fee check: 0.0003 USDC accumulated (0.0003 USDC in escrow)
[2026-05-26T16:00:31.796Z] Fee check: 0.0003 USDC accumulated (0.0003 USDC in escrow)
[2026-05-26T16:01:01.819Z] Fee check: 0.0003 USDC accumulated (0.0003 USDC in escrow)
[2026-05-26T16:01:31.728Z] Fee check: 0.0003 USDC accumulated (0.0003 USDC in escrow)
[2026-05-26T16:02:01.995Z] Fee check: 0.0003 USDC accumulated (0.0003 USDC in escrow)
[2026-05-26T16:02:31.738Z] Fee check: 0.0003 USDC accumulated (0.0003 USDC in escrow)
[2026-05-26T16:03:01.760Z] Fee check: 0.0003 USDC accumulated (0.0003 USDC in escrow)
[2026-05-26T16:03:31.796Z] Fee check: 0.0003 USDC accumulated (0.0003 USDC in escrow)
[2026-05-26T16:04:02.089Z] Fee check: 0.0003 USDC accumulated (0.0003 USDC in escrow)
[2026-05-26T16:04:32.095Z] Fee check: 0.0003 USDC accumulated (0.0003 USDC in escrow)
[2026-05-26T16:05:01.968Z] Fee check: 0.0003 USDC accumulated (0.0003 USDC in escrow)
[2026-05-26T16:05:32.004Z] Fee check: 0.0003 USDC accumulated (0.0003 USDC in escrow)
[2026-05-26T16:06:02.040Z] Fee check: 0.0003 USDC accumulated (0.0003 USDC in escrow)
[2026-05-26T16:06:32.194Z] Fee check: 0.0003 USDC accumulated (0.0003 USDC in escrow)
[2026-05-26T16:07:02.006Z] Fee check: 0.0003 USDC accumulated (0.0003 USDC in escrow)
[2026-05-26T16:07:31.969Z] Fee check: 0.0003 USDC accumulated (0.0003 USDC in escrow)
[2026-05-26T16:08:02.013Z] Fee check: 0.0003 USDC accumulated (0.0003 USDC in escrow)
[2026-05-26T16:08:32.013Z] Fee check: 0.0003 USDC accumulated (0.0003 USDC in escrow)
[2026-05-26T16:09:02.295Z] Fee check: 0.0003 USDC accumulated (0.0003 USDC in escrow)
[2026-05-26T16:09:32.070Z] Fee check: 0.0003 USDC accumulated (0.0003 USDC in escrow)
[2026-05-26T16:10:02.082Z] Fee check: 0.0003 USDC accumulated (0.0003 USDC in escrow)
[2026-05-26T16:10:32.250Z] Fee check: 0.0003 USDC accumulated (0.0003 USDC in escrow)
[2026-05-26T16:11:02.138Z] Fee check: 0.0003 USDC accumulated (0.0003 USDC in escrow)
[2026-05-26T16:11:32.408Z] Fee check: 0.0003 USDC accumulated (0.0003 USDC in escrow)
[2026-05-26T16:12:02.438Z] Fee check: 0.0003 USDC accumulated (0.0003 USDC in escrow)
[2026-05-26T16:12:32.154Z] Fee check: 0.0003 USDC accumulated (0.0003 USDC in escrow)
[2026-05-26T16:13:02.468Z] Fee check: 0.0003 USDC accumulated (0.0003 USDC in escrow)
[2026-05-26T16:13:32.295Z] Fee check: 0.0003 USDC accumulated (0.0003 USDC in escrow)
[2026-05-26T16:14:03.118Z] Fee check: 0.0003 USDC accumulated (0.0003 USDC in escrow)
[2026-05-26T16:14:32.359Z] Fee check: 0.0003 USDC accumulated (0.0003 USDC in escrow)
[2026-05-26T16:15:02.606Z] Fee check: 0.0003 USDC accumulated (0.0003 USDC in escrow)
[2026-05-26T16:15:33.071Z] Fee check: 0.0003 USDC accumulated (0.0003 USDC in escrow)
[2026-05-26T16:16:03.024Z] Fee check: 0.0003 USDC accumulated (0.0003 USDC in escrow)
[2026-05-26T16:16:32.370Z] Fee check: 0.0003 USDC accumulated (0.0003 USDC in escrow)
[2026-05-26T16:17:02.658Z] Fee check: 0.0003 USDC accumulated (0.0003 USDC in escrow)
[2026-05-26T16:17:32.661Z] Fee check: 0.0003 USDC accumulated (0.0003 USDC in escrow)
[2026-05-26T16:18:02.461Z] Fee check: 0.0003 USDC accumulated (0.0003 USDC in escrow)
[2026-05-26T16:18:32.456Z] Fee check: 0.0003 USDC accumulated (0.0003 USDC in escrow)
[2026-05-26T16:19:02.501Z] Fee check: 0.0003 USDC accumulated (0.0003 USDC in escrow)
[2026-05-26T16:19:32.483Z] Fee check: 0.0003 USDC accumulated (0.0003 USDC in escrow)
[2026-05-26T16:20:02.764Z] Fee check: 0.0003 USDC accumulated (0.0003 USDC in escrow)
[2026-05-26T16:20:32.661Z] Fee check: 0.0003 USDC accumulated (0.0003 USDC in escrow)
[2026-05-26T16:21:02.975Z] Fee check: 0.0003 USDC accumulated (0.0003 USDC in escrow)
[2026-05-26T16:21:32.830Z] Fee check: 0.0003 USDC accumulated (0.0003 USDC in escrow)
[2026-05-26T16:22:02.614Z] Fee check: 0.0003 USDC accumulated (0.0003 USDC in escrow)
[2026-05-26T16:22:32.602Z] Fee check: 0.0003 USDC accumulated (0.0003 USDC in escrow)
[2026-05-26T16:23:02.883Z] Fee check: 0.0003 USDC accumulated (0.0003 USDC in escrow)
[2026-05-26T16:23:32.695Z] Fee check: 0.0003 USDC accumulated (0.0003 USDC in escrow)
[2026-05-26T16:24:02.945Z] Fee check: 0.0003 USDC accumulated (0.0003 USDC in escrow)
[2026-05-26T16:24:32.711Z] Fee check: 0.0003 USDC accumulated (0.0003 USDC in escrow)
[2026-05-26T16:25:02.986Z] Fee check: 0.0003 USDC accumulated (0.0003 USDC in escrow)
[2026-05-26T16:25:33.145Z] Fee check: 0.0003 USDC accumulated (0.0003 USDC in escrow)
[2026-05-26T16:26:03.168Z] Fee check: 0.0003 USDC accumulated (0.0003 USDC in escrow)
[2026-05-26T16:26:32.795Z] Fee check: 0.0003 USDC accumulated (0.0003 USDC in escrow)
[2026-05-26T16:27:03.094Z] Fee check: 0.0003 USDC accumulated (0.0003 USDC in escrow)
[2026-05-26T16:27:33.162Z] Fee check: 0.0003 USDC accumulated (0.0003 USDC in escrow)
[2026-05-26T16:28:02.847Z] Fee check: 0.0003 USDC accumulated (0.0003 USDC in escrow)
[2026-05-26T16:28:32.857Z] Fee check: 0.0003 USDC accumulated (0.0003 USDC in escrow)
[2026-05-26T16:29:02.890Z] Fee check: 0.0003 USDC accumulated (0.0003 USDC in escrow)
[2026-05-26T16:29:32.916Z] Fee check: 0.0003 USDC accumulated (0.0003 USDC in escrow)
[2026-05-26T16:30:02.948Z] Fee check: 0.0003 USDC accumulated (0.0003 USDC in escrow)
[2026-05-26T16:30:33.366Z] Fee check: 0.0003 USDC accumulated (0.0003 USDC in escrow)
[2026-05-26T16:31:03.024Z] Fee check: 0.0003 USDC accumulated (0.0003 USDC in escrow)
[2026-05-26T16:31:33.271Z] Fee check: 0.0003 USDC accumulated (0.0003 USDC in escrow)
[2026-05-26T16:32:03.033Z] Fee check: 0.0003 USDC accumulated (0.0003 USDC in escrow)
[2026-05-26T16:32:33.295Z] Fee check: 0.0003 USDC accumulated (0.0003 USDC in escrow)
[2026-05-26T16:33:03.057Z] Fee check: 0.0003 USDC accumulated (0.0003 USDC in escrow)
[2026-05-26T16:33:33.330Z] Fee check: 0.0003 USDC accumulated (0.0003 USDC in escrow)
[2026-05-26T16:34:03.109Z] Fee check: 0.0003 USDC accumulated (0.0003 USDC in escrow)
[2026-05-26T16:34:33.233Z] Fee check: 0.0003 USDC accumulated (0.0003 USDC in escrow)
[2026-05-26T16:35:03.412Z] Fee check: 0.0003 USDC accumulated (0.0003 USDC in escrow)
[2026-05-26T16:35:33.561Z] Fee check: 0.0003 USDC accumulated (0.0003 USDC in escrow)
[2026-05-26T16:36:03.333Z] Fee check: 0.0003 USDC accumulated (0.0003 USDC in escrow)
[2026-05-26T16:36:33.278Z] Fee check: 0.0003 USDC accumulated (0.0003 USDC in escrow)
[2026-05-26T16:37:03.256Z] Fee check: 0.0003 USDC accumulated (0.0003 USDC in escrow)
[2026-05-26T16:37:33.251Z] Fee check: 0.0003 USDC accumulated (0.0003 USDC in escrow)
[2026-05-26T16:38:03.277Z] Fee check: 0.0003 USDC accumulated (0.0003 USDC in escrow)
[2026-05-26T16:38:33.553Z] Fee check: 0.0003 USDC accumulated (0.0003 USDC in escrow)
[2026-05-26T16:39:03.310Z] Fee check: 0.0003 USDC accumulated (0.0003 USDC in escrow)
[2026-05-26T16:39:33.325Z] Fee check: 0.0003 USDC accumulated (0.0003 USDC in escrow)
[2026-05-26T16:40:03.363Z] Fee check: 0.0003 USDC accumulated (0.0003 USDC in escrow)
[2026-05-26T16:40:33.529Z] Fee check: 0.0003 USDC accumulated (0.0003 USDC in escrow)
[2026-05-26T16:41:03.791Z] Fee check: 0.0003 USDC accumulated (0.0003 USDC in escrow)
[2026-05-26T16:41:33.704Z] Fee check: 0.0003 USDC accumulated (0.0003 USDC in escrow)
[2026-05-26T16:42:03.467Z] Fee check: 0.0003 USDC accumulated (0.0003 USDC in escrow)
[2026-05-26T16:42:33.720Z] Fee check: 0.0003 USDC accumulated (0.0003 USDC in escrow)
[2026-05-26T16:43:03.483Z] Fee check: 0.0003 USDC accumulated (0.0003 USDC in escrow)
[2026-05-26T16:43:33.531Z] Fee check: 0.0003 USDC accumulated (0.0003 USDC in escrow)
[2026-05-26T16:44:03.805Z] Fee check: 0.0003 USDC accumulated (0.0003 USDC in escrow)
[2026-05-26T16:44:33.806Z] Fee check: 0.0003 USDC accumulated (0.0003 USDC in escrow)
[2026-05-26T16:45:03.591Z] Fee check: 0.0003 USDC accumulated (0.0003 USDC in escrow)
[2026-05-26T16:45:33.725Z] Fee check: 0.0003 USDC accumulated (0.0003 USDC in escrow)
[2026-05-26T16:46:03.733Z] Fee check: 0.0003 USDC accumulated (0.0003 USDC in escrow)
[2026-05-26T16:46:33.662Z] Fee check: 0.0003 USDC accumulated (0.0003 USDC in escrow)
[2026-05-26T16:47:03.959Z] Fee check: 0.0003 USDC accumulated (0.0003 USDC in escrow)
[2026-05-26T16:47:33.682Z] Fee check: 0.0003 USDC accumulated (0.0003 USDC in escrow)
[2026-05-26T16:48:04.273Z] Fee check: 0.0003 USDC accumulated (0.0003 USDC in escrow)
[2026-05-26T16:48:33.722Z] Fee check: 0.0003 USDC accumulated (0.0003 USDC in escrow)
[2026-05-26T16:49:03.747Z] Fee check: 0.0003 USDC accumulated (0.0003 USDC in escrow)
[2026-05-26T16:49:33.778Z] Fee check: 0.0003 USDC accumulated (0.0003 USDC in escrow)
[2026-05-26T16:50:03.804Z] Fee check: 0.0003 USDC accumulated (0.0003 USDC in escrow)
[2026-05-26T16:50:33.948Z] Fee check: 0.0003 USDC accumulated (0.0003 USDC in escrow)
[2026-05-26T16:51:04.239Z] Fee check: 0.0003 USDC accumulated (0.0003 USDC in escrow)
[2026-05-26T16:51:33.875Z] Fee check: 0.0003 USDC accumulated (0.0003 USDC in escrow)
[2026-05-26T16:52:03.905Z] Fee check: 0.0003 USDC accumulated (0.0003 USDC in escrow)
[2026-05-26T16:52:33.889Z] Fee check: 0.0003 USDC accumulated (0.0003 USDC in escrow)
[2026-05-26T16:53:03.910Z] Fee check: 0.0003 USDC accumulated (0.0003 USDC in escrow)
[2026-05-26T16:53:33.955Z] Fee check: 0.0003 USDC accumulated (0.0003 USDC in escrow)
[2026-05-26T16:54:03.956Z] Fee check: 0.0003 USDC accumulated (0.0003 USDC in escrow)
[2026-05-26T16:54:34.259Z] Fee check: 0.0003 USDC accumulated (0.0003 USDC in escrow)
[2026-05-26T16:55:03.995Z] Fee check: 0.0003 USDC accumulated (0.0003 USDC in escrow)
[2026-05-26T16:55:34.195Z] Fee check: 0.0003 USDC accumulated (0.0003 USDC in escrow)
[2026-05-26T16:56:04.059Z] Fee check: 0.0003 USDC accumulated (0.0003 USDC in escrow)
[2026-05-26T16:56:35.440Z] Fee check: 0.0003 USDC accumulated (0.0003 USDC in escrow)
[2026-05-26T16:57:04.381Z] Fee check: 0.0003 USDC accumulated (0.0003 USDC in escrow)
[2026-05-26T16:57:34.110Z] Fee check: 0.0003 USDC accumulated (0.0003 USDC in escrow)
[2026-05-26T16:58:04.132Z] Fee check: 0.0003 USDC accumulated (0.0003 USDC in escrow)
[2026-05-26T16:58:34.141Z] Fee check: 0.0003 USDC accumulated (0.0003 USDC in escrow)
[2026-05-26T16:59:04.431Z] Fee check: 0.0003 USDC accumulated (0.0003 USDC in escrow)
[2026-05-26T16:59:34.193Z] Fee check: 0.0003 USDC accumulated (0.0003 USDC in escrow)
[2026-05-26T17:00:04.227Z] Fee check: 0.0003 USDC accumulated (0.0003 USDC in escrow)
[2026-05-26T17:00:34.636Z] Fee check: 0.0003 USDC accumulated (0.0003 USDC in escrow)
[2026-05-26T17:01:04.393Z] Fee check: 0.0003 USDC accumulated (0.0003 USDC in escrow)
[2026-05-26T17:01:34.277Z] Fee check: 0.0003 USDC accumulated (0.0003 USDC in escrow)
[2026-05-26T17:02:04.593Z] Fee check: 0.0003 USDC accumulated (0.0003 USDC in escrow)
[2026-05-26T17:02:34.310Z] Fee check: 0.0003 USDC accumulated (0.0003 USDC in escrow)
[2026-05-26T17:03:04.341Z] Fee check: 0.0003 USDC accumulated (0.0003 USDC in escrow)
[2026-05-26T17:03:34.650Z] Fee check: 0.0003 USDC accumulated (0.0003 USDC in escrow)
[2026-05-26T17:04:04.388Z] Fee check: 0.0003 USDC accumulated (0.0003 USDC in escrow)
[2026-05-26T17:04:34.397Z] Fee check: 0.0003 USDC accumulated (0.0003 USDC in escrow)
[2026-05-26T17:05:04.702Z] Fee check: 0.0003 USDC accumulated (0.0003 USDC in escrow)
[2026-05-26T17:05:34.849Z] Fee check: 0.0003 USDC accumulated (0.0003 USDC in escrow)
[2026-05-26T17:06:04.724Z] Fee check: 0.0003 USDC accumulated (0.0003 USDC in escrow)
[2026-05-26T17:06:34.760Z] Fee check: 0.0003 USDC accumulated (0.0003 USDC in escrow)
[2026-05-26T17:07:04.552Z] Fee check: 0.0003 USDC accumulated (0.0003 USDC in escrow)
[2026-05-26T17:07:34.532Z] Fee check: 0.0003 USDC accumulated (0.0003 USDC in escrow)
[2026-05-26T17:08:04.564Z] Fee check: 0.0003 USDC accumulated (0.0003 USDC in escrow)
[2026-05-26T17:08:34.838Z] Fee check: 0.0003 USDC accumulated (0.0003 USDC in escrow)
[2026-05-26T17:09:04.597Z] Fee check: 0.0003 USDC accumulated (0.0003 USDC in escrow)
[2026-05-26T17:09:34.621Z] Fee check: 0.0003 USDC accumulated (0.0003 USDC in escrow)
[2026-05-26T17:10:04.700Z] Fee check: 0.0003 USDC accumulated (0.0003 USDC in escrow)
[2026-05-26T17:10:34.935Z] Fee check: 0.0003 USDC accumulated (0.0003 USDC in escrow)
[2026-05-26T17:11:06.008Z] Fee check: 0.0003 USDC accumulated (0.0003 USDC in escrow)
[2026-05-26T17:11:34.970Z] Fee check: 0.0003 USDC accumulated (0.0003 USDC in escrow)
[2026-05-26T17:12:05.026Z] Fee check: 0.0003 USDC accumulated (0.0003 USDC in escrow)
[2026-05-26T17:12:34.747Z] Fee check: 0.0003 USDC accumulated (0.0003 USDC in escrow)
[2026-05-26T17:13:05.040Z] Fee check: 0.0003 USDC accumulated (0.0003 USDC in escrow)
[2026-05-26T17:13:34.784Z] Fee check: 0.0003 USDC accumulated (0.0003 USDC in escrow)
[2026-05-26T17:14:04.809Z] Fee check: 0.0003 USDC accumulated (0.0003 USDC in escrow)
[2026-05-26T17:14:35.097Z] Fee check: 0.0003 USDC accumulated (0.0003 USDC in escrow)
[2026-05-26T17:15:05.118Z] Fee check: 0.0003 USDC accumulated (0.0003 USDC in escrow)
[2026-05-26T17:15:34.875Z] Fee check: 0.0003 USDC accumulated (0.0003 USDC in escrow)
[2026-05-26T17:16:05.028Z] Fee check: 0.0003 USDC accumulated (0.0003 USDC in escrow)
[2026-05-26T17:16:35.318Z] Fee check: 0.0003 USDC accumulated (0.0003 USDC in escrow)
[2026-05-26T17:17:04.952Z] Fee check: 0.0003 USDC accumulated (0.0003 USDC in escrow)
[2026-05-26T17:17:34.975Z] Fee check: 0.0003 USDC accumulated (0.0003 USDC in escrow)
[2026-05-26T17:18:04.974Z] Fee check: 0.0003 USDC accumulated (0.0003 USDC in escrow)
[2026-05-26T17:18:35.018Z] Fee check: 0.0003 USDC accumulated (0.0003 USDC in escrow)
[2026-05-26T17:19:05.044Z] Fee check: 0.0003 USDC accumulated (0.0003 USDC in escrow)
[2026-05-26T17:19:35.317Z] Fee check: 0.0003 USDC accumulated (0.0003 USDC in escrow)
[2026-05-26T17:20:05.330Z] Fee check: 0.0003 USDC accumulated (0.0003 USDC in escrow)
[2026-05-26T17:20:35.101Z] Fee check: 0.0003 USDC accumulated (0.0003 USDC in escrow)
[2026-05-26T17:21:05.511Z] Fee check: 0.0003 USDC accumulated (0.0003 USDC in escrow)
[2026-05-26T17:21:35.265Z] Fee check: 0.0003 USDC accumulated (0.0003 USDC in escrow)
[2026-05-26T17:22:05.300Z] Fee check: 0.0003 USDC accumulated (0.0003 USDC in escrow)
[2026-05-26T17:22:35.179Z] Fee check: 0.0003 USDC accumulated (0.0003 USDC in escrow)
[2026-05-26T17:23:05.189Z] Fee check: 0.0003 USDC accumulated (0.0003 USDC in escrow)
[2026-05-26T17:23:35.226Z] Fee check: 0.0003 USDC accumulated (0.0003 USDC in escrow)
[2026-05-26T17:24:05.254Z] Fee check: 0.0003 USDC accumulated (0.0003 USDC in escrow)
[2026-05-26T17:24:35.517Z] Fee check: 0.0003 USDC accumulated (0.0003 USDC in escrow)
[2026-05-26T17:25:05.292Z] Fee check: 0.0003 USDC accumulated (0.0003 USDC in escrow)
[2026-05-26T17:25:35.310Z] Fee check: 0.0003 USDC accumulated (0.0003 USDC in escrow)
[2026-05-26T17:26:05.726Z] Fee check: 0.0003 USDC accumulated (0.0003 USDC in escrow)
[2026-05-26T17:26:35.484Z] Fee check: 0.0003 USDC accumulated (0.0003 USDC in escrow)
[2026-05-26T17:27:05.505Z] Fee check: 0.0003 USDC accumulated (0.0003 USDC in escrow)
[2026-05-26T17:27:35.645Z] Fee check: 0.0003 USDC accumulated (0.0003 USDC in escrow)
[2026-05-26T17:28:05.576Z] Fee check: 0.0003 USDC accumulated (0.0003 USDC in escrow)
[2026-05-26T17:28:35.695Z] Fee check: 0.0003 USDC accumulated (0.0003 USDC in escrow)
[2026-05-26T17:29:05.461Z] Fee check: 0.0003 USDC accumulated (0.0003 USDC in escrow)
[2026-05-26T17:29:35.488Z] Fee check: 0.0003 USDC accumulated (0.0003 USDC in escrow)
[2026-05-26T17:30:05.514Z] Fee check: 0.0003 USDC accumulated (0.0003 USDC in escrow)
[2026-05-26T17:30:35.527Z] Fee check: 0.0003 USDC accumulated (0.0003 USDC in escrow)
[2026-05-26T17:31:05.944Z] Fee check: 0.0003 USDC accumulated (0.0003 USDC in escrow)
[2026-05-26T17:31:35.694Z] Fee check: 0.0003 USDC accumulated (0.0003 USDC in escrow)
[2026-05-26T17:32:05.722Z] Fee check: 0.0003 USDC accumulated (0.0003 USDC in escrow)
[2026-05-26T17:32:35.600Z] Fee check: 0.0003 USDC accumulated (0.0003 USDC in escrow)
[2026-05-26T17:33:05.634Z] Fee check: 0.0003 USDC accumulated (0.0003 USDC in escrow)
[2026-05-26T17:33:35.917Z] Fee check: 0.0003 USDC accumulated (0.0003 USDC in escrow)
[2026-05-26T17:34:05.727Z] Fee check: 0.0003 USDC accumulated (0.0003 USDC in escrow)
[2026-05-26T17:34:35.957Z] Fee check: 0.0003 USDC accumulated (0.0003 USDC in escrow)
[2026-05-26T17:35:05.716Z] Fee check: 0.0003 USDC accumulated (0.0003 USDC in escrow)
[2026-05-26T17:35:35.817Z] Fee check: 0.0003 USDC accumulated (0.0003 USDC in escrow)
[2026-05-26T17:36:05.893Z] Fee check: 0.0003 USDC accumulated (0.0003 USDC in escrow)
[2026-05-26T17:36:35.914Z] Fee check: 0.0003 USDC accumulated (0.0003 USDC in escrow)
[2026-05-26T17:37:05.949Z] Fee check: 0.0003 USDC accumulated (0.0003 USDC in escrow)
[2026-05-26T17:37:35.816Z] Fee check: 0.0003 USDC accumulated (0.0003 USDC in escrow)
[2026-05-26T17:38:06.093Z] Fee check: 0.0003 USDC accumulated (0.0003 USDC in escrow)
[2026-05-26T17:38:35.860Z] Fee check: 0.0003 USDC accumulated (0.0003 USDC in escrow)
[2026-05-26T17:39:05.887Z] Fee check: 0.0003 USDC accumulated (0.0003 USDC in escrow)
[2026-05-26T17:39:36.054Z] Fee check: 0.0003 USDC accumulated (0.0003 USDC in escrow)
[2026-05-26T17:40:05.935Z] Fee check: 0.0003 USDC accumulated (0.0003 USDC in escrow)
[2026-05-26T17:40:35.977Z] Fee check: 0.0003 USDC accumulated (0.0003 USDC in escrow)
[2026-05-26T17:41:06.126Z] Fee check: 0.0003 USDC accumulated (0.0003 USDC in escrow)
[2026-05-26T17:41:36.390Z] Fee check: 0.0003 USDC accumulated (0.0003 USDC in escrow)
[2026-05-26T17:42:06.016Z] Fee check: 0.0003 USDC accumulated (0.0003 USDC in escrow)
[2026-05-26T17:42:36.033Z] Fee check: 0.0003 USDC accumulated (0.0003 USDC in escrow)
[2026-05-26T17:43:06.045Z] Fee check: 0.0003 USDC accumulated (0.0003 USDC in escrow)
[2026-05-26T17:43:36.067Z] Fee check: 0.0003 USDC accumulated (0.0003 USDC in escrow)
[2026-05-26T17:44:06.368Z] Fee check: 0.0003 USDC accumulated (0.0003 USDC in escrow)
[2026-05-26T17:44:36.120Z] Fee check: 0.0003 USDC accumulated (0.0003 USDC in escrow)
[2026-05-26T17:45:06.157Z] Fee check: 0.0003 USDC accumulated (0.0003 USDC in escrow)
[2026-05-26T17:45:36.420Z] Fee check: 0.0003 USDC accumulated (0.0003 USDC in escrow)
[2026-05-26T17:46:06.578Z] Fee check: 0.0003 USDC accumulated (0.0003 USDC in escrow)
[2026-05-26T17:46:36.335Z] Fee check: 0.0003 USDC accumulated (0.0003 USDC in escrow)
[2026-05-26T17:47:06.418Z] Fee check: 0.0003 USDC accumulated (0.0003 USDC in escrow)
[2026-05-26T17:47:37.000Z] Fee check: 0.0003 USDC accumulated (0.0003 USDC in escrow)
[2026-05-26T17:48:06.589Z] Fee check: 0.0003 USDC accumulated (0.0003 USDC in escrow)
[2026-05-26T17:48:36.340Z] Fee check: 0.0003 USDC accumulated (0.0003 USDC in escrow)
[2026-05-26T17:49:07.275Z] Fee check: 0.0003 USDC accumulated (0.0003 USDC in escrow)
[2026-05-26T17:49:36.826Z] Fee check: 0.0003 USDC accumulated (0.0003 USDC in escrow)
[2026-05-26T17:50:06.355Z] Fee check: 0.0003 USDC accumulated (0.0003 USDC in escrow)
[2026-05-26T17:50:36.376Z] Fee check: 0.0003 USDC accumulated (0.0003 USDC in escrow)
[2026-05-26T17:51:06.530Z] Fee check: 0.0003 USDC accumulated (0.0003 USDC in escrow)
[2026-05-26T17:51:36.560Z] Fee check: 0.0003 USDC accumulated (0.0003 USDC in escrow)
[2026-05-26T17:52:06.572Z] Fee check: 0.0003 USDC accumulated (0.0003 USDC in escrow)
[2026-05-26T17:52:36.465Z] Fee check: 0.0003 USDC accumulated (0.0003 USDC in escrow)
[2026-05-26T17:53:06.494Z] Fee check: 0.0003 USDC accumulated (0.0003 USDC in escrow)
[2026-05-26T17:53:36.498Z] Fee check: 0.0003 USDC accumulated (0.0003 USDC in escrow)
[2026-05-26T17:54:06.792Z] Fee check: 0.0003 USDC accumulated (0.0003 USDC in escrow)
[2026-05-26T17:54:36.698Z] Fee check: 0.0003 USDC accumulated (0.0003 USDC in escrow)
[2026-05-26T17:55:06.578Z] Fee check: 0.0003 USDC accumulated (0.0003 USDC in escrow)
[2026-05-26T17:55:36.860Z] Fee check: 0.0003 USDC accumulated (0.0003 USDC in escrow)
[2026-05-26T17:56:06.746Z] Fee check: 0.0003 USDC accumulated (0.0003 USDC in escrow)
[2026-05-26T17:56:38.638Z] Fee check: 0.0003 USDC accumulated (0.0003 USDC in escrow)
[2026-05-26T17:57:06.808Z] Fee check: 0.0003 USDC accumulated (0.0003 USDC in escrow)
[2026-05-26T17:57:36.694Z] Fee check: 0.0003 USDC accumulated (0.0003 USDC in escrow)
[2026-05-26T17:58:06.965Z] Fee check: 0.0003 USDC accumulated (0.0003 USDC in escrow)
[2026-05-26T17:58:36.723Z] Fee check: 0.0003 USDC accumulated (0.0003 USDC in escrow)
[2026-05-26T17:59:06.998Z] Fee check: 0.0003 USDC accumulated (0.0003 USDC in escrow)
[2026-05-26T17:59:36.766Z] Fee check: 0.0003 USDC accumulated (0.0003 USDC in escrow)
[2026-05-26T18:00:06.789Z] Fee check: 0.0003 USDC accumulated (0.0003 USDC in escrow)
[2026-05-26T18:00:37.082Z] Fee check: 0.0003 USDC accumulated (0.0003 USDC in escrow)
[2026-05-26T18:01:06.992Z] Fee check: 0.0003 USDC accumulated (0.0003 USDC in escrow)
[2026-05-26T18:01:37.012Z] Fee check: 0.0003 USDC accumulated (0.0003 USDC in escrow)
[2026-05-26T18:02:07.020Z] Fee check: 0.0003 USDC accumulated (0.0003 USDC in escrow)
[2026-05-26T18:02:37.142Z] Fee check: 0.0003 USDC accumulated (0.0003 USDC in escrow)
[2026-05-26T18:03:06.934Z] Fee check: 0.0003 USDC accumulated (0.0003 USDC in escrow)
[2026-05-26T18:03:37.199Z] Fee check: 0.0003 USDC accumulated (0.0003 USDC in escrow)
[2026-05-26T18:04:06.969Z] Fee check: 0.0003 USDC accumulated (0.0003 USDC in escrow)
[2026-05-26T18:04:36.991Z] Fee check: 0.0003 USDC accumulated (0.0003 USDC in escrow)
[2026-05-26T18:05:07.085Z] Fee check: 0.0003 USDC accumulated (0.0003 USDC in escrow)
[2026-05-26T18:05:37.018Z] Fee check: 0.0003 USDC accumulated (0.0003 USDC in escrow)
[2026-05-26T18:06:07.193Z] Fee check: 0.0003 USDC accumulated (0.0003 USDC in escrow)
[2026-05-26T18:06:37.215Z] Fee check: 0.0003 USDC accumulated (0.0003 USDC in escrow)
[2026-05-26T18:07:07.371Z] Fee check: 0.0003 USDC accumulated (0.0003 USDC in escrow)
[2026-05-26T18:07:37.124Z] Fee check: 0.0003 USDC accumulated (0.0003 USDC in escrow)
[2026-05-26T18:08:07.134Z] Fee check: 0.0003 USDC accumulated (0.0003 USDC in escrow)
[2026-05-26T18:08:37.160Z] Fee check: 0.0003 USDC accumulated (0.0003 USDC in escrow)
[2026-05-26T18:09:07.188Z] Fee check: 0.0003 USDC accumulated (0.0003 USDC in escrow)
[2026-05-26T18:09:37.199Z] Fee check: 0.0003 USDC accumulated (0.0003 USDC in escrow)
[2026-05-26T18:10:07.694Z] Fee check: 0.0003 USDC accumulated (0.0003 USDC in escrow)
[2026-05-26T18:10:37.260Z] Fee check: 0.0003 USDC accumulated (0.0003 USDC in escrow)
[2026-05-26T18:11:07.679Z] Fee check: 0.0003 USDC accumulated (0.0003 USDC in escrow)
[2026-05-26T18:11:37.433Z] Fee check: 0.0003 USDC accumulated (0.0003 USDC in escrow)
[2026-05-26T18:12:07.459Z] Fee check: 0.0003 USDC accumulated (0.0003 USDC in escrow)
[2026-05-26T18:12:37.580Z] Fee check: 0.0003 USDC accumulated (0.0003 USDC in escrow)
[2026-05-26T18:13:07.358Z] Fee check: 0.0003 USDC accumulated (0.0003 USDC in escrow)
[2026-05-26T18:13:37.636Z] Fee check: 0.0003 USDC accumulated (0.0003 USDC in escrow)
[2026-05-26T18:14:07.435Z] Fee check: 0.0003 USDC accumulated (0.0003 USDC in escrow)
[2026-05-26T18:14:37.414Z] Fee check: 0.0003 USDC accumulated (0.0003 USDC in escrow)
[2026-05-26T18:15:07.714Z] Fee check: 0.0003 USDC accumulated (0.0003 USDC in escrow)
[2026-05-26T18:15:37.448Z] Fee check: 0.0003 USDC accumulated (0.0003 USDC in escrow)
[2026-05-26T18:16:07.890Z] Fee check: 0.0003 USDC accumulated (0.0003 USDC in escrow)
[2026-05-26T18:16:37.633Z] Fee check: 0.0003 USDC accumulated (0.0003 USDC in escrow)
[2026-05-26T18:17:07.674Z] Fee check: 0.0003 USDC accumulated (0.0003 USDC in escrow)
[2026-05-26T18:17:37.806Z] Fee check: 0.0003 USDC accumulated (0.0003 USDC in escrow)
[2026-05-26T18:18:07.564Z] Fee check: 0.0003 USDC accumulated (0.0003 USDC in escrow)
[2026-05-26T18:18:37.600Z] Fee check: 0.0003 USDC accumulated (0.0003 USDC in escrow)
[2026-05-26T18:19:07.606Z] Fee check: 0.0003 USDC accumulated (0.0003 USDC in escrow)
[2026-05-26T18:19:37.628Z] Fee check: 0.0003 USDC accumulated (0.0003 USDC in escrow)
[2026-05-26T18:20:07.907Z] Fee check: 0.0003 USDC accumulated (0.0003 USDC in escrow)
[2026-05-26T18:20:37.687Z] Fee check: 0.0003 USDC accumulated (0.0003 USDC in escrow)
[2026-05-26T18:21:07.827Z] Fee check: 0.0003 USDC accumulated (0.0003 USDC in escrow)
[2026-05-26T18:21:37.844Z] Fee check: 0.0003 USDC accumulated (0.0003 USDC in escrow)
[2026-05-26T18:22:07.899Z] Fee check: 0.0003 USDC accumulated (0.0003 USDC in escrow)
[2026-05-26T18:22:37.760Z] Fee check: 0.0003 USDC accumulated (0.0003 USDC in escrow)
[2026-05-26T18:23:07.772Z] Fee check: 0.0003 USDC accumulated (0.0003 USDC in escrow)
[2026-05-26T18:23:38.059Z] Fee check: 0.0003 USDC accumulated (0.0003 USDC in escrow)
[2026-05-26T18:24:07.819Z] Fee check: 0.0003 USDC accumulated (0.0003 USDC in escrow)
[2026-05-26T18:24:37.853Z] Fee check: 0.0003 USDC accumulated (0.0003 USDC in escrow)
[2026-05-26T18:25:08.135Z] Fee check: 0.0003 USDC accumulated (0.0003 USDC in escrow)
[2026-05-26T18:25:37.913Z] Fee check: 0.0003 USDC accumulated (0.0003 USDC in escrow)
[2026-05-26T18:26:08.042Z] Fee check: 0.0003 USDC accumulated (0.0003 USDC in escrow)
[2026-05-26T18:26:38.081Z] Fee check: 0.0003 USDC accumulated (0.0003 USDC in escrow)
[2026-05-26T18:27:08.032Z] Fee check: 0.0003 USDC accumulated (0.0003 USDC in escrow)
[2026-05-26T18:27:37.969Z] Fee check: 0.0003 USDC accumulated (0.0003 USDC in escrow)
[2026-05-26T18:28:08.434Z] Fee check: 0.0003 USDC accumulated (0.0003 USDC in escrow)
[2026-05-26T18:28:38.284Z] Fee check: 0.0003 USDC accumulated (0.0003 USDC in escrow)
[2026-05-26T18:29:08.055Z] Fee check: 0.0003 USDC accumulated (0.0003 USDC in escrow)
[2026-05-26T18:29:38.051Z] Fee check: 0.0003 USDC accumulated (0.0003 USDC in escrow)
[2026-05-26T18:30:08.342Z] Fee check: 0.0003 USDC accumulated (0.0003 USDC in escrow)
[2026-05-26T18:30:38.119Z] Fee check: 0.0003 USDC accumulated (0.0003 USDC in escrow)
[2026-05-26T18:31:08.529Z] Fee check: 0.0003 USDC accumulated (0.0003 USDC in escrow)
[2026-05-26T18:31:38.319Z] Fee check: 0.0003 USDC accumulated (0.0003 USDC in escrow)
[2026-05-26T18:32:08.305Z] Fee check: 0.0003 USDC accumulated (0.0003 USDC in escrow)
[2026-05-26T18:32:38.184Z] Fee check: 0.0003 USDC accumulated (0.0003 USDC in escrow)
[2026-05-26T18:33:08.467Z] Fee check: 0.0003 USDC accumulated (0.0003 USDC in escrow)
[2026-05-26T18:33:38.231Z] Fee check: 0.0003 USDC accumulated (0.0003 USDC in escrow)
[2026-05-26T18:34:08.334Z] Fee check: 0.0003 USDC accumulated (0.0003 USDC in escrow)
[2026-05-26T18:34:38.272Z] Fee check: 0.0003 USDC accumulated (0.0003 USDC in escrow)
[2026-05-26T18:35:08.587Z] Fee check: 0.0003 USDC accumulated (0.0003 USDC in escrow)
[2026-05-26T18:35:38.628Z] Fee check: 0.0003 USDC accumulated (0.0003 USDC in escrow)
[2026-05-26T18:36:08.498Z] Fee check: 0.0003 USDC accumulated (0.0003 USDC in escrow)
[2026-05-26T18:36:38.507Z] Fee check: 0.0003 USDC accumulated (0.0003 USDC in escrow)
[2026-05-26T18:37:08.541Z] Fee check: 0.0003 USDC accumulated (0.0003 USDC in escrow)
[2026-05-26T18:37:38.647Z] Fee check: 0.0003 USDC accumulated (0.0003 USDC in escrow)
[2026-05-26T18:38:08.414Z] Fee check: 0.0003 USDC accumulated (0.0003 USDC in escrow)
[2026-05-26T18:38:38.461Z] Fee check: 0.0003 USDC accumulated (0.0003 USDC in escrow)
[2026-05-26T18:39:08.466Z] Fee check: 0.0003 USDC accumulated (0.0003 USDC in escrow)
[2026-05-26T18:39:38.506Z] Fee check: 0.0003 USDC accumulated (0.0003 USDC in escrow)
[2026-05-26T18:40:08.563Z] Fee check: 0.0003 USDC accumulated (0.0003 USDC in escrow)
[2026-05-26T18:40:38.539Z] Fee check: 0.0003 USDC accumulated (0.0003 USDC in escrow)
[2026-05-26T18:41:09.028Z] Fee check: 0.0003 USDC accumulated (0.0003 USDC in escrow)
[2026-05-26T18:41:38.684Z] Fee check: 0.0003 USDC accumulated (0.0003 USDC in escrow)
[2026-05-26T18:42:08.739Z] Fee check: 0.0003 USDC accumulated (0.0003 USDC in escrow)
[2026-05-26T18:42:38.883Z] Fee check: 0.0003 USDC accumulated (0.0003 USDC in escrow)
[2026-05-26T18:43:08.949Z] Fee check: 0.0003 USDC accumulated (0.0003 USDC in escrow)
[2026-05-26T18:43:38.640Z] Fee check: 0.0003 USDC accumulated (0.0003 USDC in escrow)
[2026-05-26T18:44:08.944Z] Fee check: 0.0003 USDC accumulated (0.0003 USDC in escrow)
[2026-05-26T18:44:38.933Z] Fee check: 0.0003 USDC accumulated (0.0003 USDC in escrow)
[2026-05-26T18:45:08.745Z] Fee check: 0.0003 USDC accumulated (0.0003 USDC in escrow)
[2026-05-26T18:45:38.741Z] Fee check: 0.0003 USDC accumulated (0.0003 USDC in escrow)
[2026-05-26T18:46:08.889Z] Fee check: 0.0003 USDC accumulated (0.0003 USDC in escrow)
[2026-05-26T18:46:39.152Z] Fee check: 0.0003 USDC accumulated (0.0003 USDC in escrow)
[2026-05-26T18:47:08.926Z] Fee check: 0.0003 USDC accumulated (0.0003 USDC in escrow)
[2026-05-26T18:47:38.811Z] Fee check: 0.0003 USDC accumulated (0.0003 USDC in escrow)
[2026-05-26T18:48:09.097Z] Fee check: 0.0003 USDC accumulated (0.0003 USDC in escrow)
[2026-05-26T18:48:38.856Z] Fee check: 0.0003 USDC accumulated (0.0003 USDC in escrow)
[2026-05-26T18:49:09.129Z] Fee check: 0.0003 USDC accumulated (0.0003 USDC in escrow)
[2026-05-26T18:49:38.886Z] Fee check: 0.0003 USDC accumulated (0.0003 USDC in escrow)
[2026-05-26T18:50:09.212Z] Fee check: 0.0003 USDC accumulated (0.0003 USDC in escrow)
[2026-05-26T18:50:38.974Z] Fee check: 0.0003 USDC accumulated (0.0003 USDC in escrow)
[2026-05-26T18:51:09.361Z] Fee check: 0.0003 USDC accumulated (0.0003 USDC in escrow)
[2026-05-26T18:51:39.125Z] Fee check: 0.0003 USDC accumulated (0.0003 USDC in escrow)
[2026-05-26T18:52:09.009Z] Fee check: 0.0003 USDC accumulated (0.0003 USDC in escrow)
[2026-05-26T18:52:39.029Z] Fee check: 0.0003 USDC accumulated (0.0003 USDC in escrow)
[2026-05-26T18:53:09.070Z] Fee check: 0.0003 USDC accumulated (0.0003 USDC in escrow)
[2026-05-26T18:53:39.051Z] Fee check: 0.0003 USDC accumulated (0.0003 USDC in escrow)
[2026-05-26T18:54:09.078Z] Fee check: 0.0003 USDC accumulated (0.0003 USDC in escrow)
[2026-05-26T18:54:39.103Z] Fee check: 0.0003 USDC accumulated (0.0003 USDC in escrow)
[2026-05-26T18:55:09.127Z] Fee check: 0.0003 USDC accumulated (0.0003 USDC in escrow)
[2026-05-26T18:55:39.272Z] Fee check: 0.0003 USDC accumulated (0.0003 USDC in escrow)
[2026-05-26T18:56:09.365Z] Fee check: 0.0003 USDC accumulated (0.0003 USDC in escrow)
[2026-05-26T18:56:39.649Z] Fee check: 0.0003 USDC accumulated (0.0003 USDC in escrow)
[2026-05-26T18:57:09.384Z] Fee check: 0.0003 USDC accumulated (0.0003 USDC in escrow)
[2026-05-26T18:57:39.246Z] Fee check: 0.0003 USDC accumulated (0.0003 USDC in escrow)
[2026-05-26T18:58:09.494Z] Fee check: 0.0003 USDC accumulated (0.0003 USDC in escrow)
[2026-05-26T18:58:39.290Z] Fee check: 0.0003 USDC accumulated (0.0003 USDC in escrow)
[2026-05-26T18:59:09.604Z] Fee check: 0.0003 USDC accumulated (0.0003 USDC in escrow)
[2026-05-26T18:59:39.319Z] Fee check: 0.0003 USDC accumulated (0.0003 USDC in escrow)
[2026-05-26T19:00:09.352Z] Fee check: 0.0003 USDC accumulated (0.0003 USDC in escrow)
[2026-05-26T19:00:39.669Z] Fee check: 0.0003 USDC accumulated (0.0003 USDC in escrow)
[2026-05-26T19:01:09.553Z] Fee check: 0.0003 USDC accumulated (0.0003 USDC in escrow)
[2026-05-26T19:01:39.615Z] Fee check: 0.0003 USDC accumulated (0.0003 USDC in escrow)
[2026-05-26T19:02:09.815Z] Fee check: 0.0003 USDC accumulated (0.0003 USDC in escrow)
[2026-05-26T19:02:39.436Z] Fee check: 0.0003 USDC accumulated (0.0003 USDC in escrow)
[2026-05-26T19:03:09.474Z] Fee check: 0.0003 USDC accumulated (0.0003 USDC in escrow)
[2026-05-26T19:03:39.504Z] Fee check: 0.0003 USDC accumulated (0.0003 USDC in escrow)
[2026-05-26T19:04:09.551Z] Fee check: 0.0003 USDC accumulated (0.0003 USDC in escrow)
[2026-05-26T19:04:39.598Z] Fee check: 0.0003 USDC accumulated (0.0003 USDC in escrow)
[2026-05-26T19:05:09.570Z] Fee check: 0.0003 USDC accumulated (0.0003 USDC in escrow)
[2026-05-26T19:05:39.617Z] Fee check: 0.0003 USDC accumulated (0.0003 USDC in escrow)
[2026-05-26T19:06:09.779Z] Fee check: 0.0003 USDC accumulated (0.0003 USDC in escrow)
[2026-05-26T19:06:40.037Z] Fee check: 0.0003 USDC accumulated (0.0003 USDC in escrow)
[2026-05-26T19:07:09.916Z] Fee check: 0.0003 USDC accumulated (0.0003 USDC in escrow)
[2026-05-26T19:07:39.937Z] Fee check: 0.0003 USDC accumulated (0.0003 USDC in escrow)
[2026-05-26T19:08:09.699Z] Fee check: 0.0003 USDC accumulated (0.0003 USDC in escrow)
[2026-05-26T19:08:39.725Z] Fee check: 0.0003 USDC accumulated (0.0003 USDC in escrow)
[2026-05-26T19:09:09.724Z] Fee check: 0.0003 USDC accumulated (0.0003 USDC in escrow)
[2026-05-26T19:09:39.828Z] Fee check: 0.0003 USDC accumulated (0.0003 USDC in escrow)
[2026-05-26T19:10:09.781Z] Fee check: 0.0003 USDC accumulated (0.0003 USDC in escrow)
[2026-05-26T19:10:40.086Z] Fee check: 0.0003 USDC accumulated (0.0003 USDC in escrow)
[2026-05-26T19:11:09.958Z] Fee check: 0.0003 USDC accumulated (0.0003 USDC in escrow)
[2026-05-26T19:11:40.012Z] Fee check: 0.0003 USDC accumulated (0.0003 USDC in escrow)
[2026-05-26T19:12:10.020Z] Fee check: 0.0003 USDC accumulated (0.0003 USDC in escrow)
[2026-05-26T19:12:40.011Z] Fee check: 0.0003 USDC accumulated (0.0003 USDC in escrow)
[2026-05-26T19:13:09.911Z] Fee check: 0.0003 USDC accumulated (0.0003 USDC in escrow)
[2026-05-26T19:13:39.936Z] Fee check: 0.0003 USDC accumulated (0.0003 USDC in escrow)
[2026-05-26T19:14:10.035Z] Fee check: 0.0003 USDC accumulated (0.0003 USDC in escrow)
[2026-05-26T19:14:39.985Z] Fee check: 0.0003 USDC accumulated (0.0003 USDC in escrow)
[2026-05-26T19:15:09.999Z] Fee check: 0.0003 USDC accumulated (0.0003 USDC in escrow)
[2026-05-26T19:15:40.088Z] Fee check: 0.0003 USDC accumulated (0.0003 USDC in escrow)
[2026-05-26T19:16:10.182Z] Fee check: 0.0003 USDC accumulated (0.0003 USDC in escrow)
[2026-05-26T19:16:40.335Z] Fee check: 0.0003 USDC accumulated (0.0003 USDC in escrow)
[2026-05-26T19:17:10.217Z] Fee check: 0.0003 USDC accumulated (0.0003 USDC in escrow)
[2026-05-26T19:17:40.263Z] Fee check: 0.0003 USDC accumulated (0.0003 USDC in escrow)
[2026-05-26T19:18:10.138Z] Fee check: 0.0003 USDC accumulated (0.0003 USDC in escrow)
[2026-05-26T19:18:40.159Z] Fee check: 0.0003 USDC accumulated (0.0003 USDC in escrow)
[2026-05-26T19:19:10.159Z] Fee check: 0.0003 USDC accumulated (0.0003 USDC in escrow)
[2026-05-26T19:19:40.182Z] Fee check: 0.0003 USDC accumulated (0.0003 USDC in escrow)
[2026-05-26T19:20:10.218Z] Fee check: 0.0003 USDC accumulated (0.0003 USDC in escrow)
[2026-05-26T19:20:40.234Z] Fee check: 0.0003 USDC accumulated (0.0003 USDC in escrow)
[2026-05-26T19:21:10.374Z] Fee check: 0.0003 USDC accumulated (0.0003 USDC in escrow)
[2026-05-26T19:21:40.412Z] Fee check: 0.0003 USDC accumulated (0.0003 USDC in escrow)
[2026-05-26T19:22:10.467Z] Fee check: 0.0003 USDC accumulated (0.0003 USDC in escrow)
[2026-05-26T19:22:40.437Z] Fee check: 0.0003 USDC accumulated (0.0003 USDC in escrow)
[2026-05-26T19:23:10.598Z] Fee check: 0.0003 USDC accumulated (0.0003 USDC in escrow)
[2026-05-26T19:23:40.369Z] Fee check: 0.0003 USDC accumulated (0.0003 USDC in escrow)
[2026-05-26T19:24:10.646Z] Fee check: 0.0003 USDC accumulated (0.0003 USDC in escrow)
[2026-05-26T19:24:40.398Z] Fee check: 0.0003 USDC accumulated (0.0003 USDC in escrow)
[2026-05-26T19:25:10.428Z] Fee check: 0.0003 USDC accumulated (0.0003 USDC in escrow)
[2026-05-26T19:25:40.450Z] Fee check: 0.0003 USDC accumulated (0.0003 USDC in escrow)
[2026-05-26T19:26:10.637Z] Fee check: 0.0003 USDC accumulated (0.0003 USDC in escrow)
[2026-05-26T19:26:40.656Z] Fee check: 0.0003 USDC accumulated (0.0003 USDC in escrow)
[2026-05-26T19:27:10.687Z] Fee check: 0.0003 USDC accumulated (0.0003 USDC in escrow)
[2026-05-26T19:27:40.675Z] Fee check: 0.0003 USDC accumulated (0.0003 USDC in escrow)
[2026-05-26T19:28:10.566Z] Fee check: 0.0003 USDC accumulated (0.0003 USDC in escrow)
[2026-05-26T19:28:40.605Z] Fee check: 0.0003 USDC accumulated (0.0003 USDC in escrow)
[2026-05-26T19:29:10.878Z] Fee check: 0.0003 USDC accumulated (0.0003 USDC in escrow)
[2026-05-26T19:29:40.644Z] Fee check: 0.0003 USDC accumulated (0.0003 USDC in escrow)
[2026-05-26T19:30:10.670Z] Fee check: 0.0003 USDC accumulated (0.0003 USDC in escrow)
[2026-05-26T19:30:40.708Z] Fee check: 0.0003 USDC accumulated (0.0003 USDC in escrow)
[2026-05-26T19:31:10.840Z] Fee check: 0.0003 USDC accumulated (0.0003 USDC in escrow)
[2026-05-26T19:31:40.883Z] Fee check: 0.0003 USDC accumulated (0.0003 USDC in escrow)
[2026-05-26T19:32:10.878Z] Fee check: 0.0003 USDC accumulated (0.0003 USDC in escrow)
[2026-05-26T19:32:40.912Z] Fee check: 0.0003 USDC accumulated (0.0003 USDC in escrow)
[2026-05-26T19:33:11.111Z] Fee check: 0.0003 USDC accumulated (0.0003 USDC in escrow)
[2026-05-26T19:33:40.837Z] Fee check: 0.0003 USDC accumulated (0.0003 USDC in escrow)
[2026-05-26T19:34:10.852Z] Fee check: 0.0003 USDC accumulated (0.0003 USDC in escrow)
[2026-05-26T19:34:40.884Z] Fee check: 0.0003 USDC accumulated (0.0003 USDC in escrow)
[2026-05-26T19:35:11.197Z] Fee check: 0.0003 USDC accumulated (0.0003 USDC in escrow)
[2026-05-26T19:35:40.932Z] Fee check: 0.0003 USDC accumulated (0.0003 USDC in escrow)
[2026-05-26T19:36:11.336Z] Fee check: 0.0003 USDC accumulated (0.0003 USDC in escrow)
[2026-05-26T19:36:41.237Z] Fee check: 0.0003 USDC accumulated (0.0003 USDC in escrow)
[2026-05-26T19:37:11.114Z] Fee check: 0.0003 USDC accumulated (0.0003 USDC in escrow)
[2026-05-26T19:37:41.008Z] Fee check: 0.0003 USDC accumulated (0.0003 USDC in escrow)
[2026-05-26T19:38:11.050Z] Fee check: 0.0003 USDC accumulated (0.0003 USDC in escrow)
[2026-05-26T19:38:41.068Z] Fee check: 0.0003 USDC accumulated (0.0003 USDC in escrow)
[2026-05-26T19:39:11.350Z] Fee check: 0.0003 USDC accumulated (0.0003 USDC in escrow)
[2026-05-26T19:39:41.418Z] Fee check: 0.0003 USDC accumulated (0.0003 USDC in escrow)
[2026-05-26T19:40:11.139Z] Fee check: 0.0003 USDC accumulated (0.0003 USDC in escrow)
[2026-05-26T19:40:41.177Z] Fee check: 0.0003 USDC accumulated (0.0003 USDC in escrow)
[2026-05-26T19:41:11.343Z] Fee check: 0.0003 USDC accumulated (0.0003 USDC in escrow)
[2026-05-26T19:41:41.614Z] Fee check: 0.0003 USDC accumulated (0.0003 USDC in escrow)
[2026-05-26T19:42:11.380Z] Fee check: 0.0003 USDC accumulated (0.0003 USDC in escrow)
[2026-05-26T19:42:41.363Z] Fee check: 0.0003 USDC accumulated (0.0003 USDC in escrow)
[2026-05-26T19:43:11.255Z] Fee check: 0.0003 USDC accumulated (0.0003 USDC in escrow)
[2026-05-26T19:43:41.567Z] Fee check: 0.0003 USDC accumulated (0.0003 USDC in escrow)
[2026-05-26T19:44:11.318Z] Fee check: 0.0003 USDC accumulated (0.0003 USDC in escrow)
[2026-05-26T19:44:41.605Z] Fee check: 0.0003 USDC accumulated (0.0003 USDC in escrow)
[2026-05-26T19:45:11.353Z] Fee check: 0.0003 USDC accumulated (0.0003 USDC in escrow)
[2026-05-26T19:45:41.630Z] Fee check: 0.0003 USDC accumulated (0.0003 USDC in escrow)
[2026-05-26T19:46:11.531Z] Fee check: 0.0003 USDC accumulated (0.0003 USDC in escrow)
[2026-05-26T19:46:41.592Z] Fee check: 0.0003 USDC accumulated (0.0003 USDC in escrow)
[2026-05-26T19:47:11.847Z] Fee check: 0.0003 USDC accumulated (0.0003 USDC in escrow)
[2026-05-26T19:47:41.579Z] Fee check: 0.0003 USDC accumulated (0.0003 USDC in escrow)
[2026-05-26T19:48:11.502Z] Fee check: 0.0003 USDC accumulated (0.0003 USDC in escrow)
[2026-05-26T19:48:41.521Z] Fee check: 0.0003 USDC accumulated (0.0003 USDC in escrow)
[2026-05-26T19:49:11.816Z] Fee check: 0.0003 USDC accumulated (0.0003 USDC in escrow)
[2026-05-26T19:49:41.587Z] Fee check: 0.0003 USDC accumulated (0.0003 USDC in escrow)
[2026-05-26T19:50:11.586Z] Fee check: 0.0003 USDC accumulated (0.0003 USDC in escrow)
[2026-05-26T19:50:41.598Z] Fee check: 0.0003 USDC accumulated (0.0003 USDC in escrow)
[2026-05-26T19:51:12.018Z] Fee check: 0.0003 USDC accumulated (0.0003 USDC in escrow)
[2026-05-26T19:51:41.794Z] Fee check: 0.0003 USDC accumulated (0.0003 USDC in escrow)
[2026-05-26T19:52:11.802Z] Fee check: 0.0003 USDC accumulated (0.0003 USDC in escrow)
[2026-05-26T19:52:41.834Z] Fee check: 0.0003 USDC accumulated (0.0003 USDC in escrow)
[2026-05-26T19:53:11.739Z] Fee check: 0.0003 USDC accumulated (0.0003 USDC in escrow)
[2026-05-26T19:53:41.760Z] Fee check: 0.0003 USDC accumulated (0.0003 USDC in escrow)
[2026-05-26T19:54:12.072Z] Fee check: 0.0003 USDC accumulated (0.0003 USDC in escrow)
[2026-05-26T19:54:41.794Z] Fee check: 0.0003 USDC accumulated (0.0003 USDC in escrow)
[2026-05-26T19:55:12.095Z] Fee check: 0.0003 USDC accumulated (0.0003 USDC in escrow)
[2026-05-26T19:55:41.869Z] Fee check: 0.0003 USDC accumulated (0.0003 USDC in escrow)
[2026-05-26T19:56:12.261Z] Fee check: 0.0003 USDC accumulated (0.0003 USDC in escrow)
[2026-05-26T19:56:42.286Z] Fee check: 0.0003 USDC accumulated (0.0003 USDC in escrow)
[2026-05-26T19:57:12.037Z] Fee check: 0.0003 USDC accumulated (0.0003 USDC in escrow)
[2026-05-26T19:57:42.192Z] Fee check: 0.0003 USDC accumulated (0.0003 USDC in escrow)
[2026-05-26T19:58:11.980Z] Fee check: 0.0003 USDC accumulated (0.0003 USDC in escrow)
[2026-05-26T19:58:41.986Z] Fee check: 0.0003 USDC accumulated (0.0003 USDC in escrow)
[2026-05-26T19:59:12.033Z] Fee check: 0.0003 USDC accumulated (0.0003 USDC in escrow)
[2026-05-26T19:59:42.040Z] Fee check: 0.0003 USDC accumulated (0.0003 USDC in escrow)
[2026-05-26T20:00:12.082Z] Fee check: 0.0003 USDC accumulated (0.0003 USDC in escrow)
[2026-05-26T20:00:42.127Z] Fee check: 0.0003 USDC accumulated (0.0003 USDC in escrow)
[2026-05-26T20:01:12.251Z] Fee check: 0.0003 USDC accumulated (0.0003 USDC in escrow)
[2026-05-26T20:01:42.402Z] Fee check: 0.0003 USDC accumulated (0.0003 USDC in escrow)
[2026-05-26T20:02:12.287Z] Fee check: 0.0003 USDC accumulated (0.0003 USDC in escrow)
[2026-05-26T20:02:42.304Z] Fee check: 0.0003 USDC accumulated (0.0003 USDC in escrow)
[2026-05-26T20:03:12.179Z] Fee check: 0.0003 USDC accumulated (0.0003 USDC in escrow)
[2026-05-26T20:03:42.208Z] Fee check: 0.0003 USDC accumulated (0.0003 USDC in escrow)
[2026-05-26T20:04:12.238Z] Fee check: 0.0003 USDC accumulated (0.0003 USDC in escrow)
[2026-05-26T20:04:42.516Z] Fee check: 0.0003 USDC accumulated (0.0003 USDC in escrow)
[2026-05-26T20:05:12.276Z] Fee check: 0.0003 USDC accumulated (0.0003 USDC in escrow)
[2026-05-26T20:05:42.286Z] Fee check: 0.0003 USDC accumulated (0.0003 USDC in escrow)
[2026-05-26T20:06:12.725Z] Fee check: 0.0003 USDC accumulated (0.0003 USDC in escrow)
[2026-05-26T20:06:42.482Z] Fee check: 0.0003 USDC accumulated (0.0003 USDC in escrow)
[2026-05-26T20:07:12.512Z] Fee check: 0.0003 USDC accumulated (0.0003 USDC in escrow)
[2026-05-26T20:07:42.519Z] Fee check: 0.0003 USDC accumulated (0.0003 USDC in escrow)
[2026-05-26T20:08:12.420Z] Fee check: 0.0003 USDC accumulated (0.0003 USDC in escrow)
[2026-05-26T20:08:42.698Z] Fee check: 0.0003 USDC accumulated (0.0003 USDC in escrow)
[2026-05-26T20:09:12.467Z] Fee check: 0.0003 USDC accumulated (0.0003 USDC in escrow)
[2026-05-26T20:09:42.493Z] Fee check: 0.0003 USDC accumulated (0.0003 USDC in escrow)
[2026-05-26T20:10:12.766Z] Fee check: 0.0003 USDC accumulated (0.0003 USDC in escrow)
[2026-05-26T20:10:42.823Z] Fee check: 0.0003 USDC accumulated (0.0003 USDC in escrow)
[2026-05-26T20:11:12.687Z] Fee check: 0.0003 USDC accumulated (0.0003 USDC in escrow)
[2026-05-26T20:11:42.725Z] Fee check: 0.0003 USDC accumulated (0.0003 USDC in escrow)
[2026-05-26T20:12:12.748Z] Fee check: 0.0003 USDC accumulated (0.0003 USDC in escrow)
[2026-05-26T20:12:43.027Z] Fee check: 0.0003 USDC accumulated (0.0003 USDC in escrow)
[2026-05-26T20:13:12.672Z] Fee check: 0.0003 USDC accumulated (0.0003 USDC in escrow)
[2026-05-26T20:13:42.669Z] Fee check: 0.0003 USDC accumulated (0.0003 USDC in escrow)
[2026-05-26T20:14:12.730Z] Fee check: 0.0003 USDC accumulated (0.0003 USDC in escrow)
[2026-05-26T20:14:42.739Z] Fee check: 0.0003 USDC accumulated (0.0003 USDC in escrow)
[2026-05-26T20:15:12.775Z] Fee check: 0.0003 USDC accumulated (0.0003 USDC in escrow)
[2026-05-26T20:15:42.771Z] Fee check: 0.0003 USDC accumulated (0.0003 USDC in escrow)
[2026-05-26T20:16:12.922Z] Fee check: 0.0003 USDC accumulated (0.0003 USDC in escrow)
[2026-05-26T20:16:42.984Z] Fee check: 0.0003 USDC accumulated (0.0003 USDC in escrow)
[2026-05-26T20:17:13.239Z] Fee check: 0.0003 USDC accumulated (0.0003 USDC in escrow)
[2026-05-26T20:17:42.995Z] Fee check: 0.0003 USDC accumulated (0.0003 USDC in escrow)
[2026-05-26T20:18:12.904Z] Fee check: 0.0003 USDC accumulated (0.0003 USDC in escrow)
[2026-05-26T20:18:42.929Z] Fee check: 0.0003 USDC accumulated (0.0003 USDC in escrow)
[2026-05-26T20:19:13.263Z] Fee check: 0.0003 USDC accumulated (0.0003 USDC in escrow)
[2026-05-26T20:19:42.972Z] Fee check: 0.0003 USDC accumulated (0.0003 USDC in escrow)
[2026-05-26T20:20:12.988Z] Fee check: 0.0003 USDC accumulated (0.0003 USDC in escrow)
[2026-05-26T20:20:43.019Z] Fee check: 0.0003 USDC accumulated (0.0003 USDC in escrow)
[2026-05-26T20:21:13.163Z] Fee check: 0.0003 USDC accumulated (0.0003 USDC in escrow)
[2026-05-26T20:21:43.132Z] Fee check: 0.0003 USDC accumulated (0.0003 USDC in escrow)
[2026-05-26T20:22:13.209Z] Fee check: 0.0003 USDC accumulated (0.0003 USDC in escrow)
[2026-05-26T20:22:43.373Z] Fee check: 0.0003 USDC accumulated (0.0003 USDC in escrow)
[2026-05-26T20:23:13.105Z] Fee check: 0.0003 USDC accumulated (0.0003 USDC in escrow)
[2026-05-26T20:23:43.144Z] Fee check: 0.0003 USDC accumulated (0.0003 USDC in escrow)
[2026-05-26T20:24:13.344Z] Fee check: 0.0003 USDC accumulated (0.0003 USDC in escrow)
[2026-05-26T20:24:43.209Z] Fee check: 0.0003 USDC accumulated (0.0003 USDC in escrow)
[2026-05-26T20:25:13.218Z] Fee check: 0.0003 USDC accumulated (0.0003 USDC in escrow)
[2026-05-26T20:25:43.488Z] Fee check: 0.0003 USDC accumulated (0.0003 USDC in escrow)
[2026-05-26T20:26:13.646Z] Fee check: 0.0003 USDC accumulated (0.0003 USDC in escrow)
[2026-05-26T20:26:43.407Z] Fee check: 0.0003 USDC accumulated (0.0003 USDC in escrow)
[2026-05-26T20:27:13.427Z] Fee check: 0.0003 USDC accumulated (0.0003 USDC in escrow)
[2026-05-26T20:27:43.454Z] Fee check: 0.0003 USDC accumulated (0.0003 USDC in escrow)
[2026-05-26T20:28:13.334Z] Fee check: 0.0003 USDC accumulated (0.0003 USDC in escrow)
[2026-05-26T20:28:43.366Z] Fee check: 0.0003 USDC accumulated (0.0003 USDC in escrow)
[2026-05-26T20:29:13.375Z] Fee check: 0.0003 USDC accumulated (0.0003 USDC in escrow)
[2026-05-26T20:29:43.401Z] Fee check: 0.0003 USDC accumulated (0.0003 USDC in escrow)
[2026-05-26T20:30:13.434Z] Fee check: 0.0003 USDC accumulated (0.0003 USDC in escrow)
[2026-05-26T20:30:43.714Z] Fee check: 0.0003 USDC accumulated (0.0003 USDC in escrow)
[2026-05-26T20:31:13.605Z] Fee check: 0.0003 USDC accumulated (0.0003 USDC in escrow)
[2026-05-26T20:31:43.899Z] Fee check: 0.0003 USDC accumulated (0.0003 USDC in escrow)
[2026-05-26T20:32:13.647Z] Fee check: 0.0003 USDC accumulated (0.0003 USDC in escrow)
[2026-05-26T20:32:43.663Z] Fee check: 0.0003 USDC accumulated (0.0003 USDC in escrow)
[2026-05-26T20:33:13.574Z] Fee check: 0.0003 USDC accumulated (0.0003 USDC in escrow)
[2026-05-26T20:33:43.591Z] Fee check: 0.0003 USDC accumulated (0.0003 USDC in escrow)
[2026-05-26T20:34:13.662Z] Fee check: 0.0003 USDC accumulated (0.0003 USDC in escrow)
[2026-05-26T20:34:43.899Z] Fee check: 0.0003 USDC accumulated (0.0003 USDC in escrow)
[2026-05-26T20:35:13.673Z] Fee check: 0.0003 USDC accumulated (0.0003 USDC in escrow)
[2026-05-26T20:35:43.976Z] Fee check: 0.0003 USDC accumulated (0.0003 USDC in escrow)
[2026-05-26T20:36:14.100Z] Fee check: 0.0003 USDC accumulated (0.0003 USDC in escrow)
[2026-05-26T20:36:43.884Z] Fee check: 0.0003 USDC accumulated (0.0003 USDC in escrow)
[2026-05-26T20:37:13.877Z] Fee check: 0.0003 USDC accumulated (0.0003 USDC in escrow)
[2026-05-26T20:37:43.922Z] Fee check: 0.0003 USDC accumulated (0.0003 USDC in escrow)
[2026-05-26T20:38:13.809Z] Fee check: 0.0003 USDC accumulated (0.0003 USDC in escrow)
[2026-05-26T20:38:43.833Z] Fee check: 0.0003 USDC accumulated (0.0003 USDC in escrow)
[2026-05-26T20:39:14.126Z] Fee check: 0.0003 USDC accumulated (0.0003 USDC in escrow)
[2026-05-26T20:39:44.152Z] Fee check: 0.0003 USDC accumulated (0.0003 USDC in escrow)
[2026-05-26T20:40:13.893Z] Fee check: 0.0003 USDC accumulated (0.0003 USDC in escrow)
[2026-05-26T20:40:43.998Z] Fee check: 0.0003 USDC accumulated (0.0003 USDC in escrow)
[2026-05-26T20:41:14.070Z] Fee check: 0.0003 USDC accumulated (0.0003 USDC in escrow)
[2026-05-26T20:41:43.979Z] Fee check: 0.0003 USDC accumulated (0.0003 USDC in escrow)
[2026-05-26T20:42:14.398Z] Fee check: 0.0003 USDC accumulated (0.0003 USDC in escrow)
[2026-05-26T20:42:44.023Z] Fee check: 0.0003 USDC accumulated (0.0003 USDC in escrow)
[2026-05-26T20:43:14.074Z] Fee check: 0.0003 USDC accumulated (0.0003 USDC in escrow)
[2026-05-26T20:43:44.338Z] Fee check: 0.0003 USDC accumulated (0.0003 USDC in escrow)
[2026-05-26T20:44:14.168Z] Fee check: 0.0003 USDC accumulated (0.0003 USDC in escrow)
[2026-05-26T20:44:44.124Z] Fee check: 0.0003 USDC accumulated (0.0003 USDC in escrow)
[2026-05-26T20:45:14.402Z] Fee check: 0.0003 USDC accumulated (0.0003 USDC in escrow)
[2026-05-26T20:45:44.169Z] Fee check: 0.0003 USDC accumulated (0.0003 USDC in escrow)
[2026-05-26T20:46:14.587Z] Fee check: 0.0003 USDC accumulated (0.0003 USDC in escrow)
[2026-05-26T20:46:44.344Z] Fee check: 0.0003 USDC accumulated (0.0003 USDC in escrow)
[2026-05-26T20:47:14.378Z] Fee check: 0.0003 USDC accumulated (0.0003 USDC in escrow)
[2026-05-26T20:47:44.367Z] Fee check: 0.0003 USDC accumulated (0.0003 USDC in escrow)
[2026-05-26T20:48:14.519Z] Fee check: 0.0003 USDC accumulated (0.0003 USDC in escrow)
[2026-05-26T20:48:44.291Z] Fee check: 0.0003 USDC accumulated (0.0003 USDC in escrow)
[2026-05-26T20:49:14.582Z] Fee check: 0.0003 USDC accumulated (0.0003 USDC in escrow)
[2026-05-26T20:49:44.648Z] Fee check: 0.0003 USDC accumulated (0.0003 USDC in escrow)
[2026-05-26T20:50:14.394Z] Fee check: 0.0003 USDC accumulated (0.0003 USDC in escrow)
[2026-05-26T20:50:44.371Z] Fee check: 0.0003 USDC accumulated (0.0003 USDC in escrow)
[2026-05-26T20:51:14.784Z] Fee check: 0.0003 USDC accumulated (0.0003 USDC in escrow)
[2026-05-26T20:51:44.547Z] Fee check: 0.0003 USDC accumulated (0.0003 USDC in escrow)
[2026-05-26T20:52:14.589Z] Fee check: 0.0003 USDC accumulated (0.0003 USDC in escrow)
[2026-05-26T20:52:44.604Z] Fee check: 0.0003 USDC accumulated (0.0003 USDC in escrow)
[2026-05-26T20:53:14.496Z] Fee check: 0.0003 USDC accumulated (0.0003 USDC in escrow)
[2026-05-26T20:53:44.530Z] Fee check: 0.0003 USDC accumulated (0.0003 USDC in escrow)
[2026-05-26T20:54:14.805Z] Fee check: 0.0003 USDC accumulated (0.0003 USDC in escrow)
[2026-05-26T20:54:44.567Z] Fee check: 0.0003 USDC accumulated (0.0003 USDC in escrow)
[2026-05-26T20:55:14.601Z] Fee check: 0.0003 USDC accumulated (0.0003 USDC in escrow)
[2026-05-26T20:55:44.621Z] Fee check: 0.0003 USDC accumulated (0.0003 USDC in escrow)
[2026-05-26T20:56:14.784Z] Fee check: 0.0003 USDC accumulated (0.0003 USDC in escrow)
[2026-05-26T20:56:44.796Z] Fee check: 0.0003 USDC accumulated (0.0003 USDC in escrow)
[2026-05-26T20:57:14.816Z] Fee check: 0.0003 USDC accumulated (0.0003 USDC in escrow)
[2026-05-26T20:57:44.716Z] Fee check: 0.0003 USDC accumulated (0.0003 USDC in escrow)
[2026-05-26T20:58:14.741Z] Fee check: 0.0003 USDC accumulated (0.0003 USDC in escrow)
[2026-05-26T20:58:44.769Z] Fee check: 0.0003 USDC accumulated (0.0003 USDC in escrow)
[2026-05-26T20:59:15.097Z] Fee check: 0.0003 USDC accumulated (0.0003 USDC in escrow)
[2026-05-26T20:59:45.127Z] Fee check: 0.0003 USDC accumulated (0.0003 USDC in escrow)
[2026-05-26T21:00:14.846Z] Fee check: 0.0003 USDC accumulated (0.0003 USDC in escrow)
[2026-05-26T21:00:44.853Z] Fee check: 0.0003 USDC accumulated (0.0003 USDC in escrow)
[2026-05-26T21:01:15.268Z] Fee check: 0.0003 USDC accumulated (0.0003 USDC in escrow)
[2026-05-26T21:01:44.954Z] Fee check: 0.0003 USDC accumulated (0.0003 USDC in escrow)
[2026-05-26T21:02:15.059Z] Fee check: 0.0003 USDC accumulated (0.0003 USDC in escrow)
[2026-05-26T21:02:44.928Z] Fee check: 0.0003 USDC accumulated (0.0003 USDC in escrow)
[2026-05-26T21:03:15.208Z] Fee check: 0.0003 USDC accumulated (0.0003 USDC in escrow)
[2026-05-26T21:03:44.985Z] Fee check: 0.0003 USDC accumulated (0.0003 USDC in escrow)
[2026-05-26T21:04:14.990Z] Fee check: 0.0003 USDC accumulated (0.0003 USDC in escrow)
[2026-05-26T21:04:45.024Z] Fee check: 0.0003 USDC accumulated (0.0003 USDC in escrow)
[2026-05-26T21:05:15.049Z] Fee check: 0.0003 USDC accumulated (0.0003 USDC in escrow)
[2026-05-26T21:05:45.077Z] Fee check: 0.0003 USDC accumulated (0.0003 USDC in escrow)
[2026-05-26T21:06:15.480Z] Fee check: 0.0003 USDC accumulated (0.0003 USDC in escrow)
[2026-05-26T21:06:45.182Z] Fee check: 0.0003 USDC accumulated (0.0003 USDC in escrow)
[2026-05-26T21:07:15.254Z] Fee check: 0.0003 USDC accumulated (0.0003 USDC in escrow)
[2026-05-26T21:07:45.248Z] Fee check: 0.0003 USDC accumulated (0.0003 USDC in escrow)
[2026-05-26T21:08:15.432Z] Fee check: 0.0003 USDC accumulated (0.0003 USDC in escrow)
[2026-05-26T21:08:45.187Z] Fee check: 0.0003 USDC accumulated (0.0003 USDC in escrow)
[2026-05-26T21:09:15.230Z] Fee check: 0.0003 USDC accumulated (0.0003 USDC in escrow)
[2026-05-26T21:09:45.223Z] Fee check: 0.0003 USDC accumulated (0.0003 USDC in escrow)
[2026-05-26T21:10:15.266Z] Fee check: 0.0003 USDC accumulated (0.0003 USDC in escrow)
[2026-05-26T21:10:45.289Z] Fee check: 0.0003 USDC accumulated (0.0003 USDC in escrow)
[2026-05-26T21:11:15.707Z] Fee check: 0.0003 USDC accumulated (0.0003 USDC in escrow)
[2026-05-26T21:11:45.471Z] Fee check: 0.0003 USDC accumulated (0.0003 USDC in escrow)
[2026-05-26T21:12:15.483Z] Fee check: 0.0003 USDC accumulated (0.0003 USDC in escrow)
[2026-05-26T21:12:45.505Z] Fee check: 0.0003 USDC accumulated (0.0003 USDC in escrow)
[2026-05-26T21:13:15.413Z] Fee check: 0.0003 USDC accumulated (0.0003 USDC in escrow)
[2026-05-26T21:13:45.424Z] Fee check: 0.0003 USDC accumulated (0.0003 USDC in escrow)
[2026-05-26T21:14:15.445Z] Fee check: 0.0003 USDC accumulated (0.0003 USDC in escrow)
[2026-05-26T21:14:45.734Z] Fee check: 0.0003 USDC accumulated (0.0003 USDC in escrow)
[2026-05-26T21:15:15.514Z] Fee check: 0.0003 USDC accumulated (0.0003 USDC in escrow)
[2026-05-26T21:15:45.515Z] Fee check: 0.0003 USDC accumulated (0.0003 USDC in escrow)
[2026-05-26T21:16:15.678Z] Fee check: 0.0003 USDC accumulated (0.0003 USDC in escrow)
[2026-05-26T21:16:45.706Z] Fee check: 0.0003 USDC accumulated (0.0003 USDC in escrow)
[2026-05-26T21:17:15.717Z] Fee check: 0.0003 USDC accumulated (0.0003 USDC in escrow)
[2026-05-26T21:17:45.750Z] Fee check: 0.0003 USDC accumulated (0.0003 USDC in escrow)
[2026-05-26T21:18:15.894Z] Fee check: 0.0003 USDC accumulated (0.0003 USDC in escrow)
[2026-05-26T21:18:45.664Z] Fee check: 0.0003 USDC accumulated (0.0003 USDC in escrow)
[2026-05-26T21:19:15.956Z] Fee check: 0.0003 USDC accumulated (0.0003 USDC in escrow)
[2026-05-26T21:19:45.714Z] Fee check: 0.0003 USDC accumulated (0.0003 USDC in escrow)
[2026-05-26T21:20:15.731Z] Fee check: 0.0003 USDC accumulated (0.0003 USDC in escrow)
[2026-05-26T21:20:45.773Z] Fee check: 0.0003 USDC accumulated (0.0003 USDC in escrow)
[2026-05-26T21:21:15.917Z] Fee check: 0.0003 USDC accumulated (0.0003 USDC in escrow)
[2026-05-26T21:21:46.187Z] Fee check: 0.0003 USDC accumulated (0.0003 USDC in escrow)
[2026-05-26T21:22:16.219Z] Fee check: 0.0003 USDC accumulated (0.0003 USDC in escrow)
[2026-05-26T21:22:45.971Z] Fee check: 0.0003 USDC accumulated (0.0003 USDC in escrow)
[2026-05-26T21:23:15.875Z] Fee check: 0.0003 USDC accumulated (0.0003 USDC in escrow)
[2026-05-26T21:23:46.171Z] Fee check: 0.0003 USDC accumulated (0.0003 USDC in escrow)
[2026-05-26T21:24:15.941Z] Fee check: 0.0003 USDC accumulated (0.0003 USDC in escrow)
[2026-05-26T21:24:46.258Z] Fee check: 0.0003 USDC accumulated (0.0003 USDC in escrow)
[2026-05-26T21:25:16.253Z] Fee check: 0.0003 USDC accumulated (0.0003 USDC in escrow)
[2026-05-26T21:25:45.999Z] Fee check: 0.0003 USDC accumulated (0.0003 USDC in escrow)
[2026-05-26T21:26:16.148Z] Fee check: 0.0003 USDC accumulated (0.0003 USDC in escrow)
[2026-05-26T21:26:46.040Z] Fee check: 0.0003 USDC accumulated (0.0003 USDC in escrow)
[2026-05-26T21:27:16.202Z] Fee check: 0.0003 USDC accumulated (0.0003 USDC in escrow)
[2026-05-26T21:27:46.090Z] Fee check: 0.0003 USDC accumulated (0.0003 USDC in escrow)
[2026-05-26T21:28:16.203Z] Fee check: 0.0003 USDC accumulated (0.0003 USDC in escrow)
[2026-05-26T21:28:46.144Z] Fee check: 0.0003 USDC accumulated (0.0003 USDC in escrow)
[2026-05-26T21:29:16.168Z] Fee check: 0.0003 USDC accumulated (0.0003 USDC in escrow)
[2026-05-26T21:29:46.472Z] Fee check: 0.0003 USDC accumulated (0.0003 USDC in escrow)
[2026-05-26T21:30:16.482Z] Fee check: 0.0003 USDC accumulated (0.0003 USDC in escrow)
[2026-05-26T21:30:46.229Z] Fee check: 0.0003 USDC accumulated (0.0003 USDC in escrow)
[2026-05-26T21:31:16.380Z] Fee check: 0.0003 USDC accumulated (0.0003 USDC in escrow)
[2026-05-26T21:31:46.406Z] Fee check: 0.0003 USDC accumulated (0.0003 USDC in escrow)
[2026-05-26T21:32:16.443Z] Fee check: 0.0003 USDC accumulated (0.0003 USDC in escrow)
[2026-05-26T21:32:46.427Z] Fee check: 0.0003 USDC accumulated (0.0003 USDC in escrow)
[2026-05-26T21:33:16.316Z] Fee check: 0.0003 USDC accumulated (0.0003 USDC in escrow)
[2026-05-26T21:33:46.636Z] Fee check: 0.0003 USDC accumulated (0.0003 USDC in escrow)
[2026-05-26T21:34:16.390Z] Fee check: 0.0003 USDC accumulated (0.0003 USDC in escrow)
[2026-05-26T21:34:46.651Z] Fee check: 0.0003 USDC accumulated (0.0003 USDC in escrow)
[2026-05-26T21:35:16.428Z] Fee check: 0.0003 USDC accumulated (0.0003 USDC in escrow)
[2026-05-26T21:35:46.440Z] Fee check: 0.0003 USDC accumulated (0.0003 USDC in escrow)
[2026-05-26T21:36:16.861Z] Fee check: 0.0003 USDC accumulated (0.0003 USDC in escrow)
[2026-05-26T21:36:46.880Z] Fee check: 0.0003 USDC accumulated (0.0003 USDC in escrow)
[2026-05-26T21:37:16.641Z] Fee check: 0.0003 USDC accumulated (0.0003 USDC in escrow)
[2026-05-26T21:37:46.729Z] Fee check: 0.0003 USDC accumulated (0.0003 USDC in escrow)
[2026-05-26T21:38:16.558Z] Fee check: 0.0003 USDC accumulated (0.0003 USDC in escrow)
[2026-05-26T21:38:46.583Z] Fee check: 0.0003 USDC accumulated (0.0003 USDC in escrow)
[2026-05-26T21:39:16.674Z] Fee check: 0.0003 USDC accumulated (0.0003 USDC in escrow)
[2026-05-26T21:39:47.108Z] Fee check: 0.0003 USDC accumulated (0.0003 USDC in escrow)
[2026-05-26T21:40:16.667Z] Fee check: 0.0003 USDC accumulated (0.0003 USDC in escrow)
[2026-05-26T21:40:46.686Z] Fee check: 0.0003 USDC accumulated (0.0003 USDC in escrow)
[2026-05-26T21:41:16.838Z] Fee check: 0.0003 USDC accumulated (0.0003 USDC in escrow)
[2026-05-26T21:41:47.140Z] Fee check: 0.0003 USDC accumulated (0.0003 USDC in escrow)
[2026-05-26T21:42:16.879Z] Fee check: 0.0003 USDC accumulated (0.0003 USDC in escrow)
[2026-05-26T21:42:47.418Z] Fee check: 0.0003 USDC accumulated (0.0003 USDC in escrow)
[2026-05-26T21:43:16.805Z] Fee check: 0.0003 USDC accumulated (0.0003 USDC in escrow)
[2026-05-26T21:43:46.838Z] Fee check: 0.0003 USDC accumulated (0.0003 USDC in escrow)
[2026-05-26T21:44:16.871Z] Fee check: 0.0003 USDC accumulated (0.0003 USDC in escrow)
[2026-05-26T21:44:46.890Z] Fee check: 0.0003 USDC accumulated (0.0003 USDC in escrow)
[2026-05-26T21:45:17.168Z] Fee check: 0.0003 USDC accumulated (0.0003 USDC in escrow)
[2026-05-26T21:45:46.926Z] Fee check: 0.0003 USDC accumulated (0.0003 USDC in escrow)
[2026-05-26T21:46:17.081Z] Fee check: 0.0003 USDC accumulated (0.0003 USDC in escrow)
[2026-05-26T21:46:46.981Z] Fee check: 0.0003 USDC accumulated (0.0003 USDC in escrow)
[2026-05-26T21:47:17.118Z] Fee check: 0.0003 USDC accumulated (0.0003 USDC in escrow)
[2026-05-26T21:47:47.288Z] Fee check: 0.0003 USDC accumulated (0.0003 USDC in escrow)
[2026-05-26T21:48:17.039Z] Fee check: 0.0003 USDC accumulated (0.0003 USDC in escrow)
[2026-05-26T21:48:47.067Z] Fee check: 0.0003 USDC accumulated (0.0003 USDC in escrow)
[2026-05-26T21:49:17.114Z] Fee check: 0.0003 USDC accumulated (0.0003 USDC in escrow)
[2026-05-26T21:49:47.372Z] Fee check: 0.0003 USDC accumulated (0.0003 USDC in escrow)
[2026-05-26T21:50:17.146Z] Fee check: 0.0003 USDC accumulated (0.0003 USDC in escrow)
[2026-05-26T21:50:47.165Z] Fee check: 0.0003 USDC accumulated (0.0003 USDC in escrow)
[2026-05-26T21:51:17.571Z] Fee check: 0.0003 USDC accumulated (0.0003 USDC in escrow)
[2026-05-26T21:51:47.333Z] Fee check: 0.0003 USDC accumulated (0.0003 USDC in escrow)
[2026-05-26T21:52:17.357Z] Fee check: 0.0003 USDC accumulated (0.0003 USDC in escrow)
[2026-05-26T21:52:47.366Z] Fee check: 0.0003 USDC accumulated (0.0003 USDC in escrow)
[2026-05-26T21:53:17.518Z] Fee check: 0.0003 USDC accumulated (0.0003 USDC in escrow)
[2026-05-26T21:53:47.284Z] Fee check: 0.0003 USDC accumulated (0.0003 USDC in escrow)
[2026-05-26T21:54:17.323Z] Fee check: 0.0003 USDC accumulated (0.0003 USDC in escrow)
[2026-05-26T21:54:47.324Z] Fee check: 0.0003 USDC accumulated (0.0003 USDC in escrow)
[2026-05-26T21:55:17.626Z] Fee check: 0.0003 USDC accumulated (0.0003 USDC in escrow)
[2026-05-26T21:55:47.385Z] Fee check: 0.0003 USDC accumulated (0.0003 USDC in escrow)
[2026-05-26T21:56:17.511Z] Fee check: 0.0003 USDC accumulated (0.0003 USDC in escrow)
[2026-05-26T21:56:47.554Z] Fee check: 0.0003 USDC accumulated (0.0003 USDC in escrow)
[2026-05-26T21:57:17.572Z] Fee check: 0.0003 USDC accumulated (0.0003 USDC in escrow)
[2026-05-26T21:57:47.597Z] Fee check: 0.0003 USDC accumulated (0.0003 USDC in escrow)
[2026-05-26T21:58:17.502Z] Fee check: 0.0003 USDC accumulated (0.0003 USDC in escrow)
[2026-05-26T21:58:47.519Z] Fee check: 0.0003 USDC accumulated (0.0003 USDC in escrow)
[2026-05-26T21:59:17.821Z] Fee check: 0.0003 USDC accumulated (0.0003 USDC in escrow)
[2026-05-26T21:59:47.592Z] Fee check: 0.0003 USDC accumulated (0.0003 USDC in escrow)
[2026-05-26T22:00:17.599Z] Fee check: 0.0003 USDC accumulated (0.0003 USDC in escrow)
[2026-05-26T22:00:47.623Z] Fee check: 0.0003 USDC accumulated (0.0003 USDC in escrow)
[2026-05-26T22:01:17.761Z] Fee check: 0.0003 USDC accumulated (0.0003 USDC in escrow)
[2026-05-26T22:01:47.793Z] Fee check: 0.0003 USDC accumulated (0.0003 USDC in escrow)
[2026-05-26T22:02:17.827Z] Fee check: 0.0003 USDC accumulated (0.0003 USDC in escrow)
[2026-05-26T22:02:48.087Z] Fee check: 0.0003 USDC accumulated (0.0003 USDC in escrow)
[2026-05-26T22:03:17.736Z] Fee check: 0.0003 USDC accumulated (0.0003 USDC in escrow)
[2026-05-26T22:03:47.759Z] Fee check: 0.0003 USDC accumulated (0.0003 USDC in escrow)
[2026-05-26T22:04:18.036Z] Fee check: 0.0003 USDC accumulated (0.0003 USDC in escrow)
[2026-05-26T22:04:47.808Z] Fee check: 0.0003 USDC accumulated (0.0003 USDC in escrow)
[2026-05-26T22:05:17.828Z] Fee check: 0.0003 USDC accumulated (0.0003 USDC in escrow)
[2026-05-26T22:05:47.861Z] Fee check: 0.0003 USDC accumulated (0.0003 USDC in escrow)
[2026-05-26T22:06:18.272Z] Fee check: 0.0003 USDC accumulated (0.0003 USDC in escrow)
[2026-05-26T22:06:48.037Z] Fee check: 0.0003 USDC accumulated (0.0003 USDC in escrow)
[2026-05-26T22:07:18.055Z] Fee check: 0.0003 USDC accumulated (0.0003 USDC in escrow)
[2026-05-26T22:07:47.962Z] Fee check: 0.0003 USDC accumulated (0.0003 USDC in escrow)
[2026-05-26T22:08:18.240Z] Fee check: 0.0003 USDC accumulated (0.0003 USDC in escrow)
[2026-05-26T22:08:48.006Z] Fee check: 0.0003 USDC accumulated (0.0003 USDC in escrow)
[2026-05-26T22:09:18.049Z] Fee check: 0.0003 USDC accumulated (0.0003 USDC in escrow)
[2026-05-26T22:09:48.306Z] Fee check: 0.0003 USDC accumulated (0.0003 USDC in escrow)
[2026-05-26T22:10:18.332Z] Fee check: 0.0003 USDC accumulated (0.0003 USDC in escrow)
[2026-05-26T22:10:48.095Z] Fee check: 0.0003 USDC accumulated (0.0003 USDC in escrow)
[2026-05-26T22:11:18.268Z] Fee check: 0.0003 USDC accumulated (0.0003 USDC in escrow)
[2026-05-26T22:11:48.410Z] Fee check: 0.0003 USDC accumulated (0.0003 USDC in escrow)
[2026-05-26T22:12:18.286Z] Fee check: 0.0003 USDC accumulated (0.0003 USDC in escrow)
[2026-05-26T22:12:48.545Z] Fee check: 0.0003 USDC accumulated (0.0003 USDC in escrow)
[2026-05-26T22:13:18.194Z] Fee check: 0.0003 USDC accumulated (0.0003 USDC in escrow)
[2026-05-26T22:13:48.204Z] Fee check: 0.0003 USDC accumulated (0.0003 USDC in escrow)
[2026-05-26T22:14:18.239Z] Fee check: 0.0003 USDC accumulated (0.0003 USDC in escrow)
[2026-05-26T22:14:48.523Z] Fee check: 0.0003 USDC accumulated (0.0003 USDC in escrow)
[2026-05-26T22:15:18.294Z] Fee check: 0.0003 USDC accumulated (0.0003 USDC in escrow)
[2026-05-26T22:15:48.323Z] Fee check: 0.0003 USDC accumulated (0.0003 USDC in escrow)
[2026-05-26T22:16:18.482Z] Fee check: 0.0003 USDC accumulated (0.0003 USDC in escrow)
[2026-05-26T22:16:48.487Z] Fee check: 0.0003 USDC accumulated (0.0003 USDC in escrow)
[2026-05-26T22:17:18.776Z] Fee check: 0.0003 USDC accumulated (0.0003 USDC in escrow)
[2026-05-26T22:17:48.579Z] Fee check: 0.0003 USDC accumulated (0.0003 USDC in escrow)
[2026-05-26T22:18:19.251Z] Fee check: 0.0003 USDC accumulated (0.0003 USDC in escrow)
[2026-05-26T22:18:48.463Z] Fee check: 0.0003 USDC accumulated (0.0003 USDC in escrow)
[2026-05-26T22:19:18.749Z] Fee check: 0.0003 USDC accumulated (0.0003 USDC in escrow)
[2026-05-26T22:19:48.796Z] Fee check: 0.0003 USDC accumulated (0.0003 USDC in escrow)
[2026-05-26T22:20:18.548Z] Fee check: 0.0003 USDC accumulated (0.0003 USDC in escrow)
[2026-05-26T22:20:49.587Z] Fee check: 0.0003 USDC accumulated (0.0003 USDC in escrow)
[2026-05-26T22:21:18.691Z] Fee check: 0.0003 USDC accumulated (0.0003 USDC in escrow)
[2026-05-26T22:21:48.981Z] Fee check: 0.0003 USDC accumulated (0.0003 USDC in escrow)
[2026-05-26T22:22:18.756Z] Fee check: 0.0003 USDC accumulated (0.0003 USDC in escrow)
[2026-05-26T22:22:49.032Z] Fee check: 0.0003 USDC accumulated (0.0003 USDC in escrow)
[2026-05-26T22:23:18.666Z] Fee check: 0.0003 USDC accumulated (0.0003 USDC in escrow)
[2026-05-26T22:23:48.949Z] Fee check: 0.0003 USDC accumulated (0.0003 USDC in escrow)
[2026-05-26T22:24:18.720Z] Fee check: 0.0003 USDC accumulated (0.0003 USDC in escrow)
[2026-05-26T22:24:48.757Z] Fee check: 0.0003 USDC accumulated (0.0003 USDC in escrow)
[2026-05-26T22:25:19.027Z] Fee check: 0.0003 USDC accumulated (0.0003 USDC in escrow)
[2026-05-26T22:25:48.795Z] Fee check: 0.0003 USDC accumulated (0.0003 USDC in escrow)
[2026-05-26T22:26:18.946Z] Fee check: 0.0003 USDC accumulated (0.0003 USDC in escrow)
[2026-05-26T22:26:48.959Z] Fee check: 0.0003 USDC accumulated (0.0003 USDC in escrow)
[2026-05-26T22:27:19.018Z] Fee check: 0.0003 USDC accumulated (0.0003 USDC in escrow)
[2026-05-26T22:27:49.286Z] Fee check: 0.0003 USDC accumulated (0.0003 USDC in escrow)
[2026-05-26T22:28:18.914Z] Fee check: 0.0003 USDC accumulated (0.0003 USDC in escrow)
[2026-05-26T22:28:48.939Z] Fee check: 0.0003 USDC accumulated (0.0003 USDC in escrow)
[2026-05-26T22:29:18.961Z] Fee check: 0.0003 USDC accumulated (0.0003 USDC in escrow)
[2026-05-26T22:29:49.237Z] Fee check: 0.0003 USDC accumulated (0.0003 USDC in escrow)
[2026-05-26T22:30:19.003Z] Fee check: 0.0003 USDC accumulated (0.0003 USDC in escrow)
[2026-05-26T22:30:49.043Z] Fee check: 0.0003 USDC accumulated (0.0003 USDC in escrow)
[2026-05-26T22:31:19.178Z] Fee check: 0.0003 USDC accumulated (0.0003 USDC in escrow)
[2026-05-26T22:31:49.335Z] Fee check: 0.0003 USDC accumulated (0.0003 USDC in escrow)
[2026-05-26T22:32:19.482Z] Fee check: 0.0003 USDC accumulated (0.0003 USDC in escrow)
[2026-05-26T22:32:49.120Z] Fee check: 0.0003 USDC accumulated (0.0003 USDC in escrow)
[2026-05-26T22:33:19.411Z] Fee check: 0.0003 USDC accumulated (0.0003 USDC in escrow)
[2026-05-26T22:33:49.167Z] Fee check: 0.0003 USDC accumulated (0.0003 USDC in escrow)
[2026-05-26T22:34:19.205Z] Fee check: 0.0003 USDC accumulated (0.0003 USDC in escrow)
[2026-05-26T22:34:49.492Z] Fee check: 0.0003 USDC accumulated (0.0003 USDC in escrow)
[2026-05-26T22:35:19.258Z] Fee check: 0.0003 USDC accumulated (0.0003 USDC in escrow)
[2026-05-26T22:35:49.530Z] Fee check: 0.0003 USDC accumulated (0.0003 USDC in escrow)
[2026-05-26T22:36:19.672Z] Fee check: 0.0003 USDC accumulated (0.0003 USDC in escrow)
[2026-05-26T22:36:49.694Z] Fee check: 0.0003 USDC accumulated (0.0003 USDC in escrow)
[2026-05-26T22:37:19.458Z] Fee check: 0.0003 USDC accumulated (0.0003 USDC in escrow)
[2026-05-26T22:37:49.462Z] Fee check: 0.0003 USDC accumulated (0.0003 USDC in escrow)
[2026-05-26T22:38:19.365Z] Fee check: 0.0003 USDC accumulated (0.0003 USDC in escrow)
[2026-05-26T22:38:49.639Z] Fee check: 0.0003 USDC accumulated (0.0003 USDC in escrow)
[2026-05-26T22:39:19.396Z] Fee check: 0.0003 USDC accumulated (0.0003 USDC in escrow)
[2026-05-26T22:39:49.427Z] Fee check: 0.0003 USDC accumulated (0.0003 USDC in escrow)
[2026-05-26T22:40:19.450Z] Fee check: 0.0003 USDC accumulated (0.0003 USDC in escrow)
[2026-05-26T22:40:49.740Z] Fee check: 0.0003 USDC accumulated (0.0003 USDC in escrow)
[2026-05-26T22:41:19.627Z] Fee check: 0.0003 USDC accumulated (0.0003 USDC in escrow)
[2026-05-26T22:41:49.653Z] Fee check: 0.0003 USDC accumulated (0.0003 USDC in escrow)
[2026-05-26T22:42:19.946Z] Fee check: 0.0003 USDC accumulated (0.0003 USDC in escrow)
[2026-05-26T22:42:49.704Z] Fee check: 0.0003 USDC accumulated (0.0003 USDC in escrow)
[2026-05-26T22:43:19.605Z] Fee check: 0.0003 USDC accumulated (0.0003 USDC in escrow)
[2026-05-26T22:43:49.875Z] Fee check: 0.0003 USDC accumulated (0.0003 USDC in escrow)
[2026-05-26T22:44:19.648Z] Fee check: 0.0003 USDC accumulated (0.0003 USDC in escrow)
[2026-05-26T22:44:49.665Z] Fee check: 0.0003 USDC accumulated (0.0003 USDC in escrow)
[2026-05-26T22:45:19.702Z] Fee check: 0.0003 USDC accumulated (0.0003 USDC in escrow)
[2026-05-26T22:45:49.727Z] Fee check: 0.0003 USDC accumulated (0.0003 USDC in escrow)
[2026-05-26T22:46:20.134Z] Fee check: 0.0003 USDC accumulated (0.0003 USDC in escrow)
[2026-05-26T22:46:49.893Z] Fee check: 0.0003 USDC accumulated (0.0003 USDC in escrow)
[2026-05-26T22:47:19.922Z] Fee check: 0.0003 USDC accumulated (0.0003 USDC in escrow)
[2026-05-26T22:47:49.950Z] Fee check: 0.0003 USDC accumulated (0.0003 USDC in escrow)
[2026-05-26T22:48:20.102Z] Fee check: 0.0003 USDC accumulated (0.0003 USDC in escrow)
[2026-05-26T22:48:49.863Z] Fee check: 0.0003 USDC accumulated (0.0003 USDC in escrow)
[2026-05-26T22:49:19.886Z] Fee check: 0.0003 USDC accumulated (0.0003 USDC in escrow)
[2026-05-26T22:49:50.172Z] Fee check: 0.0003 USDC accumulated (0.0003 USDC in escrow)
[2026-05-26T22:50:20.234Z] Fee check: 0.0003 USDC accumulated (0.0003 USDC in escrow)
[2026-05-26T22:50:49.961Z] Fee check: 0.0003 USDC accumulated (0.0003 USDC in escrow)
[2026-05-26T22:51:20.370Z] Fee check: 0.0003 USDC accumulated (0.0003 USDC in escrow)
[2026-05-26T22:51:50.040Z] Fee check: 0.0003 USDC accumulated (0.0003 USDC in escrow)
[2026-05-26T22:52:20.167Z] Fee check: 0.0003 USDC accumulated (0.0003 USDC in escrow)
[2026-05-26T22:52:50.314Z] Fee check: 0.0003 USDC accumulated (0.0003 USDC in escrow)
[2026-05-26T22:53:20.082Z] Fee check: 0.0003 USDC accumulated (0.0003 USDC in escrow)
[2026-05-26T22:53:50.098Z] Fee check: 0.0003 USDC accumulated (0.0003 USDC in escrow)
[2026-05-26T22:54:20.132Z] Fee check: 0.0003 USDC accumulated (0.0003 USDC in escrow)
[2026-05-26T22:54:50.160Z] Fee check: 0.0003 USDC accumulated (0.0003 USDC in escrow)
[2026-05-26T22:55:20.187Z] Fee check: 0.0003 USDC accumulated (0.0003 USDC in escrow)
[2026-05-26T22:55:50.452Z] Fee check: 0.0003 USDC accumulated (0.0003 USDC in escrow)
[2026-05-26T22:56:20.352Z] Fee check: 0.0003 USDC accumulated (0.0003 USDC in escrow)
[2026-05-26T22:56:50.361Z] Fee check: 0.0003 USDC accumulated (0.0003 USDC in escrow)
[2026-05-26T22:57:20.654Z] Fee check: 0.0003 USDC accumulated (0.0003 USDC in escrow)
[2026-05-26T22:57:50.400Z] Fee check: 0.0003 USDC accumulated (0.0003 USDC in escrow)
[2026-05-26T22:58:20.301Z] Fee check: 0.0003 USDC accumulated (0.0003 USDC in escrow)
[2026-05-26T22:58:50.311Z] Fee check: 0.0003 USDC accumulated (0.0003 USDC in escrow)
[2026-05-26T22:59:20.335Z] Fee check: 0.0003 USDC accumulated (0.0003 USDC in escrow)
[2026-05-26T22:59:50.616Z] Fee check: 0.0003 USDC accumulated (0.0003 USDC in escrow)
[2026-05-26T23:00:20.690Z] Fee check: 0.0003 USDC accumulated (0.0003 USDC in escrow)
[2026-05-26T23:00:50.419Z] Fee check: 0.0003 USDC accumulated (0.0003 USDC in escrow)
[2026-05-26T23:01:20.820Z] Fee check: 0.0003 USDC accumulated (0.0003 USDC in escrow)
[2026-05-26T23:01:50.666Z] Fee check: 0.0003 USDC accumulated (0.0003 USDC in escrow)
[2026-05-26T23:02:20.863Z] Fee check: 0.0003 USDC accumulated (0.0003 USDC in escrow)
[2026-05-26T23:02:50.634Z] Fee check: 0.0003 USDC accumulated (0.0003 USDC in escrow)
[2026-05-26T23:03:20.544Z] Fee check: 0.0003 USDC accumulated (0.0003 USDC in escrow)
[2026-05-26T23:03:50.811Z] Fee check: 0.0003 USDC accumulated (0.0003 USDC in escrow)
[2026-05-26T23:04:20.586Z] Fee check: 0.0003 USDC accumulated (0.0003 USDC in escrow)
[2026-05-26T23:04:50.608Z] Fee check: 0.0003 USDC accumulated (0.0003 USDC in escrow)
[2026-05-26T23:05:20.633Z] Fee check: 0.0003 USDC accumulated (0.0003 USDC in escrow)
[2026-05-26T23:05:50.656Z] Fee check: 0.0003 USDC accumulated (0.0003 USDC in escrow)
[2026-05-26T23:06:20.808Z] Fee check: 0.0003 USDC accumulated (0.0003 USDC in escrow)
[2026-05-26T23:06:50.841Z] Fee check: 0.0003 USDC accumulated (0.0003 USDC in escrow)
[2026-05-26T23:07:21.123Z] Fee check: 0.0003 USDC accumulated (0.0003 USDC in escrow)
[2026-05-26T23:07:51.138Z] Fee check: 0.0003 USDC accumulated (0.0003 USDC in escrow)
[2026-05-26T23:08:20.774Z] Fee check: 0.0003 USDC accumulated (0.0003 USDC in escrow)
[2026-05-26T23:08:51.057Z] Fee check: 0.0003 USDC accumulated (0.0003 USDC in escrow)
[2026-05-26T23:09:21.124Z] Fee check: 0.0003 USDC accumulated (0.0003 USDC in escrow)
[2026-05-26T23:09:50.838Z] Fee check: 0.0003 USDC accumulated (0.0003 USDC in escrow)
[2026-05-26T23:10:20.872Z] Fee check: 0.0003 USDC accumulated (0.0003 USDC in escrow)
[2026-05-26T23:10:51.142Z] Fee check: 0.0003 USDC accumulated (0.0003 USDC in escrow)
[2026-05-26T23:11:21.042Z] Fee check: 0.0003 USDC accumulated (0.0003 USDC in escrow)
[2026-05-26T23:11:50.991Z] Fee check: 0.0003 USDC accumulated (0.0003 USDC in escrow)
[2026-05-26T23:12:21.352Z] Fee check: 0.0003 USDC accumulated (0.0003 USDC in escrow)
[2026-05-26T23:12:50.987Z] Fee check: 0.0003 USDC accumulated (0.0003 USDC in escrow)
[2026-05-26T23:13:21.027Z] Fee check: 0.0003 USDC accumulated (0.0003 USDC in escrow)
[2026-05-26T23:13:51.480Z] Fee check: 0.0003 USDC accumulated (0.0003 USDC in escrow)
[2026-05-26T23:14:21.122Z] Fee check: 0.0003 USDC accumulated (0.0003 USDC in escrow)
[2026-05-26T23:14:51.366Z] Fee check: 0.0003 USDC accumulated (0.0003 USDC in escrow)
[2026-05-26T23:15:21.128Z] Fee check: 0.0003 USDC accumulated (0.0003 USDC in escrow)
[2026-05-26T23:15:51.137Z] Fee check: 0.0003 USDC accumulated (0.0003 USDC in escrow)
[2026-05-26T23:16:21.279Z] Fee check: 0.0003 USDC accumulated (0.0003 USDC in escrow)
[2026-05-26T23:16:51.658Z] Fee check: 0.0003 USDC accumulated (0.0003 USDC in escrow)
[2026-05-26T23:17:21.330Z] Fee check: 0.0003 USDC accumulated (0.0003 USDC in escrow)
[2026-05-26T23:17:51.336Z] Fee check: 0.0003 USDC accumulated (0.0003 USDC in escrow)
[2026-05-26T23:18:21.236Z] Fee check: 0.0003 USDC accumulated (0.0003 USDC in escrow)
[2026-05-26T23:18:51.261Z] Fee check: 0.0003 USDC accumulated (0.0003 USDC in escrow)
[2026-05-26T23:19:21.539Z] Fee check: 0.0003 USDC accumulated (0.0003 USDC in escrow)
[2026-05-26T23:19:51.619Z] Fee check: 0.0003 USDC accumulated (0.0003 USDC in escrow)
[2026-05-26T23:20:21.345Z] Fee check: 0.0003 USDC accumulated (0.0003 USDC in escrow)
[2026-05-26T23:20:51.342Z] Fee check: 0.0003 USDC accumulated (0.0003 USDC in escrow)
[2026-05-26T23:21:21.544Z] Fee check: 0.0003 USDC accumulated (0.0003 USDC in escrow)
[2026-05-26T23:21:51.811Z] Fee check: 0.0003 USDC accumulated (0.0003 USDC in escrow)
[2026-05-26T23:22:21.543Z] Fee check: 0.0003 USDC accumulated (0.0003 USDC in escrow)
[2026-05-26T23:22:51.596Z] Fee check: 0.0003 USDC accumulated (0.0003 USDC in escrow)
[2026-05-26T23:23:21.470Z] Fee check: 0.0003 USDC accumulated (0.0003 USDC in escrow)
[2026-05-26T23:23:51.760Z] Fee check: 0.0003 USDC accumulated (0.0003 USDC in escrow)
[2026-05-26T23:24:21.514Z] Fee check: 0.0003 USDC accumulated (0.0003 USDC in escrow)
[2026-05-26T23:24:51.824Z] Fee check: 0.0003 USDC accumulated (0.0003 USDC in escrow)
[2026-05-26T23:25:21.817Z] Fee check: 0.0003 USDC accumulated (0.0003 USDC in escrow)
[2026-05-26T23:25:51.622Z] Fee check: 0.0003 USDC accumulated (0.0003 USDC in escrow)
[2026-05-26T23:26:21.740Z] Fee check: 0.0003 USDC accumulated (0.0003 USDC in escrow)
[2026-05-26T23:26:52.037Z] Fee check: 0.0003 USDC accumulated (0.0003 USDC in escrow)
[2026-05-26T23:27:21.776Z] Fee check: 0.0003 USDC accumulated (0.0003 USDC in escrow)
[2026-05-26T23:27:51.831Z] Fee check: 0.0003 USDC accumulated (0.0003 USDC in escrow)
[2026-05-26T23:28:21.971Z] Fee check: 0.0003 USDC accumulated (0.0003 USDC in escrow)
[2026-05-26T23:28:51.717Z] Fee check: 0.0003 USDC accumulated (0.0003 USDC in escrow)
[2026-05-26T23:29:21.774Z] Fee check: 0.0003 USDC accumulated (0.0003 USDC in escrow)
[2026-05-26T23:29:52.039Z] Fee check: 0.0003 USDC accumulated (0.0003 USDC in escrow)
[2026-05-26T23:30:22.049Z] Fee check: 0.0003 USDC accumulated (0.0003 USDC in escrow)
[2026-05-26T23:30:51.820Z] Fee check: 0.0003 USDC accumulated (0.0003 USDC in escrow)
[2026-05-26T23:31:21.968Z] Fee check: 0.0003 USDC accumulated (0.0003 USDC in escrow)
[2026-05-26T23:31:52.007Z] Fee check: 0.0003 USDC accumulated (0.0003 USDC in escrow)
[2026-05-26T23:32:22.290Z] Fee check: 0.0003 USDC accumulated (0.0003 USDC in escrow)
[2026-05-26T23:32:52.039Z] Fee check: 0.0003 USDC accumulated (0.0003 USDC in escrow)
[2026-05-26T23:33:21.955Z] Fee check: 0.0003 USDC accumulated (0.0003 USDC in escrow)
[2026-05-26T23:33:51.960Z] Fee check: 0.0003 USDC accumulated (0.0003 USDC in escrow)
[2026-05-26T23:34:21.980Z] Fee check: 0.0003 USDC accumulated (0.0003 USDC in escrow)
[2026-05-26T23:34:52.272Z] Fee check: 0.0003 USDC accumulated (0.0003 USDC in escrow)
[2026-05-26T23:35:22.027Z] Fee check: 0.0003 USDC accumulated (0.0003 USDC in escrow)
[2026-05-26T23:35:52.318Z] Fee check: 0.0003 USDC accumulated (0.0003 USDC in escrow)
[2026-05-26T23:36:22.222Z] Fee check: 0.0003 USDC accumulated (0.0003 USDC in escrow)
[2026-05-26T23:36:52.365Z] Fee check: 0.0003 USDC accumulated (0.0003 USDC in escrow)
[2026-05-26T23:37:22.529Z] Fee check: 0.0003 USDC accumulated (0.0003 USDC in escrow)
[2026-05-26T23:37:52.154Z] Fee check: 0.0003 USDC accumulated (0.0003 USDC in escrow)
[2026-05-26T23:38:22.427Z] Fee check: 0.0003 USDC accumulated (0.0003 USDC in escrow)
[2026-05-26T23:38:52.195Z] Fee check: 0.0003 USDC accumulated (0.0003 USDC in escrow)
[2026-05-26T23:39:22.220Z] Fee check: 0.0003 USDC accumulated (0.0003 USDC in escrow)
[2026-05-26T23:39:52.518Z] Fee check: 0.0003 USDC accumulated (0.0003 USDC in escrow)
[2026-05-26T23:40:22.287Z] Fee check: 0.0003 USDC accumulated (0.0003 USDC in escrow)
[2026-05-26T23:40:52.548Z] Fee check: 0.0003 USDC accumulated (0.0003 USDC in escrow)
[2026-05-26T23:41:22.452Z] Fee check: 0.0003 USDC accumulated (0.0003 USDC in escrow)
[2026-05-26T23:41:52.474Z] Fee check: 0.0003 USDC accumulated (0.0003 USDC in escrow)
[2026-05-26T23:42:22.763Z] Fee check: 0.0003 USDC accumulated (0.0003 USDC in escrow)
[2026-05-26T23:42:52.513Z] Fee check: 0.0003 USDC accumulated (0.0003 USDC in escrow)
[2026-05-26T23:43:22.450Z] Fee check: 0.0003 USDC accumulated (0.0003 USDC in escrow)
[2026-05-26T23:43:52.414Z] Fee check: 0.0003 USDC accumulated (0.0003 USDC in escrow)
[2026-05-26T23:44:22.450Z] Fee check: 0.0003 USDC accumulated (0.0003 USDC in escrow)
[2026-05-26T23:44:52.467Z] Fee check: 0.0003 USDC accumulated (0.0003 USDC in escrow)
[2026-05-26T23:45:22.510Z] Fee check: 0.0003 USDC accumulated (0.0003 USDC in escrow)
[2026-05-26T23:45:52.514Z] Fee check: 0.0003 USDC accumulated (0.0003 USDC in escrow)
[2026-05-26T23:46:22.662Z] Fee check: 0.0003 USDC accumulated (0.0003 USDC in escrow)
[2026-05-26T23:46:52.947Z] Fee check: 0.0003 USDC accumulated (0.0003 USDC in escrow)
[2026-05-26T23:47:22.980Z] Fee check: 0.0003 USDC accumulated (0.0003 USDC in escrow)
[2026-05-26T23:47:52.725Z] Fee check: 0.0003 USDC accumulated (0.0003 USDC in escrow)
[2026-05-26T23:48:22.639Z] Fee check: 0.0003 USDC accumulated (0.0003 USDC in escrow)
[2026-05-26T23:48:52.672Z] Fee check: 0.0003 USDC accumulated (0.0003 USDC in escrow)
[2026-05-26T23:49:22.691Z] Fee check: 0.0003 USDC accumulated (0.0003 USDC in escrow)
[2026-05-26T23:49:52.709Z] Fee check: 0.0003 USDC accumulated (0.0003 USDC in escrow)
[2026-05-26T23:50:22.993Z] Fee check: 0.0003 USDC accumulated (0.0003 USDC in escrow)
[2026-05-26T23:50:53.017Z] Fee check: 0.0003 USDC accumulated (0.0003 USDC in escrow)
[2026-05-26T23:51:22.896Z] Fee check: 0.0003 USDC accumulated (0.0003 USDC in escrow)
[2026-05-26T23:51:52.919Z] Fee check: 0.0003 USDC accumulated (0.0003 USDC in escrow)
[2026-05-26T23:52:22.944Z] Fee check: 0.0003 USDC accumulated (0.0003 USDC in escrow)
[2026-05-26T23:52:52.973Z] Fee check: 0.0003 USDC accumulated (0.0003 USDC in escrow)
[2026-05-26T23:53:23.144Z] Fee check: 0.0003 USDC accumulated (0.0003 USDC in escrow)
[2026-05-26T23:53:52.903Z] Fee check: 0.0003 USDC accumulated (0.0003 USDC in escrow)
[2026-05-26T23:54:22.899Z] Fee check: 0.0003 USDC accumulated (0.0003 USDC in escrow)
[2026-05-26T23:54:52.938Z] Fee check: 0.0003 USDC accumulated (0.0003 USDC in escrow)
[2026-05-26T23:55:23.218Z] Fee check: 0.0003 USDC accumulated (0.0003 USDC in escrow)
[2026-05-26T23:55:52.977Z] Fee check: 0.0003 USDC accumulated (0.0003 USDC in escrow)
[2026-05-26T23:56:23.176Z] Fee check: 0.0003 USDC accumulated (0.0003 USDC in escrow)
[2026-05-26T23:56:53.036Z] Fee check: 0.0003 USDC accumulated (0.0003 USDC in escrow)
[2026-05-26T23:57:23.181Z] Fee check: 0.0003 USDC accumulated (0.0003 USDC in escrow)
[2026-05-26T23:57:53.335Z] Fee check: 0.0003 USDC accumulated (0.0003 USDC in escrow)
[2026-05-26T23:58:23.099Z] Fee check: 0.0003 USDC accumulated (0.0003 USDC in escrow)
[2026-05-26T23:58:53.121Z] Fee check: 0.0003 USDC accumulated (0.0003 USDC in escrow)
[2026-05-26T23:59:23.154Z] Fee check: 0.0003 USDC accumulated (0.0003 USDC in escrow)
[2026-05-26T23:59:53.180Z] Fee check: 0.0003 USDC accumulated (0.0003 USDC in escrow)
[2026-05-27T00:00:23.448Z] Fee check: 0.0003 USDC accumulated (0.0003 USDC in escrow)
[2026-05-27T00:00:53.495Z] Fee check: 0.0003 USDC accumulated (0.0003 USDC in escrow)
[2026-05-27T00:01:23.384Z] Fee check: 0.0003 USDC accumulated (0.0003 USDC in escrow)
[2026-05-27T00:01:53.394Z] Fee check: 0.0003 USDC accumulated (0.0003 USDC in escrow)
[2026-05-27T00:02:23.683Z] Fee check: 0.0003 USDC accumulated (0.0003 USDC in escrow)
[2026-05-27T00:02:53.424Z] Fee check: 0.0003 USDC accumulated (0.0003 USDC in escrow)
[2026-05-27T00:03:25.489Z] Fee check: 0.0003 USDC accumulated (0.0003 USDC in escrow)
[2026-05-27T00:03:53.341Z] Fee check: 0.0003 USDC accumulated (0.0003 USDC in escrow)
[2026-05-27T00:04:23.371Z] Fee check: 0.0003 USDC accumulated (0.0003 USDC in escrow)
[2026-05-27T00:04:53.391Z] Fee check: 0.0003 USDC accumulated (0.0003 USDC in escrow)
[2026-05-27T00:05:23.416Z] Fee check: 0.0003 USDC accumulated (0.0003 USDC in escrow)
[2026-05-27T00:05:53.461Z] Fee check: 0.0003 USDC accumulated (0.0003 USDC in escrow)
[2026-05-27T00:06:23.597Z] Fee check: 0.0003 USDC accumulated (0.0003 USDC in escrow)
[2026-05-27T00:06:53.620Z] Fee check: 0.0003 USDC accumulated (0.0003 USDC in escrow)
[2026-05-27T00:07:23.639Z] Fee check: 0.0003 USDC accumulated (0.0003 USDC in escrow)
[2026-05-27T00:07:54.099Z] Fee check: 0.0003 USDC accumulated (0.0003 USDC in escrow)
[2026-05-27T00:08:23.572Z] Fee check: 0.0003 USDC accumulated (0.0003 USDC in escrow)
[2026-05-27T00:08:53.921Z] Fee check: 0.0003 USDC accumulated (0.0003 USDC in escrow)
[2026-05-27T00:09:24.177Z] Fee check: 0.0003 USDC accumulated (0.0003 USDC in escrow)
[2026-05-27T00:09:53.619Z] Fee check: 0.0003 USDC accumulated (0.0003 USDC in escrow)
[2026-05-27T00:10:23.665Z] Fee check: 0.0003 USDC accumulated (0.0003 USDC in escrow)
[2026-05-27T00:10:53.726Z] Fee check: 0.0003 USDC accumulated (0.0003 USDC in escrow)
[2026-05-27T00:11:23.895Z] Fee check: 0.0003 USDC accumulated (0.0003 USDC in escrow)
[2026-05-27T00:11:53.895Z] Fee check: 0.0003 USDC accumulated (0.0003 USDC in escrow)
[2026-05-27T00:12:24.165Z] Fee check: 0.0003 USDC accumulated (0.0003 USDC in escrow)
[2026-05-27T00:12:53.932Z] Fee check: 0.0003 USDC accumulated (0.0003 USDC in escrow)
[2026-05-27T00:13:23.814Z] Fee check: 0.0003 USDC accumulated (0.0003 USDC in escrow)
[2026-05-27T00:13:53.835Z] Fee check: 0.0003 USDC accumulated (0.0003 USDC in escrow)
[2026-05-27T00:14:23.972Z] Fee check: 0.0003 USDC accumulated (0.0003 USDC in escrow)
[2026-05-27T00:14:53.897Z] Fee check: 0.0003 USDC accumulated (0.0003 USDC in escrow)
[2026-05-27T00:15:24.162Z] Fee check: 0.0003 USDC accumulated (0.0003 USDC in escrow)
[2026-05-27T00:15:53.915Z] Fee check: 0.0003 USDC accumulated (0.0003 USDC in escrow)
[2026-05-27T00:16:24.081Z] Fee check: 0.0003 USDC accumulated (0.0003 USDC in escrow)
[2026-05-27T00:16:54.215Z] Fee check: 0.0003 USDC accumulated (0.0003 USDC in escrow)
[2026-05-27T00:17:24.394Z] Fee check: 0.0003 USDC accumulated (0.0003 USDC in escrow)
[2026-05-27T00:17:54.006Z] Fee check: 0.0003 USDC accumulated (0.0003 USDC in escrow)
[2026-05-27T00:18:24.040Z] Fee check: 0.0003 USDC accumulated (0.0003 USDC in escrow)
[2026-05-27T00:18:54.345Z] Fee check: 0.0003 USDC accumulated (0.0003 USDC in escrow)
[2026-05-27T00:19:24.080Z] Fee check: 0.0003 USDC accumulated (0.0003 USDC in escrow)
[2026-05-27T00:19:54.362Z] Fee check: 0.0003 USDC accumulated (0.0003 USDC in escrow)
[2026-05-27T00:20:24.146Z] Fee check: 0.0003 USDC accumulated (0.0003 USDC in escrow)
[2026-05-27T00:20:54.172Z] Fee check: 0.0003 USDC accumulated (0.0003 USDC in escrow)
[2026-05-27T00:21:24.547Z] Fee check: 0.0003 USDC accumulated (0.0003 USDC in escrow)
[2026-05-27T00:21:54.354Z] Fee check: 0.0003 USDC accumulated (0.0003 USDC in escrow)
[2026-05-27T00:22:24.353Z] Fee check: 0.0003 USDC accumulated (0.0003 USDC in escrow)
[2026-05-27T00:22:54.347Z] Fee check: 0.0003 USDC accumulated (0.0003 USDC in escrow)
[2026-05-27T00:23:24.264Z] Fee check: 0.0003 USDC accumulated (0.0003 USDC in escrow)
[2026-05-27T00:23:54.280Z] Fee check: 0.0003 USDC accumulated (0.0003 USDC in escrow)
[2026-05-27T00:24:24.561Z] Fee check: 0.0003 USDC accumulated (0.0003 USDC in escrow)
[2026-05-27T00:24:54.332Z] Fee check: 0.0003 USDC accumulated (0.0003 USDC in escrow)
[2026-05-27T00:25:24.353Z] Fee check: 0.0003 USDC accumulated (0.0003 USDC in escrow)
[2026-05-27T00:25:54.400Z] Fee check: 0.0003 USDC accumulated (0.0003 USDC in escrow)
[2026-05-27T00:26:24.769Z] Fee check: 0.0003 USDC accumulated (0.0003 USDC in escrow)
[2026-05-27T00:26:54.703Z] Fee check: 0.0003 USDC accumulated (0.0003 USDC in escrow)
[2026-05-27T00:27:24.548Z] Fee check: 0.0003 USDC accumulated (0.0003 USDC in escrow)
[2026-05-27T00:27:54.581Z] Fee check: 0.0003 USDC accumulated (0.0003 USDC in escrow)
[2026-05-27T00:28:24.488Z] Fee check: 0.0003 USDC accumulated (0.0003 USDC in escrow)
[2026-05-27T00:28:54.497Z] Fee check: 0.0003 USDC accumulated (0.0003 USDC in escrow)
[2026-05-27T00:29:24.540Z] Fee check: 0.0003 USDC accumulated (0.0003 USDC in escrow)
[2026-05-27T00:29:54.551Z] Fee check: 0.0003 USDC accumulated (0.0003 USDC in escrow)
[2026-05-27T00:30:24.580Z] Fee check: 0.0003 USDC accumulated (0.0003 USDC in escrow)
[2026-05-27T00:30:54.646Z] Fee check: 0.0003 USDC accumulated (0.0003 USDC in escrow)
[2026-05-27T00:31:24.626Z] Fee check: 0.0003 USDC accumulated (0.0003 USDC in escrow)
[2026-05-27T00:31:55.087Z] Fee check: 0.0003 USDC accumulated (0.0003 USDC in escrow)
[2026-05-27T00:32:24.804Z] Fee check: 0.0003 USDC accumulated (0.0003 USDC in escrow)
[2026-05-27T00:32:54.829Z] Fee check: 0.0003 USDC accumulated (0.0003 USDC in escrow)
[2026-05-27T00:33:25.078Z] Fee check: 0.0003 USDC accumulated (0.0003 USDC in escrow)
[2026-05-27T00:33:54.754Z] Fee check: 0.0003 USDC accumulated (0.0003 USDC in escrow)
[2026-05-27T00:34:24.760Z] Fee check: 0.0003 USDC accumulated (0.0003 USDC in escrow)
[2026-05-27T00:34:54.798Z] Fee check: 0.0003 USDC accumulated (0.0003 USDC in escrow)
[2026-05-27T00:35:24.868Z] Fee check: 0.0003 USDC accumulated (0.0003 USDC in escrow)
[2026-05-27T00:35:55.113Z] Fee check: 0.0003 USDC accumulated (0.0003 USDC in escrow)
[2026-05-27T00:36:24.864Z] Fee check: 0.0003 USDC accumulated (0.0003 USDC in escrow)
[2026-05-27T00:36:55.012Z] Fee check: 0.0003 USDC accumulated (0.0003 USDC in escrow)
[2026-05-27T00:37:25.078Z] Fee check: 0.0003 USDC accumulated (0.0003 USDC in escrow)
[2026-05-27T00:37:55.191Z] Fee check: 0.0003 USDC accumulated (0.0003 USDC in escrow)
[2026-05-27T00:38:24.954Z] Fee check: 0.0003 USDC accumulated (0.0003 USDC in escrow)
[2026-05-27T00:38:54.983Z] Fee check: 0.0003 USDC accumulated (0.0003 USDC in escrow)
[2026-05-27T00:39:25.270Z] Fee check: 0.0003 USDC accumulated (0.0003 USDC in escrow)
[2026-05-27T00:39:55.037Z] Fee check: 0.0003 USDC accumulated (0.0003 USDC in escrow)
[2026-05-27T00:40:25.378Z] Fee check: 0.0003 USDC accumulated (0.0003 USDC in escrow)
[2026-05-27T00:40:55.069Z] Fee check: 0.0003 USDC accumulated (0.0003 USDC in escrow)
[2026-05-27T00:41:25.096Z] Fee check: 0.0003 USDC accumulated (0.0003 USDC in escrow)
[2026-05-27T00:41:55.256Z] Fee check: 0.0003 USDC accumulated (0.0003 USDC in escrow)
[2026-05-27T00:42:25.279Z] Fee check: 0.0003 USDC accumulated (0.0003 USDC in escrow)
[2026-05-27T00:42:55.309Z] Fee check: 0.0003 USDC accumulated (0.0003 USDC in escrow)
[2026-05-27T00:43:25.188Z] Fee check: 0.0003 USDC accumulated (0.0003 USDC in escrow)
[2026-05-27T00:43:55.192Z] Fee check: 0.0003 USDC accumulated (0.0003 USDC in escrow)
[2026-05-27T00:44:25.210Z] Fee check: 0.0003 USDC accumulated (0.0003 USDC in escrow)
[2026-05-27T00:44:55.238Z] Fee check: 0.0003 USDC accumulated (0.0003 USDC in escrow)
[2026-05-27T00:45:25.294Z] Fee check: 0.0003 USDC accumulated (0.0003 USDC in escrow)
[2026-05-27T00:45:55.291Z] Fee check: 0.0003 USDC accumulated (0.0003 USDC in escrow)
[2026-05-27T00:46:25.581Z] Fee check: 0.0003 USDC accumulated (0.0003 USDC in escrow)
[2026-05-27T00:46:55.463Z] Fee check: 0.0003 USDC accumulated (0.0003 USDC in escrow)
[2026-05-27T00:47:25.485Z] Fee check: 0.0003 USDC accumulated (0.0003 USDC in escrow)
[2026-05-27T00:47:55.518Z] Fee check: 0.0003 USDC accumulated (0.0003 USDC in escrow)
[2026-05-27T00:48:25.426Z] Fee check: 0.0003 USDC accumulated (0.0003 USDC in escrow)
[2026-05-27T00:48:55.457Z] Fee check: 0.0003 USDC accumulated (0.0003 USDC in escrow)
[2026-05-27T00:49:25.773Z] Fee check: 0.0003 USDC accumulated (0.0003 USDC in escrow)
[2026-05-27T00:49:55.479Z] Fee check: 0.0003 USDC accumulated (0.0003 USDC in escrow)
[2026-05-27T00:50:25.509Z] Fee check: 0.0003 USDC accumulated (0.0003 USDC in escrow)
[2026-05-27T00:50:55.541Z] Fee check: 0.0003 USDC accumulated (0.0003 USDC in escrow)
[2026-05-27T00:51:25.834Z] Fee check: 0.0003 USDC accumulated (0.0003 USDC in escrow)
[2026-05-27T00:51:55.713Z] Fee check: 0.0003 USDC accumulated (0.0003 USDC in escrow)
[2026-05-27T00:52:25.727Z] Fee check: 0.0003 USDC accumulated (0.0003 USDC in escrow)
[2026-05-27T00:52:55.740Z] Fee check: 0.0003 USDC accumulated (0.0003 USDC in escrow)
[2026-05-27T00:53:25.652Z] Fee check: 0.0003 USDC accumulated (0.0003 USDC in escrow)
[2026-05-27T00:53:55.688Z] Fee check: 0.0003 USDC accumulated (0.0003 USDC in escrow)
[2026-05-27T00:54:25.698Z] Fee check: 0.0003 USDC accumulated (0.0003 USDC in escrow)
[2026-05-27T00:54:55.713Z] Fee check: 0.0003 USDC accumulated (0.0003 USDC in escrow)
[2026-05-27T00:55:25.756Z] Fee check: 0.0003 USDC accumulated (0.0003 USDC in escrow)
[2026-05-27T00:55:55.771Z] Fee check: 0.0003 USDC accumulated (0.0003 USDC in escrow)
[2026-05-27T00:56:25.805Z] Fee check: 0.0003 USDC accumulated (0.0003 USDC in escrow)
[2026-05-27T00:56:55.950Z] Fee check: 0.0003 USDC accumulated (0.0003 USDC in escrow)
[2026-05-27T00:57:25.977Z] Fee check: 0.0003 USDC accumulated (0.0003 USDC in escrow)
[2026-05-27T00:57:56.006Z] Fee check: 0.0003 USDC accumulated (0.0003 USDC in escrow)
[2026-05-27T00:58:25.890Z] Fee check: 0.0003 USDC accumulated (0.0003 USDC in escrow)
[2026-05-27T00:58:55.924Z] Fee check: 0.0003 USDC accumulated (0.0003 USDC in escrow)
[2026-05-27T00:59:25.923Z] Fee check: 0.0003 USDC accumulated (0.0003 USDC in escrow)
[2026-05-27T00:59:55.960Z] Fee check: 0.0003 USDC accumulated (0.0003 USDC in escrow)
[2026-05-27T01:00:26.243Z] Fee check: 0.0003 USDC accumulated (0.0003 USDC in escrow)
[2026-05-27T01:00:56.007Z] Fee check: 0.0003 USDC accumulated (0.0003 USDC in escrow)
[2026-05-27T01:01:26.091Z] Fee check: 0.0003 USDC accumulated (0.0003 USDC in escrow)
[2026-05-27T01:01:56.197Z] Fee check: 0.0003 USDC accumulated (0.0003 USDC in escrow)
[2026-05-27T01:02:26.218Z] Fee check: 0.0003 USDC accumulated (0.0003 USDC in escrow)
[2026-05-27T01:02:56.119Z] Fee check: 0.0003 USDC accumulated (0.0003 USDC in escrow)
[2026-05-27T01:03:26.227Z] Fee check: 0.0003 USDC accumulated (0.0003 USDC in escrow)
[2026-05-27T01:03:56.416Z] Fee check: 0.0003 USDC accumulated (0.0003 USDC in escrow)
[2026-05-27T01:04:26.435Z] Fee check: 0.0003 USDC accumulated (0.0003 USDC in escrow)
[2026-05-27T01:04:56.189Z] Fee check: 0.0003 USDC accumulated (0.0003 USDC in escrow)
[2026-05-27T01:05:26.236Z] Fee check: 0.0003 USDC accumulated (0.0003 USDC in escrow)
[2026-05-27T01:05:56.246Z] Fee check: 0.0003 USDC accumulated (0.0003 USDC in escrow)
[2026-05-27T01:06:26.561Z] Fee check: 0.0003 USDC accumulated (0.0003 USDC in escrow)
[2026-05-27T01:06:56.423Z] Fee check: 0.0003 USDC accumulated (0.0003 USDC in escrow)
[2026-05-27T01:07:26.523Z] Fee check: 0.0003 USDC accumulated (0.0003 USDC in escrow)
[2026-05-27T01:07:56.506Z] Fee check: 0.0003 USDC accumulated (0.0003 USDC in escrow)
[2026-05-27T01:08:26.522Z] Fee check: 0.0003 USDC accumulated (0.0003 USDC in escrow)
[2026-05-27T01:08:56.622Z] Fee check: 0.0003 USDC accumulated (0.0003 USDC in escrow)
[2026-05-27T01:09:26.382Z] Fee check: 0.0003 USDC accumulated (0.0003 USDC in escrow)
[2026-05-27T01:09:56.415Z] Fee check: 0.0003 USDC accumulated (0.0003 USDC in escrow)
[2026-05-27T01:10:26.443Z] Fee check: 0.0003 USDC accumulated (0.0003 USDC in escrow)
[2026-05-27T01:10:56.458Z] Fee check: 0.0003 USDC accumulated (0.0003 USDC in escrow)
[2026-05-27T01:11:26.487Z] Fee check: 0.0003 USDC accumulated (0.0003 USDC in escrow)
[2026-05-27T01:11:56.641Z] Fee check: 0.0003 USDC accumulated (0.0003 USDC in escrow)
[2026-05-27T01:12:26.671Z] Fee check: 0.0003 USDC accumulated (0.0003 USDC in escrow)
[2026-05-27T01:12:56.690Z] Fee check: 0.0003 USDC accumulated (0.0003 USDC in escrow)
[2026-05-27T01:13:26.578Z] Fee check: 0.0003 USDC accumulated (0.0003 USDC in escrow)
[2026-05-27T01:13:56.864Z] Fee check: 0.0003 USDC accumulated (0.0003 USDC in escrow)
[2026-05-27T01:14:26.629Z] Fee check: 0.0003 USDC accumulated (0.0003 USDC in escrow)
[2026-05-27T01:14:56.657Z] Fee check: 0.0003 USDC accumulated (0.0003 USDC in escrow)
[2026-05-27T01:15:26.690Z] Fee check: 0.0003 USDC accumulated (0.0003 USDC in escrow)
[2026-05-27T01:15:56.758Z] Fee check: 0.0003 USDC accumulated (0.0003 USDC in escrow)
[2026-05-27T01:16:26.724Z] Fee check: 0.0003 USDC accumulated (0.0003 USDC in escrow)
[2026-05-27T01:16:56.883Z] Fee check: 0.0003 USDC accumulated (0.0003 USDC in escrow)
[2026-05-27T01:17:26.910Z] Fee check: 0.0003 USDC accumulated (0.0003 USDC in escrow)
[2026-05-27T01:17:56.967Z] Fee check: 0.0003 USDC accumulated (0.0003 USDC in escrow)
[2026-05-27T01:18:26.830Z] Fee check: 0.0003 USDC accumulated (0.0003 USDC in escrow)
[2026-05-27T01:18:56.856Z] Fee check: 0.0003 USDC accumulated (0.0003 USDC in escrow)
[2026-05-27T01:19:26.865Z] Fee check: 0.0003 USDC accumulated (0.0003 USDC in escrow)
[2026-05-27T01:19:57.149Z] Fee check: 0.0003 USDC accumulated (0.0003 USDC in escrow)
[2026-05-27T01:20:26.912Z] Fee check: 0.0003 USDC accumulated (0.0003 USDC in escrow)
[2026-05-27T01:20:56.956Z] Fee check: 0.0003 USDC accumulated (0.0003 USDC in escrow)
[2026-05-27T01:21:26.975Z] Fee check: 0.0003 USDC accumulated (0.0003 USDC in escrow)
[2026-05-27T01:21:57.118Z] Fee check: 0.0003 USDC accumulated (0.0003 USDC in escrow)
[2026-05-27T01:22:27.147Z] Fee check: 0.0003 USDC accumulated (0.0003 USDC in escrow)
[2026-05-27T01:22:57.291Z] Fee check: 0.0003 USDC accumulated (0.0003 USDC in escrow)
[2026-05-27T01:23:27.066Z] Fee check: 0.0003 USDC accumulated (0.0003 USDC in escrow)
[2026-05-27T01:23:57.114Z] Fee check: 0.0003 USDC accumulated (0.0003 USDC in escrow)
[2026-05-27T01:24:27.127Z] Fee check: 0.0003 USDC accumulated (0.0003 USDC in escrow)
[2026-05-27T01:24:57.156Z] Fee check: 0.0003 USDC accumulated (0.0003 USDC in escrow)
[2026-05-27T01:25:27.413Z] Fee check: 0.0003 USDC accumulated (0.0003 USDC in escrow)
[2026-05-27T01:25:57.523Z] Fee check: 0.0003 USDC accumulated (0.0003 USDC in escrow)
[2026-05-27T01:26:27.204Z] Fee check: 0.0003 USDC accumulated (0.0003 USDC in escrow)
[2026-05-27T01:26:57.356Z] Fee check: 0.0003 USDC accumulated (0.0003 USDC in escrow)
[2026-05-27T01:27:27.374Z] Fee check: 0.0003 USDC accumulated (0.0003 USDC in escrow)
[2026-05-27T01:27:57.369Z] Fee check: 0.0003 USDC accumulated (0.0003 USDC in escrow)
[2026-05-27T01:28:27.560Z] Fee check: 0.0003 USDC accumulated (0.0003 USDC in escrow)
[2026-05-27T01:28:57.305Z] Fee check: 0.0003 USDC accumulated (0.0003 USDC in escrow)
[2026-05-27T01:29:27.335Z] Fee check: 0.0003 USDC accumulated (0.0003 USDC in escrow)
[2026-05-27T01:29:57.347Z] Fee check: 0.0003 USDC accumulated (0.0003 USDC in escrow)
[2026-05-27T01:30:27.390Z] Fee check: 0.0003 USDC accumulated (0.0003 USDC in escrow)
[2026-05-27T01:30:57.405Z] Fee check: 0.0003 USDC accumulated (0.0003 USDC in escrow)
[2026-05-27T01:31:27.418Z] Fee check: 0.0003 USDC accumulated (0.0003 USDC in escrow)
[2026-05-27T01:31:58.005Z] Fee check: 0.0003 USDC accumulated (0.0003 USDC in escrow)
[2026-05-27T01:32:27.605Z] Fee check: 0.0003 USDC accumulated (0.0003 USDC in escrow)
[2026-05-27T01:32:58.224Z] Fee check: 0.0003 USDC accumulated (0.0003 USDC in escrow)
[2026-05-27T01:33:27.515Z] Fee check: 0.0003 USDC accumulated (0.0003 USDC in escrow)
[2026-05-27T01:33:57.535Z] Fee check: 0.0003 USDC accumulated (0.0003 USDC in escrow)
[2026-05-27T01:34:27.564Z] Fee check: 0.0003 USDC accumulated (0.0003 USDC in escrow)
[2026-05-27T01:34:57.600Z] Fee check: 0.0003 USDC accumulated (0.0003 USDC in escrow)
[2026-05-27T01:35:27.684Z] Fee check: 0.0003 USDC accumulated (0.0003 USDC in escrow)
[2026-05-27T01:35:57.644Z] Fee check: 0.0003 USDC accumulated (0.0003 USDC in escrow)
[2026-05-27T01:36:27.683Z] Fee check: 0.0003 USDC accumulated (0.0003 USDC in escrow)
[2026-05-27T01:36:57.818Z] Fee check: 0.0003 USDC accumulated (0.0003 USDC in escrow)
[2026-05-27T01:37:27.863Z] Fee check: 0.0003 USDC accumulated (0.0003 USDC in escrow)
[2026-05-27T01:37:57.873Z] Fee check: 0.0003 USDC accumulated (0.0003 USDC in escrow)
[2026-05-27T01:38:27.829Z] Fee check: 0.0003 USDC accumulated (0.0003 USDC in escrow)
[2026-05-27T01:38:57.778Z] Fee check: 0.0003 USDC accumulated (0.0003 USDC in escrow)
[2026-05-27T01:39:28.061Z] Fee check: 0.0003 USDC accumulated (0.0003 USDC in escrow)
[2026-05-27T01:39:57.897Z] Fee check: 0.0003 USDC accumulated (0.0003 USDC in escrow)
[2026-05-27T01:40:27.858Z] Fee check: 0.0003 USDC accumulated (0.0003 USDC in escrow)
[2026-05-27T01:40:57.871Z] Fee check: 0.0003 USDC accumulated (0.0003 USDC in escrow)
[2026-05-27T01:41:27.900Z] Fee check: 0.0003 USDC accumulated (0.0003 USDC in escrow)
[2026-05-27T01:41:58.068Z] Fee check: 0.0003 USDC accumulated (0.0003 USDC in escrow)
[2026-05-27T01:42:28.101Z] Fee check: 0.0003 USDC accumulated (0.0003 USDC in escrow)
[2026-05-27T01:42:57.975Z] Fee check: 0.0003 USDC accumulated (0.0003 USDC in escrow)
[2026-05-27T01:43:28.282Z] Fee check: 0.0003 USDC accumulated (0.0003 USDC in escrow)
[2026-05-27T01:43:58.009Z] Fee check: 0.0003 USDC accumulated (0.0003 USDC in escrow)
[2026-05-27T01:44:28.038Z] Fee check: 0.0003 USDC accumulated (0.0003 USDC in escrow)
[2026-05-27T01:44:58.073Z] Fee check: 0.0003 USDC accumulated (0.0003 USDC in escrow)
[2026-05-27T01:45:28.087Z] Fee check: 0.0003 USDC accumulated (0.0003 USDC in escrow)
[2026-05-27T01:45:58.108Z] Fee check: 0.0003 USDC accumulated (0.0003 USDC in escrow)
[2026-05-27T01:46:28.135Z] Fee check: 0.0003 USDC accumulated (0.0003 USDC in escrow)
[2026-05-27T01:46:58.283Z] Fee check: 0.0003 USDC accumulated (0.0003 USDC in escrow)
[2026-05-27T01:47:28.367Z] Fee check: 0.0003 USDC accumulated (0.0003 USDC in escrow)
[2026-05-27T01:47:58.297Z] Fee check: 0.0003 USDC accumulated (0.0003 USDC in escrow)
[2026-05-27T01:48:28.209Z] Fee check: 0.0003 USDC accumulated (0.0003 USDC in escrow)
[2026-05-27T01:48:58.501Z] Fee check: 0.0003 USDC accumulated (0.0003 USDC in escrow)
[2026-05-27T01:49:28.255Z] Fee check: 0.0003 USDC accumulated (0.0003 USDC in escrow)
[2026-05-27T01:49:58.524Z] Fee check: 0.0003 USDC accumulated (0.0003 USDC in escrow)
[2026-05-27T01:50:28.345Z] Fee check: 0.0003 USDC accumulated (0.0003 USDC in escrow)
[2026-05-27T01:50:58.324Z] Fee check: 0.0003 USDC accumulated (0.0003 USDC in escrow)
[2026-05-27T01:51:28.359Z] Fee check: 0.0003 USDC accumulated (0.0003 USDC in escrow)
[2026-05-27T01:51:58.755Z] Fee check: 0.0003 USDC accumulated (0.0003 USDC in escrow)
[2026-05-27T01:52:28.827Z] Fee check: 0.0003 USDC accumulated (0.0003 USDC in escrow)
[2026-05-27T01:52:58.806Z] Fee check: 0.0003 USDC accumulated (0.0003 USDC in escrow)
[2026-05-27T01:53:28.438Z] Fee check: 0.0003 USDC accumulated (0.0003 USDC in escrow)
[2026-05-27T01:53:58.476Z] Fee check: 0.0003 USDC accumulated (0.0003 USDC in escrow)
[2026-05-27T01:54:28.506Z] Fee check: 0.0003 USDC accumulated (0.0003 USDC in escrow)
[2026-05-27T01:54:58.525Z] Fee check: 0.0003 USDC accumulated (0.0003 USDC in escrow)
[2026-05-27T01:55:28.604Z] Fee check: 0.0003 USDC accumulated (0.0003 USDC in escrow)
[2026-05-27T01:55:58.561Z] Fee check: 0.0003 USDC accumulated (0.0003 USDC in escrow)
[2026-05-27T01:56:28.620Z] Fee check: 0.0003 USDC accumulated (0.0003 USDC in escrow)
[2026-05-27T01:56:58.999Z] Fee check: 0.0003 USDC accumulated (0.0003 USDC in escrow)
[2026-05-27T01:57:29.009Z] Fee check: 0.0003 USDC accumulated (0.0003 USDC in escrow)
[2026-05-27T01:57:58.787Z] Fee check: 0.0003 USDC accumulated (0.0003 USDC in escrow)
[2026-05-27T01:58:28.676Z] Fee check: 0.0003 USDC accumulated (0.0003 USDC in escrow)
[2026-05-27T01:58:58.707Z] Fee check: 0.0003 USDC accumulated (0.0003 USDC in escrow)
[2026-05-27T01:59:28.982Z] Fee check: 0.0003 USDC accumulated (0.0003 USDC in escrow)
[2026-05-27T01:59:58.759Z] Fee check: 0.0003 USDC accumulated (0.0003 USDC in escrow)
[2026-05-27T02:00:29.044Z] Fee check: 0.0003 USDC accumulated (0.0003 USDC in escrow)
[2026-05-27T02:00:58.798Z] Fee check: 0.0003 USDC accumulated (0.0003 USDC in escrow)
[2026-05-27T02:01:28.826Z] Fee check: 0.0003 USDC accumulated (0.0003 USDC in escrow)
[2026-05-27T02:01:58.965Z] Fee check: 0.0003 USDC accumulated (0.0003 USDC in escrow)
[2026-05-27T02:02:28.998Z] Fee check: 0.0003 USDC accumulated (0.0003 USDC in escrow)
[2026-05-27T02:02:59.052Z] Fee check: 0.0003 USDC accumulated (0.0003 USDC in escrow)
[2026-05-27T02:03:29.166Z] Fee check: 0.0003 USDC accumulated (0.0003 USDC in escrow)
[2026-05-27T02:03:58.929Z] Fee check: 0.0003 USDC accumulated (0.0003 USDC in escrow)
[2026-05-27T02:04:28.961Z] Fee check: 0.0003 USDC accumulated (0.0003 USDC in escrow)
[2026-05-27T02:04:59.303Z] Fee check: 0.0003 USDC accumulated (0.0003 USDC in escrow)
[2026-05-27T02:05:29.072Z] Fee check: 0.0003 USDC accumulated (0.0003 USDC in escrow)
[2026-05-27T02:05:59.033Z] Fee check: 0.0003 USDC accumulated (0.0003 USDC in escrow)
[2026-05-27T02:06:29.062Z] Fee check: 0.0003 USDC accumulated (0.0003 USDC in escrow)
[2026-05-27T02:06:59.211Z] Fee check: 0.0003 USDC accumulated (0.0003 USDC in escrow)
[2026-05-27T02:07:29.241Z] Fee check: 0.0003 USDC accumulated (0.0003 USDC in escrow)
[2026-05-27T02:07:59.134Z] Fee check: 0.0003 USDC accumulated (0.0003 USDC in escrow)
[2026-05-27T02:08:29.179Z] Fee check: 0.0003 USDC accumulated (0.0003 USDC in escrow)
[2026-05-27T02:08:59.182Z] Fee check: 0.0003 USDC accumulated (0.0003 USDC in escrow)
[2026-05-27T02:09:29.196Z] Fee check: 0.0003 USDC accumulated (0.0003 USDC in escrow)
[2026-05-27T02:09:59.249Z] Fee check: 0.0003 USDC accumulated (0.0003 USDC in escrow)
[2026-05-27T02:10:29.258Z] Fee check: 0.0003 USDC accumulated (0.0003 USDC in escrow)
[2026-05-27T02:10:59.547Z] Fee check: 0.0003 USDC accumulated (0.0003 USDC in escrow)
[2026-05-27T02:11:29.299Z] Fee check: 0.0003 USDC accumulated (0.0003 USDC in escrow)
[2026-05-27T02:11:59.444Z] Fee check: 0.0003 USDC accumulated (0.0003 USDC in escrow)
[2026-05-27T02:12:29.476Z] Fee check: 0.0003 USDC accumulated (0.0003 USDC in escrow)
[2026-05-27T02:12:59.454Z] Fee check: 0.0003 USDC accumulated (0.0003 USDC in escrow)
[2026-05-27T02:13:29.370Z] Fee check: 0.0003 USDC accumulated (0.0003 USDC in escrow)
[2026-05-27T02:13:59.394Z] Fee check: 0.0003 USDC accumulated (0.0003 USDC in escrow)
[2026-05-27T02:14:29.426Z] Fee check: 0.0003 USDC accumulated (0.0003 USDC in escrow)
[2026-05-27T02:14:59.690Z] Fee check: 0.0003 USDC accumulated (0.0003 USDC in escrow)
[2026-05-27T02:15:29.468Z] Fee check: 0.0003 USDC accumulated (0.0003 USDC in escrow)
[2026-05-27T02:15:59.485Z] Fee check: 0.0003 USDC accumulated (0.0003 USDC in escrow)
[2026-05-27T02:16:29.510Z] Fee check: 0.0003 USDC accumulated (0.0003 USDC in escrow)
[2026-05-27T02:16:59.655Z] Fee check: 0.0003 USDC accumulated (0.0003 USDC in escrow)
[2026-05-27T02:17:29.700Z] Fee check: 0.0003 USDC accumulated (0.0003 USDC in escrow)
[2026-05-27T02:17:59.720Z] Fee check: 0.0003 USDC accumulated (0.0003 USDC in escrow)
[2026-05-27T02:18:29.633Z] Fee check: 0.0003 USDC accumulated (0.0003 USDC in escrow)
[2026-05-27T02:18:59.640Z] Fee check: 0.0003 USDC accumulated (0.0003 USDC in escrow)
[2026-05-27T02:19:29.661Z] Fee check: 0.0003 USDC accumulated (0.0003 USDC in escrow)
[2026-05-27T02:19:59.712Z] Fee check: 0.0003 USDC accumulated (0.0003 USDC in escrow)
[2026-05-27T02:20:29.713Z] Fee check: 0.0003 USDC accumulated (0.0003 USDC in escrow)
[2026-05-27T02:20:59.741Z] Fee check: 0.0003 USDC accumulated (0.0003 USDC in escrow)
[2026-05-27T02:21:29.752Z] Fee check: 0.0003 USDC accumulated (0.0003 USDC in escrow)
[2026-05-27T02:21:59.906Z] Fee check: 0.0003 USDC accumulated (0.0003 USDC in escrow)
[2026-05-27T02:22:29.926Z] Fee check: 0.0003 USDC accumulated (0.0003 USDC in escrow)
[2026-05-27T02:22:59.963Z] Fee check: 0.0003 USDC accumulated (0.0003 USDC in escrow)
[2026-05-27T02:23:29.843Z] Fee check: 0.0003 USDC accumulated (0.0003 USDC in escrow)
[2026-05-27T02:23:59.899Z] Fee check: 0.0003 USDC accumulated (0.0003 USDC in escrow)
[2026-05-27T02:24:29.893Z] Fee check: 0.0003 USDC accumulated (0.0003 USDC in escrow)
[2026-05-27T02:25:00.159Z] Fee check: 0.0003 USDC accumulated (0.0003 USDC in escrow)
[2026-05-27T02:25:29.960Z] Fee check: 0.0003 USDC accumulated (0.0003 USDC in escrow)
[2026-05-27T02:25:59.977Z] Fee check: 0.0003 USDC accumulated (0.0003 USDC in escrow)
[2026-05-27T02:26:30.273Z] Fee check: 0.0003 USDC accumulated (0.0003 USDC in escrow)
[2026-05-27T02:27:00.145Z] Fee check: 0.0003 USDC accumulated (0.0003 USDC in escrow)
[2026-05-27T02:27:30.184Z] Fee check: 0.0003 USDC accumulated (0.0003 USDC in escrow)
[2026-05-27T02:28:00.322Z] Fee check: 0.0003 USDC accumulated (0.0003 USDC in escrow)
[2026-05-27T02:28:30.166Z] Fee check: 0.0003 USDC accumulated (0.0003 USDC in escrow)
[2026-05-27T02:29:00.370Z] Fee check: 0.0003 USDC accumulated (0.0003 USDC in escrow)
[2026-05-27T02:29:30.171Z] Fee check: 0.0003 USDC accumulated (0.0003 USDC in escrow)
[2026-05-27T02:30:00.155Z] Fee check: 0.0003 USDC accumulated (0.0003 USDC in escrow)
[2026-05-27T02:30:30.178Z] Fee check: 0.0003 USDC accumulated (0.0003 USDC in escrow)
[2026-05-27T02:31:00.205Z] Fee check: 0.0003 USDC accumulated (0.0003 USDC in escrow)
[2026-05-27T02:31:30.235Z] Fee check: 0.0003 USDC accumulated (0.0003 USDC in escrow)
[2026-05-27T02:32:00.371Z] Fee check: 0.0003 USDC accumulated (0.0003 USDC in escrow)
[2026-05-27T02:32:30.402Z] Fee check: 0.0003 USDC accumulated (0.0003 USDC in escrow)
[2026-05-27T02:33:00.395Z] Fee check: 0.0003 USDC accumulated (0.0003 USDC in escrow)
[2026-05-27T02:33:30.299Z] Fee check: 0.0003 USDC accumulated (0.0003 USDC in escrow)
[2026-05-27T02:34:00.581Z] Fee check: 0.0003 USDC accumulated (0.0003 USDC in escrow)
[2026-05-27T02:34:30.350Z] Fee check: 0.0003 USDC accumulated (0.0003 USDC in escrow)
[2026-05-27T02:35:00.372Z] Fee check: 0.0003 USDC accumulated (0.0003 USDC in escrow)
[2026-05-27T02:35:30.381Z] Fee check: 0.0003 USDC accumulated (0.0003 USDC in escrow)
[2026-05-27T02:36:00.417Z] Fee check: 0.0003 USDC accumulated (0.0003 USDC in escrow)
[2026-05-27T02:36:30.694Z] Fee check: 0.0003 USDC accumulated (0.0003 USDC in escrow)
[2026-05-27T02:37:00.604Z] Fee check: 0.0003 USDC accumulated (0.0003 USDC in escrow)
[2026-05-27T02:37:30.627Z] Fee check: 0.0003 USDC accumulated (0.0003 USDC in escrow)
[2026-05-27T02:38:00.654Z] Fee check: 0.0003 USDC accumulated (0.0003 USDC in escrow)
[2026-05-27T02:38:30.628Z] Fee check: 0.0003 USDC accumulated (0.0003 USDC in escrow)
[2026-05-27T02:39:00.564Z] Fee check: 0.0003 USDC accumulated (0.0003 USDC in escrow)
[2026-05-27T02:39:30.589Z] Fee check: 0.0003 USDC accumulated (0.0003 USDC in escrow)
[2026-05-27T02:40:00.607Z] Fee check: 0.0003 USDC accumulated (0.0003 USDC in escrow)
[2026-05-27T02:40:30.629Z] Fee check: 0.0003 USDC accumulated (0.0003 USDC in escrow)
[2026-05-27T02:41:00.649Z] Fee check: 0.0003 USDC accumulated (0.0003 USDC in escrow)
[2026-05-27T02:41:30.672Z] Fee check: 0.0003 USDC accumulated (0.0003 USDC in escrow)
[2026-05-27T02:42:00.822Z] Fee check: 0.0003 USDC accumulated (0.0003 USDC in escrow)
[2026-05-27T02:42:31.240Z] Fee check: 0.0003 USDC accumulated (0.0003 USDC in escrow)
[2026-05-27T02:43:00.870Z] Fee check: 0.0003 USDC accumulated (0.0003 USDC in escrow)
[2026-05-27T02:43:30.786Z] Fee check: 0.0003 USDC accumulated (0.0003 USDC in escrow)
[2026-05-27T02:44:00.802Z] Fee check: 0.0003 USDC accumulated (0.0003 USDC in escrow)
[2026-05-27T02:44:31.135Z] Fee check: 0.0003 USDC accumulated (0.0003 USDC in escrow)
[2026-05-27T02:45:00.851Z] Fee check: 0.0003 USDC accumulated (0.0003 USDC in escrow)
[2026-05-27T02:45:30.874Z] Fee check: 0.0003 USDC accumulated (0.0003 USDC in escrow)
[2026-05-27T02:46:01.145Z] Fee check: 0.0003 USDC accumulated (0.0003 USDC in escrow)
[2026-05-27T02:46:30.924Z] Fee check: 0.0003 USDC accumulated (0.0003 USDC in escrow)
[2026-05-27T02:47:00.951Z] Fee check: 0.0003 USDC accumulated (0.0003 USDC in escrow)
[2026-05-27T02:47:31.092Z] Fee check: 0.0003 USDC accumulated (0.0003 USDC in escrow)
[2026-05-27T02:48:00.982Z] Fee check: 0.0003 USDC accumulated (0.0003 USDC in escrow)
[2026-05-27T02:48:31.021Z] Fee check: 0.0003 USDC accumulated (0.0003 USDC in escrow)
[2026-05-27T02:49:01.030Z] Fee check: 0.0003 USDC accumulated (0.0003 USDC in escrow)
[2026-05-27T02:49:31.053Z] Fee check: 0.0003 USDC accumulated (0.0003 USDC in escrow)
[2026-05-27T02:50:01.071Z] Fee check: 0.0003 USDC accumulated (0.0003 USDC in escrow)
[2026-05-27T02:50:31.358Z] Fee check: 0.0003 USDC accumulated (0.0003 USDC in escrow)
[2026-05-27T02:51:01.131Z] Fee check: 0.0003 USDC accumulated (0.0003 USDC in escrow)
[2026-05-27T02:51:31.174Z] Fee check: 0.0003 USDC accumulated (0.0003 USDC in escrow)
[2026-05-27T02:52:02.052Z] Fee check: 0.0003 USDC accumulated (0.0003 USDC in escrow)
[2026-05-27T02:52:31.335Z] Fee check: 0.0003 USDC accumulated (0.0003 USDC in escrow)
[2026-05-27T02:53:01.583Z] Fee check: 0.0003 USDC accumulated (0.0003 USDC in escrow)
[2026-05-27T02:53:31.221Z] Fee check: 0.0003 USDC accumulated (0.0003 USDC in escrow)
[2026-05-27T02:54:01.250Z] Fee check: 0.0003 USDC accumulated (0.0003 USDC in escrow)
[2026-05-27T02:54:31.297Z] Fee check: 0.0003 USDC accumulated (0.0003 USDC in escrow)
[2026-05-27T02:55:01.290Z] Fee check: 0.0003 USDC accumulated (0.0003 USDC in escrow)
[2026-05-27T02:55:31.570Z] Fee check: 0.0003 USDC accumulated (0.0003 USDC in escrow)
[2026-05-27T02:56:01.337Z] Fee check: 0.0003 USDC accumulated (0.0003 USDC in escrow)
[2026-05-27T02:56:31.381Z] Fee check: 0.0003 USDC accumulated (0.0003 USDC in escrow)
[2026-05-27T02:57:01.696Z] Fee check: 0.0003 USDC accumulated (0.0003 USDC in escrow)
[2026-05-27T02:57:31.559Z] Fee check: 0.0003 USDC accumulated (0.0003 USDC in escrow)
[2026-05-27T02:58:01.576Z] Fee check: 0.0003 USDC accumulated (0.0003 USDC in escrow)
[2026-05-27T02:58:31.453Z] Fee check: 0.0003 USDC accumulated (0.0003 USDC in escrow)
[2026-05-27T02:59:01.609Z] Fee check: 0.0003 USDC accumulated (0.0003 USDC in escrow)
[2026-05-27T02:59:31.497Z] Fee check: 0.0003 USDC accumulated (0.0003 USDC in escrow)
[2026-05-27T03:00:01.527Z] Fee check: 0.0003 USDC accumulated (0.0003 USDC in escrow)
[2026-05-27T03:00:31.556Z] Fee check: 0.0003 USDC accumulated (0.0003 USDC in escrow)
[2026-05-27T03:01:01.580Z] Fee check: 0.0003 USDC accumulated (0.0003 USDC in escrow)
[2026-05-27T03:01:31.620Z] Fee check: 0.0003 USDC accumulated (0.0003 USDC in escrow)
[2026-05-27T03:02:01.628Z] Fee check: 0.0003 USDC accumulated (0.0003 USDC in escrow)
[2026-05-27T03:02:31.784Z] Fee check: 0.0003 USDC accumulated (0.0003 USDC in escrow)
[2026-05-27T03:03:01.806Z] Fee check: 0.0003 USDC accumulated (0.0003 USDC in escrow)
[2026-05-27T03:03:32.655Z] Fee check: 0.0003 USDC accumulated (0.0003 USDC in escrow)
[2026-05-27T03:04:01.732Z] Fee check: 0.0003 USDC accumulated (0.0003 USDC in escrow)
[2026-05-27T03:04:32.026Z] Fee check: 0.0003 USDC accumulated (0.0003 USDC in escrow)
[2026-05-27T03:05:01.793Z] Fee check: 0.0003 USDC accumulated (0.0003 USDC in escrow)
[2026-05-27T03:05:31.795Z] Fee check: 0.0003 USDC accumulated (0.0003 USDC in escrow)
[2026-05-27T03:06:01.827Z] Fee check: 0.0003 USDC accumulated (0.0003 USDC in escrow)
[2026-05-27T03:06:31.851Z] Fee check: 0.0003 USDC accumulated (0.0003 USDC in escrow)
[2026-05-27T03:07:01.873Z] Fee check: 0.0003 USDC accumulated (0.0003 USDC in escrow)
[2026-05-27T03:07:32.011Z] Fee check: 0.0003 USDC accumulated (0.0003 USDC in escrow)
[2026-05-27T03:08:02.047Z] Fee check: 0.0003 USDC accumulated (0.0003 USDC in escrow)
[2026-05-27T03:08:31.943Z] Fee check: 0.0003 USDC accumulated (0.0003 USDC in escrow)
[2026-05-27T03:09:02.243Z] Fee check: 0.0003 USDC accumulated (0.0003 USDC in escrow)
[2026-05-27T03:09:31.993Z] Fee check: 0.0003 USDC accumulated (0.0003 USDC in escrow)
[2026-05-27T03:10:02.273Z] Fee check: 0.0003 USDC accumulated (0.0003 USDC in escrow)
[2026-05-27T03:10:32.307Z] Fee check: 0.0003 USDC accumulated (0.0003 USDC in escrow)
[2026-05-27T03:11:02.053Z] Fee check: 0.0003 USDC accumulated (0.0003 USDC in escrow)
[2026-05-27T03:11:32.092Z] Fee check: 0.0003 USDC accumulated (0.0003 USDC in escrow)
[2026-05-27T03:12:02.447Z] Fee check: 0.0003 USDC accumulated (0.0003 USDC in escrow)
[2026-05-27T03:12:32.262Z] Fee check: 0.0003 USDC accumulated (0.0003 USDC in escrow)
[2026-05-27T03:13:02.290Z] Fee check: 0.0003 USDC accumulated (0.0003 USDC in escrow)
[2026-05-27T03:13:32.175Z] Fee check: 0.0003 USDC accumulated (0.0003 USDC in escrow)
[2026-05-27T03:14:02.224Z] Fee check: 0.0003 USDC accumulated (0.0003 USDC in escrow)
[2026-05-27T03:14:32.484Z] Fee check: 0.0003 USDC accumulated (0.0003 USDC in escrow)
[2026-05-27T03:15:02.247Z] Fee check: 0.0003 USDC accumulated (0.0003 USDC in escrow)
[2026-05-27T03:15:32.264Z] Fee check: 0.0003 USDC accumulated (0.0003 USDC in escrow)
[2026-05-27T03:16:02.305Z] Fee check: 0.0003 USDC accumulated (0.0003 USDC in escrow)
[2026-05-27T03:16:32.313Z] Fee check: 0.0003 USDC accumulated (0.0003 USDC in escrow)
[2026-05-27T03:17:02.365Z] Fee check: 0.0003 USDC accumulated (0.0003 USDC in escrow)
[2026-05-27T03:17:32.495Z] Fee check: 0.0003 USDC accumulated (0.0003 USDC in escrow)
[2026-05-27T03:18:02.511Z] Fee check: 0.0003 USDC accumulated (0.0003 USDC in escrow)
[2026-05-27T03:18:32.420Z] Fee check: 0.0003 USDC accumulated (0.0003 USDC in escrow)
[2026-05-27T03:19:02.470Z] Fee check: 0.0003 USDC accumulated (0.0003 USDC in escrow)
[2026-05-27T03:19:32.730Z] Fee check: 0.0003 USDC accumulated (0.0003 USDC in escrow)
[2026-05-27T03:20:02.494Z] Fee check: 0.0003 USDC accumulated (0.0003 USDC in escrow)
[2026-05-27T03:20:32.522Z] Fee check: 0.0003 USDC accumulated (0.0003 USDC in escrow)
[2026-05-27T03:21:02.528Z] Fee check: 0.0003 USDC accumulated (0.0003 USDC in escrow)
[2026-05-27T03:21:32.546Z] Fee check: 0.0003 USDC accumulated (0.0003 USDC in escrow)
[2026-05-27T03:22:02.585Z] Fee check: 0.0003 USDC accumulated (0.0003 USDC in escrow)
[2026-05-27T03:22:32.742Z] Fee check: 0.0003 USDC accumulated (0.0003 USDC in escrow)
[2026-05-27T03:23:03.018Z] Fee check: 0.0003 USDC accumulated (0.0003 USDC in escrow)
[2026-05-27T03:23:32.662Z] Fee check: 0.0003 USDC accumulated (0.0003 USDC in escrow)
[2026-05-27T03:24:02.695Z] Fee check: 0.0003 USDC accumulated (0.0003 USDC in escrow)
[2026-05-27T03:24:32.711Z] Fee check: 0.0003 USDC accumulated (0.0003 USDC in escrow)
[2026-05-27T03:25:02.742Z] Fee check: 0.0003 USDC accumulated (0.0003 USDC in escrow)
[2026-05-27T03:25:33.014Z] Fee check: 0.0003 USDC accumulated (0.0003 USDC in escrow)
[2026-05-27T03:26:03.048Z] Fee check: 0.0003 USDC accumulated (0.0003 USDC in escrow)
[2026-05-27T03:26:33.138Z] Fee check: 0.0003 USDC accumulated (0.0003 USDC in escrow)
[2026-05-27T03:27:02.817Z] Fee check: 0.0003 USDC accumulated (0.0003 USDC in escrow)
[2026-05-27T03:27:32.972Z] Fee check: 0.0003 USDC accumulated (0.0003 USDC in escrow)
[2026-05-27T03:28:03.001Z] Fee check: 0.0003 USDC accumulated (0.0003 USDC in escrow)
[2026-05-27T03:28:32.886Z] Fee check: 0.0003 USDC accumulated (0.0003 USDC in escrow)
[2026-05-27T03:29:02.913Z] Fee check: 0.0003 USDC accumulated (0.0003 USDC in escrow)
[2026-05-27T03:29:32.928Z] Fee check: 0.0003 USDC accumulated (0.0003 USDC in escrow)
[2026-05-27T03:30:03.005Z] Fee check: 0.0003 USDC accumulated (0.0003 USDC in escrow)
[2026-05-27T03:30:33.090Z] Fee check: 0.0003 USDC accumulated (0.0003 USDC in escrow)
[2026-05-27T03:31:03.024Z] Fee check: 0.0003 USDC accumulated (0.0003 USDC in escrow)
[2026-05-27T03:31:33.103Z] Fee check: 0.0003 USDC accumulated (0.0003 USDC in escrow)
[2026-05-27T03:32:03.064Z] Fee check: 0.0003 USDC accumulated (0.0003 USDC in escrow)
[2026-05-27T03:32:33.229Z] Fee check: 0.0003 USDC accumulated (0.0003 USDC in escrow)
[2026-05-27T03:33:03.112Z] Fee check: 0.0003 USDC accumulated (0.0003 USDC in escrow)
[2026-05-27T03:33:33.132Z] Fee check: 0.0003 USDC accumulated (0.0003 USDC in escrow)
[2026-05-27T03:34:03.156Z] Fee check: 0.0003 USDC accumulated (0.0003 USDC in escrow)
[2026-05-27T03:34:33.194Z] Fee check: 0.0003 USDC accumulated (0.0003 USDC in escrow)
[2026-05-27T03:35:03.205Z] Fee check: 0.0003 USDC accumulated (0.0003 USDC in escrow)
[2026-05-27T03:35:33.224Z] Fee check: 0.0003 USDC accumulated (0.0003 USDC in escrow)
[2026-05-27T03:36:03.252Z] Fee check: 0.0003 USDC accumulated (0.0003 USDC in escrow)
[2026-05-27T03:36:33.272Z] Fee check: 0.0003 USDC accumulated (0.0003 USDC in escrow)
[2026-05-27T03:37:03.303Z] Fee check: 0.0003 USDC accumulated (0.0003 USDC in escrow)
[2026-05-27T03:37:33.449Z] Fee check: 0.0003 USDC accumulated (0.0003 USDC in escrow)
[2026-05-27T03:38:04.697Z] Fee check: 0.0003 USDC accumulated (0.0003 USDC in escrow)
[2026-05-27T03:38:33.838Z] Fee check: 0.0003 USDC accumulated (0.0003 USDC in escrow)
[2026-05-27T03:39:03.376Z] Fee check: 0.0003 USDC accumulated (0.0003 USDC in escrow)
[2026-05-27T03:39:33.454Z] Fee check: 0.0003 USDC accumulated (0.0003 USDC in escrow)
[2026-05-27T03:40:03.685Z] Fee check: 0.0003 USDC accumulated (0.0003 USDC in escrow)
[2026-05-27T03:40:33.449Z] Fee check: 0.0003 USDC accumulated (0.0003 USDC in escrow)
[2026-05-27T03:41:03.479Z] Fee check: 0.0003 USDC accumulated (0.0003 USDC in escrow)
[2026-05-27T03:41:33.782Z] Fee check: 0.0003 USDC accumulated (0.0003 USDC in escrow)
[2026-05-27T03:42:03.555Z] Fee check: 0.0003 USDC accumulated (0.0003 USDC in escrow)
[2026-05-27T03:42:33.660Z] Fee check: 0.0003 USDC accumulated (0.0003 USDC in escrow)
[2026-05-27T03:43:03.693Z] Fee check: 0.0003 USDC accumulated (0.0003 USDC in escrow)
[2026-05-27T03:43:33.600Z] Fee check: 0.0003 USDC accumulated (0.0003 USDC in escrow)
[2026-05-27T03:44:03.616Z] Fee check: 0.0003 USDC accumulated (0.0003 USDC in escrow)
[2026-05-27T03:44:33.634Z] Fee check: 0.0003 USDC accumulated (0.0003 USDC in escrow)
[2026-05-27T03:45:03.674Z] Fee check: 0.0003 USDC accumulated (0.0003 USDC in escrow)
[2026-05-27T03:45:33.940Z] Fee check: 0.0003 USDC accumulated (0.0003 USDC in escrow)
[2026-05-27T03:46:03.708Z] Fee check: 0.0003 USDC accumulated (0.0003 USDC in escrow)
[2026-05-27T03:46:33.745Z] Fee check: 0.0003 USDC accumulated (0.0003 USDC in escrow)
[2026-05-27T03:47:03.762Z] Fee check: 0.0003 USDC accumulated (0.0003 USDC in escrow)
[2026-05-27T03:47:33.898Z] Fee check: 0.0003 USDC accumulated (0.0003 USDC in escrow)
[2026-05-27T03:48:03.961Z] Fee check: 0.0003 USDC accumulated (0.0003 USDC in escrow)
[2026-05-27T03:48:33.827Z] Fee check: 0.0003 USDC accumulated (0.0003 USDC in escrow)
[2026-05-27T03:49:03.832Z] Fee check: 0.0003 USDC accumulated (0.0003 USDC in escrow)
[2026-05-27T03:49:33.907Z] Fee check: 0.0003 USDC accumulated (0.0003 USDC in escrow)
[2026-05-27T03:50:03.900Z] Fee check: 0.0003 USDC accumulated (0.0003 USDC in escrow)
[2026-05-27T03:50:34.192Z] Fee check: 0.0003 USDC accumulated (0.0003 USDC in escrow)
[2026-05-27T03:51:03.937Z] Fee check: 0.0003 USDC accumulated (0.0003 USDC in escrow)
[2026-05-27T03:51:33.958Z] Fee check: 0.0003 USDC accumulated (0.0003 USDC in escrow)
[2026-05-27T03:52:04.017Z] Fee check: 0.0003 USDC accumulated (0.0003 USDC in escrow)
[2026-05-27T03:52:34.155Z] Fee check: 0.0003 USDC accumulated (0.0003 USDC in escrow)
[2026-05-27T03:53:04.059Z] Fee check: 0.0003 USDC accumulated (0.0003 USDC in escrow)
[2026-05-27T03:53:34.056Z] Fee check: 0.0003 USDC accumulated (0.0003 USDC in escrow)
[2026-05-27T03:54:04.086Z] Fee check: 0.0003 USDC accumulated (0.0003 USDC in escrow)
[2026-05-27T03:54:34.107Z] Fee check: 0.0003 USDC accumulated (0.0003 USDC in escrow)
[2026-05-27T03:55:04.447Z] Fee check: 0.0003 USDC accumulated (0.0003 USDC in escrow)
[2026-05-27T03:55:34.163Z] Fee check: 0.0003 USDC accumulated (0.0003 USDC in escrow)
[2026-05-27T03:56:04.175Z] Fee check: 0.0003 USDC accumulated (0.0003 USDC in escrow)
[2026-05-27T03:56:34.217Z] Fee check: 0.0003 USDC accumulated (0.0003 USDC in escrow)
[2026-05-27T03:57:04.232Z] Fee check: 0.0003 USDC accumulated (0.0003 USDC in escrow)
[2026-05-27T03:57:34.382Z] Fee check: 0.0003 USDC accumulated (0.0003 USDC in escrow)
[2026-05-27T03:58:04.373Z] Fee check: 0.0003 USDC accumulated (0.0003 USDC in escrow)
[2026-05-27T03:58:34.263Z] Fee check: 0.0003 USDC accumulated (0.0003 USDC in escrow)
[2026-05-27T03:59:04.556Z] Fee check: 0.0003 USDC accumulated (0.0003 USDC in escrow)
[2026-05-27T03:59:34.330Z] Fee check: 0.0003 USDC accumulated (0.0003 USDC in escrow)
[2026-05-27T04:00:04.334Z] Fee check: 0.0003 USDC accumulated (0.0003 USDC in escrow)
[2026-05-27T04:00:34.373Z] Fee check: 0.0003 USDC accumulated (0.0003 USDC in escrow)
[2026-05-27T04:01:04.406Z] Fee check: 0.0003 USDC accumulated (0.0003 USDC in escrow)
[2026-05-27T04:01:34.469Z] Fee check: 0.0003 USDC accumulated (0.0003 USDC in escrow)
[2026-05-27T04:02:04.445Z] Fee check: 0.0003 USDC accumulated (0.0003 USDC in escrow)
[2026-05-27T04:02:34.601Z] Fee check: 0.0003 USDC accumulated (0.0003 USDC in escrow)
[2026-05-27T04:03:04.608Z] Fee check: 0.0003 USDC accumulated (0.0003 USDC in escrow)
[2026-05-27T04:03:34.516Z] Fee check: 0.0003 USDC accumulated (0.0003 USDC in escrow)
[2026-05-27T04:04:04.528Z] Fee check: 0.0003 USDC accumulated (0.0003 USDC in escrow)
[2026-05-27T04:04:34.563Z] Fee check: 0.0003 USDC accumulated (0.0003 USDC in escrow)
[2026-05-27T04:05:04.574Z] Fee check: 0.0003 USDC accumulated (0.0003 USDC in escrow)
[2026-05-27T04:05:34.613Z] Fee check: 0.0003 USDC accumulated (0.0003 USDC in escrow)
[2026-05-27T04:06:04.917Z] Fee check: 0.0003 USDC accumulated (0.0003 USDC in escrow)
[2026-05-27T04:06:35.673Z] Fee check: 0.0003 USDC accumulated (0.0003 USDC in escrow)
[2026-05-27T04:07:06.373Z] Fee check: 0.0003 USDC accumulated (0.0003 USDC in escrow)
[2026-05-27T04:07:34.887Z] Fee check: 0.0003 USDC accumulated (0.0003 USDC in escrow)
[2026-05-27T04:08:04.854Z] Fee check: 0.0003 USDC accumulated (0.0003 USDC in escrow)
[2026-05-27T04:08:34.999Z] Fee check: 0.0003 USDC accumulated (0.0003 USDC in escrow)
[2026-05-27T04:09:05.045Z] Fee check: 0.0003 USDC accumulated (0.0003 USDC in escrow)
[2026-05-27T04:09:34.813Z] Fee check: 0.0003 USDC accumulated (0.0003 USDC in escrow)
[2026-05-27T04:10:04.829Z] Fee check: 0.0003 USDC accumulated (0.0003 USDC in escrow)
[2026-05-27T04:10:35.116Z] Fee check: 0.0003 USDC accumulated (0.0003 USDC in escrow)
[2026-05-27T04:11:04.913Z] Fee check: 0.0003 USDC accumulated (0.0003 USDC in escrow)
[2026-05-27T04:11:34.920Z] Fee check: 0.0003 USDC accumulated (0.0003 USDC in escrow)
[2026-05-27T04:12:04.924Z] Fee check: 0.0003 USDC accumulated (0.0003 USDC in escrow)
[2026-05-27T04:12:35.079Z] Fee check: 0.0003 USDC accumulated (0.0003 USDC in escrow)
[2026-05-27T04:13:05.370Z] Fee check: 0.0003 USDC accumulated (0.0003 USDC in escrow)
[2026-05-27T04:13:34.994Z] Fee check: 0.0003 USDC accumulated (0.0003 USDC in escrow)
[2026-05-27T04:14:05.015Z] Fee check: 0.0003 USDC accumulated (0.0003 USDC in escrow)
[2026-05-27T04:14:35.049Z] Fee check: 0.0003 USDC accumulated (0.0003 USDC in escrow)
[2026-05-27T04:15:05.065Z] Fee check: 0.0003 USDC accumulated (0.0003 USDC in escrow)
[2026-05-27T04:15:35.100Z] Fee check: 0.0003 USDC accumulated (0.0003 USDC in escrow)
[2026-05-27T04:16:05.118Z] Fee check: 0.0003 USDC accumulated (0.0003 USDC in escrow)
[2026-05-27T04:16:35.216Z] Fee check: 0.0003 USDC accumulated (0.0003 USDC in escrow)
[2026-05-27T04:17:05.158Z] Fee check: 0.0003 USDC accumulated (0.0003 USDC in escrow)
[2026-05-27T04:17:35.306Z] Fee check: 0.0003 USDC accumulated (0.0003 USDC in escrow)
[2026-05-27T04:18:05.361Z] Fee check: 0.0003 USDC accumulated (0.0003 USDC in escrow)
[2026-05-27T04:18:35.370Z] Fee check: 0.0003 USDC accumulated (0.0003 USDC in escrow)
[2026-05-27T04:19:05.257Z] Fee check: 0.0003 USDC accumulated (0.0003 USDC in escrow)
[2026-05-27T04:19:35.542Z] Fee check: 0.0003 USDC accumulated (0.0003 USDC in escrow)
[2026-05-27T04:20:05.568Z] Fee check: 0.0003 USDC accumulated (0.0003 USDC in escrow)
[2026-05-27T04:20:35.343Z] Fee check: 0.0003 USDC accumulated (0.0003 USDC in escrow)
[2026-05-27T04:21:05.489Z] Fee check: 0.0003 USDC accumulated (0.0003 USDC in escrow)
[2026-05-27T04:21:35.430Z] Fee check: 0.0003 USDC accumulated (0.0003 USDC in escrow)
[2026-05-27T04:22:05.648Z] Fee check: 0.0003 USDC accumulated (0.0003 USDC in escrow)
[2026-05-27T04:22:35.550Z] Fee check: 0.0003 USDC accumulated (0.0003 USDC in escrow)
[2026-05-27T04:23:05.561Z] Fee check: 0.0003 USDC accumulated (0.0003 USDC in escrow)
[2026-05-27T04:23:35.613Z] Fee check: 0.0003 USDC accumulated (0.0003 USDC in escrow)
[2026-05-27T04:24:05.500Z] Fee check: 0.0003 USDC accumulated (0.0003 USDC in escrow)
[2026-05-27T04:24:35.760Z] Fee check: 0.0003 USDC accumulated (0.0003 USDC in escrow)
[2026-05-27T04:25:05.558Z] Fee check: 0.0003 USDC accumulated (0.0003 USDC in escrow)
[2026-05-27T04:25:35.576Z] Fee check: 0.0003 USDC accumulated (0.0003 USDC in escrow)
[2026-05-27T04:26:05.599Z] Fee check: 0.0003 USDC accumulated (0.0003 USDC in escrow)
[2026-05-27T04:26:35.615Z] Fee check: 0.0003 USDC accumulated (0.0003 USDC in escrow)
[2026-05-27T04:27:06.020Z] Fee check: 0.0003 USDC accumulated (0.0003 USDC in escrow)
[2026-05-27T04:27:35.789Z] Fee check: 0.0003 USDC accumulated (0.0003 USDC in escrow)
[2026-05-27T04:28:05.815Z] Fee check: 0.0003 USDC accumulated (0.0003 USDC in escrow)
[2026-05-27T04:28:35.832Z] Fee check: 0.0003 USDC accumulated (0.0003 USDC in escrow)
[2026-05-27T04:29:05.738Z] Fee check: 0.0003 USDC accumulated (0.0003 USDC in escrow)
[2026-05-27T04:29:35.770Z] Fee check: 0.0003 USDC accumulated (0.0003 USDC in escrow)
[2026-05-27T04:30:05.794Z] Fee check: 0.0003 USDC accumulated (0.0003 USDC in escrow)
[2026-05-27T04:30:35.817Z] Fee check: 0.0003 USDC accumulated (0.0003 USDC in escrow)
[2026-05-27T04:31:05.829Z] Fee check: 0.0003 USDC accumulated (0.0003 USDC in escrow)
[2026-05-27T04:31:35.850Z] Fee check: 0.0003 USDC accumulated (0.0003 USDC in escrow)
[2026-05-27T04:32:05.876Z] Fee check: 0.0003 USDC accumulated (0.0003 USDC in escrow)
[2026-05-27T04:32:36.019Z] Fee check: 0.0003 USDC accumulated (0.0003 USDC in escrow)
[2026-05-27T04:33:06.307Z] Fee check: 0.0003 USDC accumulated (0.0003 USDC in escrow)
[2026-05-27T04:33:35.948Z] Fee check: 0.0003 USDC accumulated (0.0003 USDC in escrow)
[2026-05-27T04:34:05.968Z] Fee check: 0.0003 USDC accumulated (0.0003 USDC in escrow)
[2026-05-27T04:34:36.042Z] Fee check: 0.0003 USDC accumulated (0.0003 USDC in escrow)
[2026-05-27T04:35:06.027Z] Fee check: 0.0003 USDC accumulated (0.0003 USDC in escrow)
[2026-05-27T04:35:36.608Z] Fee check: 0.0003 USDC accumulated (0.0003 USDC in escrow)
[2026-05-27T04:36:06.064Z] Fee check: 0.0003 USDC accumulated (0.0003 USDC in escrow)
[2026-05-27T04:36:36.369Z] Fee check: 0.0003 USDC accumulated (0.0003 USDC in escrow)
[2026-05-27T04:37:06.105Z] Fee check: 0.0003 USDC accumulated (0.0003 USDC in escrow)
[2026-05-27T04:37:36.252Z] Fee check: 0.0003 USDC accumulated (0.0003 USDC in escrow)
[2026-05-27T04:38:06.294Z] Fee check: 0.0003 USDC accumulated (0.0003 USDC in escrow)
[2026-05-27T04:38:36.317Z] Fee check: 0.0003 USDC accumulated (0.0003 USDC in escrow)
[2026-05-27T04:39:06.211Z] Fee check: 0.0003 USDC accumulated (0.0003 USDC in escrow)
[2026-05-27T04:39:36.485Z] Fee check: 0.0003 USDC accumulated (0.0003 USDC in escrow)
[2026-05-27T04:40:06.273Z] Fee check: 0.0003 USDC accumulated (0.0003 USDC in escrow)
[2026-05-27T04:40:36.539Z] Fee check: 0.0003 USDC accumulated (0.0003 USDC in escrow)
[2026-05-27T04:41:06.303Z] Fee check: 0.0003 USDC accumulated (0.0003 USDC in escrow)
[2026-05-27T04:41:36.598Z] Fee check: 0.0003 USDC accumulated (0.0003 USDC in escrow)
[2026-05-27T04:42:06.611Z] Fee check: 0.0003 USDC accumulated (0.0003 USDC in escrow)
[2026-05-27T04:42:36.487Z] Fee check: 0.0003 USDC accumulated (0.0003 USDC in escrow)
[2026-05-27T04:43:06.789Z] Fee check: 0.0003 USDC accumulated (0.0003 USDC in escrow)
[2026-05-27T04:43:36.547Z] Fee check: 0.0003 USDC accumulated (0.0003 USDC in escrow)
[2026-05-27T04:44:06.700Z] Fee check: 0.0003 USDC accumulated (0.0003 USDC in escrow)
[2026-05-27T04:44:36.454Z] Fee check: 0.0003 USDC accumulated (0.0003 USDC in escrow)
[2026-05-27T04:45:06.493Z] Fee check: 0.0003 USDC accumulated (0.0003 USDC in escrow)
[2026-05-27T04:45:36.781Z] Fee check: 0.0003 USDC accumulated (0.0003 USDC in escrow)
[2026-05-27T04:46:06.527Z] Fee check: 0.0003 USDC accumulated (0.0003 USDC in escrow)
[2026-05-27T04:46:36.816Z] Fee check: 0.0003 USDC accumulated (0.0003 USDC in escrow)
[2026-05-27T04:47:06.578Z] Fee check: 0.0003 USDC accumulated (0.0003 USDC in escrow)
[2026-05-27T04:47:36.747Z] Fee check: 0.0003 USDC accumulated (0.0003 USDC in escrow)
[2026-05-27T04:48:07.014Z] Fee check: 0.0003 USDC accumulated (0.0003 USDC in escrow)
[2026-05-27T04:48:36.781Z] Fee check: 0.0003 USDC accumulated (0.0003 USDC in escrow)
[2026-05-27T04:49:06.673Z] Fee check: 0.0003 USDC accumulated (0.0003 USDC in escrow)
[2026-05-27T04:49:36.712Z] Fee check: 0.0003 USDC accumulated (0.0003 USDC in escrow)
[2026-05-27T04:50:06.714Z] Fee check: 0.0003 USDC accumulated (0.0003 USDC in escrow)
[2026-05-27T04:50:36.733Z] Fee check: 0.0003 USDC accumulated (0.0003 USDC in escrow)
[2026-05-27T04:51:06.769Z] Fee check: 0.0003 USDC accumulated (0.0003 USDC in escrow)
[2026-05-27T04:51:37.140Z] Fee check: 0.0003 USDC accumulated (0.0003 USDC in escrow)
[2026-05-27T04:52:07.072Z] Fee check: 0.0003 USDC accumulated (0.0003 USDC in escrow)
[2026-05-27T04:52:36.966Z] Fee check: 0.0003 USDC accumulated (0.0003 USDC in escrow)
[2026-05-27T04:53:06.986Z] Fee check: 0.0003 USDC accumulated (0.0003 USDC in escrow)
[2026-05-27T04:53:37.009Z] Fee check: 0.0003 USDC accumulated (0.0003 USDC in escrow)
[2026-05-27T04:54:06.897Z] Fee check: 0.0003 USDC accumulated (0.0003 USDC in escrow)
[2026-05-27T04:54:37.018Z] Fee check: 0.0003 USDC accumulated (0.0003 USDC in escrow)
[2026-05-27T04:55:06.978Z] Fee check: 0.0003 USDC accumulated (0.0003 USDC in escrow)
[2026-05-27T04:55:36.972Z] Fee check: 0.0003 USDC accumulated (0.0003 USDC in escrow)
[2026-05-27T04:56:07.004Z] Fee check: 0.0003 USDC accumulated (0.0003 USDC in escrow)
[2026-05-27T04:56:37.281Z] Fee check: 0.0003 USDC accumulated (0.0003 USDC in escrow)
[2026-05-27T04:57:07.056Z] Fee check: 0.0003 USDC accumulated (0.0003 USDC in escrow)
[2026-05-27T04:57:37.268Z] Fee check: 0.0003 USDC accumulated (0.0003 USDC in escrow)
[2026-05-27T04:58:07.218Z] Fee check: 0.0003 USDC accumulated (0.0003 USDC in escrow)
[2026-05-27T04:58:37.113Z] Fee check: 0.0003 USDC accumulated (0.0003 USDC in escrow)
[2026-05-27T04:59:07.148Z] Fee check: 0.0003 USDC accumulated (0.0003 USDC in escrow)
[2026-05-27T04:59:37.161Z] Fee check: 0.0003 USDC accumulated (0.0003 USDC in escrow)
[2026-05-27T05:00:07.484Z] Fee check: 0.0003 USDC accumulated (0.0003 USDC in escrow)
[2026-05-27T05:00:37.211Z] Fee check: 0.0003 USDC accumulated (0.0003 USDC in escrow)
[2026-05-27T05:01:07.256Z] Fee check: 0.0003 USDC accumulated (0.0003 USDC in escrow)
[2026-05-27T05:01:37.580Z] Fee check: 0.0003 USDC accumulated (0.0003 USDC in escrow)
[2026-05-27T05:02:07.297Z] Fee check: 0.0003 USDC accumulated (0.0003 USDC in escrow)
[2026-05-27T05:02:37.449Z] Fee check: 0.0003 USDC accumulated (0.0003 USDC in escrow)
[2026-05-27T05:03:07.467Z] Fee check: 0.0003 USDC accumulated (0.0003 USDC in escrow)
[2026-05-27T05:03:37.747Z] Fee check: 0.0003 USDC accumulated (0.0003 USDC in escrow)
[2026-05-27T05:04:07.650Z] Fee check: 0.0003 USDC accumulated (0.0003 USDC in escrow)
[2026-05-27T05:04:37.382Z] Fee check: 0.0003 USDC accumulated (0.0003 USDC in escrow)
[2026-05-27T05:05:07.423Z] Fee check: 0.0003 USDC accumulated (0.0003 USDC in escrow)
[2026-05-27T05:05:37.449Z] Fee check: 0.0003 USDC accumulated (0.0003 USDC in escrow)
[2026-05-27T05:06:07.464Z] Fee check: 0.0003 USDC accumulated (0.0003 USDC in escrow)
[2026-05-27T05:06:37.772Z] Fee check: 0.0003 USDC accumulated (0.0003 USDC in escrow)
[2026-05-27T05:07:07.519Z] Fee check: 0.0003 USDC accumulated (0.0003 USDC in escrow)
[2026-05-27T05:07:37.659Z] Fee check: 0.0003 USDC accumulated (0.0003 USDC in escrow)
[2026-05-27T05:08:07.700Z] Fee check: 0.0003 USDC accumulated (0.0003 USDC in escrow)
[2026-05-27T05:08:37.985Z] Fee check: 0.0003 USDC accumulated (0.0003 USDC in escrow)
[2026-05-27T05:09:07.643Z] Fee check: 0.0003 USDC accumulated (0.0003 USDC in escrow)
[2026-05-27T05:09:37.646Z] Fee check: 0.0003 USDC accumulated (0.0003 USDC in escrow)
[2026-05-27T05:10:07.920Z] Fee check: 0.0003 USDC accumulated (0.0003 USDC in escrow)
[2026-05-27T05:10:38.458Z] Fee check: 0.0003 USDC accumulated (0.0003 USDC in escrow)
[2026-05-27T05:11:07.714Z] Fee check: 0.0003 USDC accumulated (0.0003 USDC in escrow)
[2026-05-27T05:11:37.996Z] Fee check: 0.0003 USDC accumulated (0.0003 USDC in escrow)
[2026-05-27T05:12:07.759Z] Fee check: 0.0003 USDC accumulated (0.0003 USDC in escrow)
[2026-05-27T05:12:38.177Z] Fee check: 0.0003 USDC accumulated (0.0003 USDC in escrow)
[2026-05-27T05:13:07.926Z] Fee check: 0.0003 USDC accumulated (0.0003 USDC in escrow)
[2026-05-27T05:13:37.945Z] Fee check: 0.0003 USDC accumulated (0.0003 USDC in escrow)
[2026-05-27T05:14:07.854Z] Fee check: 0.0003 USDC accumulated (0.0003 USDC in escrow)
[2026-05-27T05:14:38.140Z] Fee check: 0.0003 USDC accumulated (0.0003 USDC in escrow)
[2026-05-27T05:15:08.166Z] Fee check: 0.0003 USDC accumulated (0.0003 USDC in escrow)
[2026-05-27T05:15:37.918Z] Fee check: 0.0003 USDC accumulated (0.0003 USDC in escrow)
[2026-05-27T05:16:07.941Z] Fee check: 0.0003 USDC accumulated (0.0003 USDC in escrow)
[2026-05-27T05:16:37.969Z] Fee check: 0.0003 USDC accumulated (0.0003 USDC in escrow)
[2026-05-27T05:17:07.988Z] Fee check: 0.0003 USDC accumulated (0.0003 USDC in escrow)
[2026-05-27T05:17:38.151Z] Fee check: 0.0003 USDC accumulated (0.0003 USDC in escrow)
[2026-05-27T05:18:08.167Z] Fee check: 0.0003 USDC accumulated (0.0003 USDC in escrow)
[2026-05-27T05:18:38.333Z] Fee check: 0.0003 USDC accumulated (0.0003 USDC in escrow)
[2026-05-27T05:19:08.092Z] Fee check: 0.0003 USDC accumulated (0.0003 USDC in escrow)
[2026-05-27T05:19:38.124Z] Fee check: 0.0003 USDC accumulated (0.0003 USDC in escrow)
[2026-05-27T05:20:08.146Z] Fee check: 0.0003 USDC accumulated (0.0003 USDC in escrow)
[2026-05-27T05:20:38.426Z] Fee check: 0.0003 USDC accumulated (0.0003 USDC in escrow)
[2026-05-27T05:21:08.183Z] Fee check: 0.0003 USDC accumulated (0.0003 USDC in escrow)
[2026-05-27T05:21:38.217Z] Fee check: 0.0003 USDC accumulated (0.0003 USDC in escrow)
[2026-05-27T05:22:08.278Z] Fee check: 0.0003 USDC accumulated (0.0003 USDC in escrow)
[2026-05-27T05:22:38.393Z] Fee check: 0.0003 USDC accumulated (0.0003 USDC in escrow)
[2026-05-27T05:23:08.655Z] Fee check: 0.0003 USDC accumulated (0.0003 USDC in escrow)
[2026-05-27T05:23:38.410Z] Fee check: 0.0003 USDC accumulated (0.0003 USDC in escrow)
[2026-05-27T05:24:08.614Z] Fee check: 0.0003 USDC accumulated (0.0003 USDC in escrow)
[2026-05-27T05:24:38.352Z] Fee check: 0.0003 USDC accumulated (0.0003 USDC in escrow)
[2026-05-27T05:25:08.461Z] Fee check: 0.0003 USDC accumulated (0.0003 USDC in escrow)
[2026-05-27T05:25:38.393Z] Fee check: 0.0003 USDC accumulated (0.0003 USDC in escrow)
[2026-05-27T05:26:08.418Z] Fee check: 0.0003 USDC accumulated (0.0003 USDC in escrow)
[2026-05-27T05:26:38.464Z] Fee check: 0.0003 USDC accumulated (0.0003 USDC in escrow)
[2026-05-27T05:27:08.481Z] Fee check: 0.0003 USDC accumulated (0.0003 USDC in escrow)
[2026-05-27T05:27:38.887Z] Fee check: 0.0003 USDC accumulated (0.0003 USDC in escrow)
[2026-05-27T05:28:09.108Z] Fee check: 0.0003 USDC accumulated (0.0003 USDC in escrow)
[2026-05-27T05:28:38.660Z] Fee check: 0.0003 USDC accumulated (0.0003 USDC in escrow)
[2026-05-27T05:29:08.567Z] Fee check: 0.0003 USDC accumulated (0.0003 USDC in escrow)
[2026-05-27T05:29:38.589Z] Fee check: 0.0003 USDC accumulated (0.0003 USDC in escrow)
[2026-05-27T05:30:08.609Z] Fee check: 0.0003 USDC accumulated (0.0003 USDC in escrow)
[2026-05-27T05:30:38.815Z] Fee check: 0.0003 USDC accumulated (0.0003 USDC in escrow)
[2026-05-27T05:31:08.672Z] Fee check: 0.0003 USDC accumulated (0.0003 USDC in escrow)
[2026-05-27T05:31:38.704Z] Fee check: 0.0003 USDC accumulated (0.0003 USDC in escrow)
[2026-05-27T05:32:08.702Z] Fee check: 0.0003 USDC accumulated (0.0003 USDC in escrow)
[2026-05-27T05:32:38.861Z] Fee check: 0.0003 USDC accumulated (0.0003 USDC in escrow)
[2026-05-27T05:33:08.881Z] Fee check: 0.0003 USDC accumulated (0.0003 USDC in escrow)
[2026-05-27T05:33:38.908Z] Fee check: 0.0003 USDC accumulated (0.0003 USDC in escrow)
[2026-05-27T05:34:08.811Z] Fee check: 0.0003 USDC accumulated (0.0003 USDC in escrow)
[2026-05-27T05:34:38.830Z] Fee check: 0.0003 USDC accumulated (0.0003 USDC in escrow)
[2026-05-27T05:35:08.864Z] Fee check: 0.0003 USDC accumulated (0.0003 USDC in escrow)
[2026-05-27T05:35:38.886Z] Fee check: 0.0003 USDC accumulated (0.0003 USDC in escrow)
[2026-05-27T05:36:09.172Z] Fee check: 0.0003 USDC accumulated (0.0003 USDC in escrow)
[2026-05-27T05:36:38.927Z] Fee check: 0.0003 USDC accumulated (0.0003 USDC in escrow)
[2026-05-27T05:37:08.945Z] Fee check: 0.0003 USDC accumulated (0.0003 USDC in escrow)
[2026-05-27T05:37:39.107Z] Fee check: 0.0003 USDC accumulated (0.0003 USDC in escrow)
[2026-05-27T05:38:09.123Z] Fee check: 0.0003 USDC accumulated (0.0003 USDC in escrow)
[2026-05-27T05:38:39.284Z] Fee check: 0.0003 USDC accumulated (0.0003 USDC in escrow)
[2026-05-27T05:39:09.051Z] Fee check: 0.0003 USDC accumulated (0.0003 USDC in escrow)
[2026-05-27T05:39:39.332Z] Fee check: 0.0003 USDC accumulated (0.0003 USDC in escrow)
[2026-05-27T05:40:09.099Z] Fee check: 0.0003 USDC accumulated (0.0003 USDC in escrow)
[2026-05-27T05:40:39.118Z] Fee check: 0.0003 USDC accumulated (0.0003 USDC in escrow)
[2026-05-27T05:41:09.387Z] Fee check: 0.0003 USDC accumulated (0.0003 USDC in escrow)
[2026-05-27T05:41:39.154Z] Fee check: 0.0003 USDC accumulated (0.0003 USDC in escrow)
[2026-05-27T05:42:09.192Z] Fee check: 0.0003 USDC accumulated (0.0003 USDC in escrow)
[2026-05-27T05:42:39.330Z] Fee check: 0.0003 USDC accumulated (0.0003 USDC in escrow)
[2026-05-27T05:43:09.355Z] Fee check: 0.0003 USDC accumulated (0.0003 USDC in escrow)
[2026-05-27T05:43:39.524Z] Fee check: 0.0003 USDC accumulated (0.0003 USDC in escrow)
[2026-05-27T05:44:09.294Z] Fee check: 0.0003 USDC accumulated (0.0003 USDC in escrow)
[2026-05-27T05:44:39.308Z] Fee check: 0.0003 USDC accumulated (0.0003 USDC in escrow)
[2026-05-27T05:45:09.589Z] Fee check: 0.0003 USDC accumulated (0.0003 USDC in escrow)
[2026-05-27T05:45:39.350Z] Fee check: 0.0003 USDC accumulated (0.0003 USDC in escrow)
[2026-05-27T05:46:09.657Z] Fee check: 0.0003 USDC accumulated (0.0003 USDC in escrow)
[2026-05-27T05:46:39.389Z] Fee check: 0.0003 USDC accumulated (0.0003 USDC in escrow)
[2026-05-27T05:47:09.445Z] Fee check: 0.0003 USDC accumulated (0.0003 USDC in escrow)
[2026-05-27T05:47:39.581Z] Fee check: 0.0003 USDC accumulated (0.0003 USDC in escrow)
[2026-05-27T05:48:09.607Z] Fee check: 0.0003 USDC accumulated (0.0003 USDC in escrow)
[2026-05-27T05:48:39.891Z] Fee check: 0.0003 USDC accumulated (0.0003 USDC in escrow)
[2026-05-27T05:49:09.521Z] Fee check: 0.0003 USDC accumulated (0.0003 USDC in escrow)
[2026-05-27T05:49:39.544Z] Fee check: 0.0003 USDC accumulated (0.0003 USDC in escrow)
[2026-05-27T05:50:09.584Z] Fee check: 0.0003 USDC accumulated (0.0003 USDC in escrow)
[2026-05-27T05:50:39.852Z] Fee check: 0.0003 USDC accumulated (0.0003 USDC in escrow)
[2026-05-27T05:51:09.647Z] Fee check: 0.0003 USDC accumulated (0.0003 USDC in escrow)
[2026-05-27T05:51:39.635Z] Fee check: 0.0003 USDC accumulated (0.0003 USDC in escrow)
[2026-05-27T05:52:09.669Z] Fee check: 0.0003 USDC accumulated (0.0003 USDC in escrow)
[2026-05-27T05:52:39.832Z] Fee check: 0.0003 USDC accumulated (0.0003 USDC in escrow)
[2026-05-27T05:53:09.836Z] Fee check: 0.0003 USDC accumulated (0.0003 USDC in escrow)
[2026-05-27T05:53:40.113Z] Fee check: 0.0003 USDC accumulated (0.0003 USDC in escrow)
[2026-05-27T05:54:09.883Z] Fee check: 0.0003 USDC accumulated (0.0003 USDC in escrow)
[2026-05-27T05:54:40.042Z] Fee check: 0.0003 USDC accumulated (0.0003 USDC in escrow)
[2026-05-27T05:55:09.804Z] Fee check: 0.0003 USDC accumulated (0.0003 USDC in escrow)
[2026-05-27T05:55:39.832Z] Fee check: 0.0003 USDC accumulated (0.0003 USDC in escrow)
[2026-05-27T05:56:09.871Z] Fee check: 0.0003 USDC accumulated (0.0003 USDC in escrow)
[2026-05-27T05:56:39.880Z] Fee check: 0.0003 USDC accumulated (0.0003 USDC in escrow)
[2026-05-27T05:57:09.896Z] Fee check: 0.0003 USDC accumulated (0.0003 USDC in escrow)
[2026-05-27T05:57:40.050Z] Fee check: 0.0003 USDC accumulated (0.0003 USDC in escrow)
[2026-05-27T05:58:09.951Z] Fee check: 0.0003 USDC accumulated (0.0003 USDC in escrow)
[2026-05-27T05:58:40.096Z] Fee check: 0.0003 USDC accumulated (0.0003 USDC in escrow)
[2026-05-27T05:59:10.009Z] Fee check: 0.0003 USDC accumulated (0.0003 USDC in escrow)
[2026-05-27T05:59:40.021Z] Fee check: 0.0003 USDC accumulated (0.0003 USDC in escrow)
[2026-05-27T06:00:10.045Z] Fee check: 0.0003 USDC accumulated (0.0003 USDC in escrow)
[2026-05-27T06:00:40.319Z] Fee check: 0.0003 USDC accumulated (0.0003 USDC in escrow)
[2026-05-27T06:01:10.102Z] Fee check: 0.0003 USDC accumulated (0.0003 USDC in escrow)
[2026-05-27T06:01:40.097Z] Fee check: 0.0003 USDC accumulated (0.0003 USDC in escrow)
[2026-05-27T06:02:10.169Z] Fee check: 0.0003 USDC accumulated (0.0003 USDC in escrow)
[2026-05-27T06:02:40.541Z] Fee check: 0.0003 USDC accumulated (0.0003 USDC in escrow)
[2026-05-27T06:03:10.276Z] Fee check: 0.0003 USDC accumulated (0.0003 USDC in escrow)
[2026-05-27T06:03:40.308Z] Fee check: 0.0003 USDC accumulated (0.0003 USDC in escrow)
[2026-05-27T06:04:10.334Z] Fee check: 0.0003 USDC accumulated (0.0003 USDC in escrow)
[2026-05-27T06:04:40.236Z] Fee check: 0.0003 USDC accumulated (0.0003 USDC in escrow)
[2026-05-27T06:05:10.520Z] Fee check: 0.0003 USDC accumulated (0.0003 USDC in escrow)
[2026-05-27T06:05:40.291Z] Fee check: 0.0003 USDC accumulated (0.0003 USDC in escrow)
[2026-05-27T06:06:10.340Z] Fee check: 0.0003 USDC accumulated (0.0003 USDC in escrow)
[2026-05-27T06:06:40.351Z] Fee check: 0.0003 USDC accumulated (0.0003 USDC in escrow)
[2026-05-27T06:07:10.364Z] Fee check: 0.0003 USDC accumulated (0.0003 USDC in escrow)
[2026-05-27T06:07:40.507Z] Fee check: 0.0003 USDC accumulated (0.0003 USDC in escrow)
[2026-05-27T06:08:10.536Z] Fee check: 0.0003 USDC accumulated (0.0003 USDC in escrow)
[2026-05-27T06:08:40.802Z] Fee check: 0.0003 USDC accumulated (0.0003 USDC in escrow)
[2026-05-27T06:09:10.581Z] Fee check: 0.0003 USDC accumulated (0.0003 USDC in escrow)
[2026-05-27T06:09:40.486Z] Fee check: 0.0003 USDC accumulated (0.0003 USDC in escrow)
[2026-05-27T06:10:10.758Z] Fee check: 0.0003 USDC accumulated (0.0003 USDC in escrow)
[2026-05-27T06:10:40.508Z] Fee check: 0.0003 USDC accumulated (0.0003 USDC in escrow)
[2026-05-27T06:11:10.535Z] Fee check: 0.0003 USDC accumulated (0.0003 USDC in escrow)
[2026-05-27T06:11:40.834Z] Fee check: 0.0003 USDC accumulated (0.0003 USDC in escrow)
[2026-05-27T06:12:10.591Z] Fee check: 0.0003 USDC accumulated (0.0003 USDC in escrow)
[2026-05-27T06:12:40.757Z] Fee check: 0.0003 USDC accumulated (0.0003 USDC in escrow)
[2026-05-27T06:13:10.787Z] Fee check: 0.0003 USDC accumulated (0.0003 USDC in escrow)
[2026-05-27T06:13:40.793Z] Fee check: 0.0003 USDC accumulated (0.0003 USDC in escrow)
[2026-05-27T06:14:10.807Z] Fee check: 0.0003 USDC accumulated (0.0003 USDC in escrow)
[2026-05-27T06:14:40.726Z] Fee check: 0.0003 USDC accumulated (0.0003 USDC in escrow)
[2026-05-27T06:15:10.748Z] Fee check: 0.0003 USDC accumulated (0.0003 USDC in escrow)
[2026-05-27T06:15:40.762Z] Fee check: 0.0003 USDC accumulated (0.0003 USDC in escrow)
[2026-05-27T06:16:10.782Z] Fee check: 0.0003 USDC accumulated (0.0003 USDC in escrow)
[2026-05-27T06:16:40.813Z] Fee check: 0.0003 USDC accumulated (0.0003 USDC in escrow)
[2026-05-27T06:17:10.848Z] Fee check: 0.0003 USDC accumulated (0.0003 USDC in escrow)
[2026-05-27T06:17:41.238Z] Fee check: 0.0003 USDC accumulated (0.0003 USDC in escrow)
[2026-05-27T06:18:11.006Z] Fee check: 0.0003 USDC accumulated (0.0003 USDC in escrow)
[2026-05-27T06:18:41.032Z] Fee check: 0.0003 USDC accumulated (0.0003 USDC in escrow)
[2026-05-27T06:19:10.939Z] Fee check: 0.0003 USDC accumulated (0.0003 USDC in escrow)
[2026-05-27T06:19:40.956Z] Fee check: 0.0003 USDC accumulated (0.0003 USDC in escrow)
[2026-05-27T06:20:11.252Z] Fee check: 0.0003 USDC accumulated (0.0003 USDC in escrow)
[2026-05-27T06:20:40.995Z] Fee check: 0.0003 USDC accumulated (0.0003 USDC in escrow)
[2026-05-27T06:21:11.029Z] Fee check: 0.0003 USDC accumulated (0.0003 USDC in escrow)
[2026-05-27T06:21:41.304Z] Fee check: 0.0003 USDC accumulated (0.0003 USDC in escrow)
[2026-05-27T06:22:11.071Z] Fee check: 0.0003 USDC accumulated (0.0003 USDC in escrow)
[2026-05-27T06:22:41.231Z] Fee check: 0.0003 USDC accumulated (0.0003 USDC in escrow)
[2026-05-27T06:23:11.113Z] Fee check: 0.0003 USDC accumulated (0.0003 USDC in escrow)
[2026-05-27T06:23:41.276Z] Fee check: 0.0003 USDC accumulated (0.0003 USDC in escrow)
[2026-05-27T06:24:11.316Z] Fee check: 0.0003 USDC accumulated (0.0003 USDC in escrow)
[2026-05-27T06:24:41.189Z] Fee check: 0.0003 USDC accumulated (0.0003 USDC in escrow)
[2026-05-27T06:25:11.207Z] Fee check: 0.0003 USDC accumulated (0.0003 USDC in escrow)
[2026-05-27T06:25:41.231Z] Fee check: 0.0003 USDC accumulated (0.0003 USDC in escrow)
[2026-05-27T06:26:11.269Z] Fee check: 0.0003 USDC accumulated (0.0003 USDC in escrow)
[2026-05-27T06:26:41.292Z] Fee check: 0.0003 USDC accumulated (0.0003 USDC in escrow)
[2026-05-27T06:27:11.585Z] Fee check: 0.0003 USDC accumulated (0.0003 USDC in escrow)
[2026-05-27T06:27:41.451Z] Fee check: 0.0003 USDC accumulated (0.0003 USDC in escrow)
[2026-05-27T06:28:11.468Z] Fee check: 0.0003 USDC accumulated (0.0003 USDC in escrow)
[2026-05-27T06:28:41.484Z] Fee check: 0.0003 USDC accumulated (0.0003 USDC in escrow)
[2026-05-27T06:29:11.521Z] Fee check: 0.0003 USDC accumulated (0.0003 USDC in escrow)
[2026-05-27T06:29:41.666Z] Fee check: 0.0003 USDC accumulated (0.0003 USDC in escrow)
[2026-05-27T06:30:11.452Z] Fee check: 0.0003 USDC accumulated (0.0003 USDC in escrow)
[2026-05-27T06:30:41.501Z] Fee check: 0.0003 USDC accumulated (0.0003 USDC in escrow)
[2026-05-27T06:31:11.508Z] Fee check: 0.0003 USDC accumulated (0.0003 USDC in escrow)
[2026-05-27T06:31:41.487Z] Fee check: 0.0003 USDC accumulated (0.0003 USDC in escrow)
[2026-05-27T06:32:11.524Z] Fee check: 0.0003 USDC accumulated (0.0003 USDC in escrow)
[2026-05-27T06:32:41.707Z] Fee check: 0.0003 USDC accumulated (0.0003 USDC in escrow)
[2026-05-27T06:33:11.706Z] Fee check: 0.0003 USDC accumulated (0.0003 USDC in escrow)
[2026-05-27T06:33:42.012Z] Fee check: 0.0003 USDC accumulated (0.0003 USDC in escrow)
[2026-05-27T06:34:11.757Z] Fee check: 0.0003 USDC accumulated (0.0003 USDC in escrow)
[2026-05-27T06:34:41.967Z] Fee check: 0.0003 USDC accumulated (0.0003 USDC in escrow)
[2026-05-27T06:35:11.686Z] Fee check: 0.0003 USDC accumulated (0.0003 USDC in escrow)
[2026-05-27T06:35:41.696Z] Fee check: 0.0003 USDC accumulated (0.0003 USDC in escrow)
[2026-05-27T06:36:11.724Z] Fee check: 0.0003 USDC accumulated (0.0003 USDC in escrow)
[2026-05-27T06:36:41.775Z] Fee check: 0.0003 USDC accumulated (0.0003 USDC in escrow)
[2026-05-27T06:37:12.221Z] Fee check: 0.0003 USDC accumulated (0.0003 USDC in escrow)
[2026-05-27T06:37:42.186Z] Fee check: 0.0003 USDC accumulated (0.0003 USDC in escrow)
[2026-05-27T06:38:11.949Z] Fee check: 0.0003 USDC accumulated (0.0003 USDC in escrow)
[2026-05-27T06:38:41.964Z] Fee check: 0.0003 USDC accumulated (0.0003 USDC in escrow)
[2026-05-27T06:39:11.993Z] Fee check: 0.0003 USDC accumulated (0.0003 USDC in escrow)
[2026-05-27T06:39:41.890Z] Fee check: 0.0003 USDC accumulated (0.0003 USDC in escrow)
[2026-05-27T06:40:11.891Z] Fee check: 0.0003 USDC accumulated (0.0003 USDC in escrow)
[2026-05-27T06:40:41.915Z] Fee check: 0.0003 USDC accumulated (0.0003 USDC in escrow)
[2026-05-27T06:41:12.025Z] Fee check: 0.0003 USDC accumulated (0.0003 USDC in escrow)
[2026-05-27T06:41:42.079Z] Fee check: 0.0003 USDC accumulated (0.0003 USDC in escrow)
[2026-05-27T06:42:11.994Z] Fee check: 0.0003 USDC accumulated (0.0003 USDC in escrow)
[2026-05-27T06:42:42.167Z] Fee check: 0.0003 USDC accumulated (0.0003 USDC in escrow)
[2026-05-27T06:43:12.038Z] Fee check: 0.0003 USDC accumulated (0.0003 USDC in escrow)
[2026-05-27T06:43:42.193Z] Fee check: 0.0003 USDC accumulated (0.0003 USDC in escrow)
[2026-05-27T06:44:12.174Z] Fee check: 0.0003 USDC accumulated (0.0003 USDC in escrow)
[2026-05-27T06:44:42.118Z] Fee check: 0.0003 USDC accumulated (0.0003 USDC in escrow)
[2026-05-27T06:45:12.154Z] Fee check: 0.0003 USDC accumulated (0.0003 USDC in escrow)
[2026-05-27T06:45:42.173Z] Fee check: 0.0003 USDC accumulated (0.0003 USDC in escrow)
[2026-05-27T06:46:12.193Z] Fee check: 0.0003 USDC accumulated (0.0003 USDC in escrow)
[2026-05-27T06:46:42.216Z] Fee check: 0.0003 USDC accumulated (0.0003 USDC in escrow)
[2026-05-27T06:47:12.245Z] Fee check: 0.0003 USDC accumulated (0.0003 USDC in escrow)
[2026-05-27T06:47:42.390Z] Fee check: 0.0003 USDC accumulated (0.0003 USDC in escrow)
[2026-05-27T06:48:12.407Z] Fee check: 0.0003 USDC accumulated (0.0003 USDC in escrow)
[2026-05-27T06:48:42.408Z] Fee check: 0.0003 USDC accumulated (0.0003 USDC in escrow)
[2026-05-27T06:49:12.488Z] Fee check: 0.0003 USDC accumulated (0.0003 USDC in escrow)
[2026-05-27T06:49:42.328Z] Fee check: 0.0003 USDC accumulated (0.0003 USDC in escrow)
[2026-05-27T06:50:12.354Z] Fee check: 0.0003 USDC accumulated (0.0003 USDC in escrow)
[2026-05-27T06:50:42.390Z] Fee check: 0.0003 USDC accumulated (0.0003 USDC in escrow)
[2026-05-27T06:51:12.410Z] Fee check: 0.0003 USDC accumulated (0.0003 USDC in escrow)
[2026-05-27T06:51:42.431Z] Fee check: 0.0003 USDC accumulated (0.0003 USDC in escrow)
[2026-05-27T06:52:12.441Z] Fee check: 0.0003 USDC accumulated (0.0003 USDC in escrow)
[2026-05-27T06:52:42.619Z] Fee check: 0.0003 USDC accumulated (0.0003 USDC in escrow)
[2026-05-27T06:53:12.632Z] Fee check: 0.0003 USDC accumulated (0.0003 USDC in escrow)
[2026-05-27T06:53:42.894Z] Fee check: 0.0003 USDC accumulated (0.0003 USDC in escrow)
[2026-05-27T06:54:12.679Z] Fee check: 0.0003 USDC accumulated (0.0003 USDC in escrow)
[2026-05-27T06:54:42.572Z] Fee check: 0.0003 USDC accumulated (0.0003 USDC in escrow)
[2026-05-27T06:55:12.614Z] Fee check: 0.0003 USDC accumulated (0.0003 USDC in escrow)
[2026-05-27T06:55:42.665Z] Fee check: 0.0003 USDC accumulated (0.0003 USDC in escrow)
[2026-05-27T06:56:12.889Z] Fee check: 0.0003 USDC accumulated (0.0003 USDC in escrow)
[2026-05-27T06:56:42.670Z] Fee check: 0.0003 USDC accumulated (0.0003 USDC in escrow)
[2026-05-27T06:57:12.714Z] Fee check: 0.0003 USDC accumulated (0.0003 USDC in escrow)
[2026-05-27T06:57:42.868Z] Fee check: 0.0003 USDC accumulated (0.0003 USDC in escrow)
[2026-05-27T06:58:12.863Z] Fee check: 0.0003 USDC accumulated (0.0003 USDC in escrow)
[2026-05-27T06:58:42.896Z] Fee check: 0.0003 USDC accumulated (0.0003 USDC in escrow)
[2026-05-27T06:59:12.913Z] Fee check: 0.0003 USDC accumulated (0.0003 USDC in escrow)
[2026-05-27T06:59:42.828Z] Fee check: 0.0003 USDC accumulated (0.0003 USDC in escrow)
[2026-05-27T07:00:12.905Z] Fee check: 0.0003 USDC accumulated (0.0003 USDC in escrow)
[2026-05-27T07:00:42.968Z] Fee check: 0.0003 USDC accumulated (0.0003 USDC in escrow)
[2026-05-27T07:01:12.886Z] Fee check: 0.0003 USDC accumulated (0.0003 USDC in escrow)
[2026-05-27T07:01:42.915Z] Fee check: 0.0003 USDC accumulated (0.0003 USDC in escrow)
[2026-05-27T07:02:12.946Z] Fee check: 0.0003 USDC accumulated (0.0003 USDC in escrow)
[2026-05-27T07:02:43.091Z] Fee check: 0.0003 USDC accumulated (0.0003 USDC in escrow)
[2026-05-27T07:03:12.976Z] Fee check: 0.0003 USDC accumulated (0.0003 USDC in escrow)
[2026-05-27T07:03:43.146Z] Fee check: 0.0003 USDC accumulated (0.0003 USDC in escrow)
[2026-05-27T07:04:13.040Z] Fee check: 0.0003 USDC accumulated (0.0003 USDC in escrow)
[2026-05-27T07:04:43.067Z] Fee check: 0.0003 USDC accumulated (0.0003 USDC in escrow)
[2026-05-27T07:05:13.104Z] Fee check: 0.0003 USDC accumulated (0.0003 USDC in escrow)
[2026-05-27T07:05:43.109Z] Fee check: 0.0003 USDC accumulated (0.0003 USDC in escrow)
[2026-05-27T07:06:13.136Z] Fee check: 0.0003 USDC accumulated (0.0003 USDC in escrow)
[2026-05-27T07:06:43.174Z] Fee check: 0.0003 USDC accumulated (0.0003 USDC in escrow)
[2026-05-27T07:07:13.180Z] Fee check: 0.0003 USDC accumulated (0.0003 USDC in escrow)
[2026-05-27T07:07:43.340Z] Fee check: 0.0003 USDC accumulated (0.0003 USDC in escrow)
[2026-05-27T07:08:13.365Z] Fee check: 0.0003 USDC accumulated (0.0003 USDC in escrow)
[2026-05-27T07:08:43.350Z] Fee check: 0.0003 USDC accumulated (0.0003 USDC in escrow)
[2026-05-27T07:09:13.384Z] Fee check: 0.0003 USDC accumulated (0.0003 USDC in escrow)
[2026-05-27T07:09:43.262Z] Fee check: 0.0003 USDC accumulated (0.0003 USDC in escrow)
[2026-05-27T07:10:13.368Z] Fee check: 0.0003 USDC accumulated (0.0003 USDC in escrow)
[2026-05-27T07:10:43.329Z] Fee check: 0.0003 USDC accumulated (0.0003 USDC in escrow)
[2026-05-27T07:11:13.350Z] Fee check: 0.0003 USDC accumulated (0.0003 USDC in escrow)
[2026-05-27T07:11:43.380Z] Fee check: 0.0003 USDC accumulated (0.0003 USDC in escrow)
[2026-05-27T07:12:13.411Z] Fee check: 0.0003 USDC accumulated (0.0003 USDC in escrow)
[2026-05-27T07:12:43.542Z] Fee check: 0.0003 USDC accumulated (0.0003 USDC in escrow)
[2026-05-27T07:13:13.583Z] Fee check: 0.0003 USDC accumulated (0.0003 USDC in escrow)
[2026-05-27T07:13:43.589Z] Fee check: 0.0003 USDC accumulated (0.0003 USDC in escrow)
[2026-05-27T07:14:13.607Z] Fee check: 0.0003 USDC accumulated (0.0003 USDC in escrow)
[2026-05-27T07:14:43.525Z] Fee check: 0.0003 USDC accumulated (0.0003 USDC in escrow)
[2026-05-27T07:15:13.541Z] Fee check: 0.0003 USDC accumulated (0.0003 USDC in escrow)
[2026-05-27T07:15:43.576Z] Fee check: 0.0003 USDC accumulated (0.0003 USDC in escrow)
[2026-05-27T07:16:13.603Z] Fee check: 0.0003 USDC accumulated (0.0003 USDC in escrow)
[2026-05-27T07:16:43.852Z] Fee check: 0.0003 USDC accumulated (0.0003 USDC in escrow)
[2026-05-27T07:17:13.645Z] Fee check: 0.0003 USDC accumulated (0.0003 USDC in escrow)
[2026-05-27T07:17:43.788Z] Fee check: 0.0003 USDC accumulated (0.0003 USDC in escrow)
[2026-05-27T07:18:13.811Z] Fee check: 0.0003 USDC accumulated (0.0003 USDC in escrow)
[2026-05-27T07:18:43.829Z] Fee check: 0.0003 USDC accumulated (0.0003 USDC in escrow)
[2026-05-27T07:19:14.144Z] Fee check: 0.0003 USDC accumulated (0.0003 USDC in escrow)
[2026-05-27T07:19:43.767Z] Fee check: 0.0003 USDC accumulated (0.0003 USDC in escrow)
[2026-05-27T07:20:17.815Z] FEE MONITOR ERROR: request timeout (code=TIMEOUT, version=6.16.0)
[2026-05-27T07:20:17.815Z] Periodic check failed: request timeout (code=TIMEOUT, version=6.16.0)
[2026-05-27T07:20:47.838Z] FEE MONITOR ERROR: request timeout (code=TIMEOUT, version=6.16.0)
[2026-05-27T07:20:47.838Z] Periodic check failed: request timeout (code=TIMEOUT, version=6.16.0)
[2026-05-27T07:21:17.864Z] FEE MONITOR ERROR: request timeout (code=TIMEOUT, version=6.16.0)
[2026-05-27T07:21:17.864Z] Periodic check failed: request timeout (code=TIMEOUT, version=6.16.0)
[2026-05-27T07:21:47.888Z] FEE MONITOR ERROR: request timeout (code=TIMEOUT, version=6.16.0)
[2026-05-27T07:21:47.888Z] Periodic check failed: request timeout (code=TIMEOUT, version=6.16.0)
[2026-05-27T07:22:17.913Z] FEE MONITOR ERROR: request timeout (code=TIMEOUT, version=6.16.0)
[2026-05-27T07:22:17.913Z] Periodic check failed: request timeout (code=TIMEOUT, version=6.16.0)
[2026-05-27T07:22:47.930Z] FEE MONITOR ERROR: request timeout (code=TIMEOUT, version=6.16.0)
[2026-05-27T07:22:47.930Z] Periodic check failed: request timeout (code=TIMEOUT, version=6.16.0)
[2026-05-27T07:23:17.935Z] FEE MONITOR ERROR: request timeout (code=TIMEOUT, version=6.16.0)
[2026-05-27T07:23:17.935Z] Periodic check failed: request timeout (code=TIMEOUT, version=6.16.0)
[2026-05-27T07:23:47.940Z] FEE MONITOR ERROR: request timeout (code=TIMEOUT, version=6.16.0)
[2026-05-27T07:23:47.940Z] Periodic check failed: request timeout (code=TIMEOUT, version=6.16.0)
[2026-05-27T07:24:17.950Z] FEE MONITOR ERROR: request timeout (code=TIMEOUT, version=6.16.0)
[2026-05-27T07:24:17.950Z] Periodic check failed: request timeout (code=TIMEOUT, version=6.16.0)
[2026-05-27T07:24:47.960Z] FEE MONITOR ERROR: request timeout (code=TIMEOUT, version=6.16.0)
[2026-05-27T07:24:47.960Z] Periodic check failed: request timeout (code=TIMEOUT, version=6.16.0)
[2026-05-27T07:25:17.970Z] FEE MONITOR ERROR: request timeout (code=TIMEOUT, version=6.16.0)
[2026-05-27T07:25:17.971Z] Periodic check failed: request timeout (code=TIMEOUT, version=6.16.0)
[2026-05-27T07:25:47.980Z] FEE MONITOR ERROR: request timeout (code=TIMEOUT, version=6.16.0)
[2026-05-27T07:25:47.980Z] Periodic check failed: request timeout (code=TIMEOUT, version=6.16.0)
[2026-05-27T07:26:17.990Z] FEE MONITOR ERROR: request timeout (code=TIMEOUT, version=6.16.0)
[2026-05-27T07:26:17.990Z] Periodic check failed: request timeout (code=TIMEOUT, version=6.16.0)
[2026-05-27T07:26:48.000Z] FEE MONITOR ERROR: request timeout (code=TIMEOUT, version=6.16.0)
[2026-05-27T07:26:48.000Z] Periodic check failed: request timeout (code=TIMEOUT, version=6.16.0)
[2026-05-27T07:27:18.010Z] FEE MONITOR ERROR: request timeout (code=TIMEOUT, version=6.16.0)
[2026-05-27T07:27:18.010Z] Periodic check failed: request timeout (code=TIMEOUT, version=6.16.0)
[2026-05-27T07:27:48.020Z] FEE MONITOR ERROR: request timeout (code=TIMEOUT, version=6.16.0)
[2026-05-27T07:27:48.020Z] Periodic check failed: request timeout (code=TIMEOUT, version=6.16.0)
[2026-05-27T07:28:18.030Z] FEE MONITOR ERROR: request timeout (code=TIMEOUT, version=6.16.0)
[2026-05-27T07:28:18.030Z] Periodic check failed: request timeout (code=TIMEOUT, version=6.16.0)
[2026-05-27T07:28:48.040Z] FEE MONITOR ERROR: request timeout (code=TIMEOUT, version=6.16.0)
[2026-05-27T07:28:48.040Z] Periodic check failed: request timeout (code=TIMEOUT, version=6.16.0)
[2026-05-27T07:29:18.050Z] FEE MONITOR ERROR: request timeout (code=TIMEOUT, version=6.16.0)
[2026-05-27T07:29:18.050Z] Periodic check failed: request timeout (code=TIMEOUT, version=6.16.0)
[2026-05-27T07:29:48.060Z] FEE MONITOR ERROR: request timeout (code=TIMEOUT, version=6.16.0)
[2026-05-27T07:29:48.060Z] Periodic check failed: request timeout (code=TIMEOUT, version=6.16.0)
[2026-05-27T07:30:18.070Z] FEE MONITOR ERROR: request timeout (code=TIMEOUT, version=6.16.0)
[2026-05-27T07:30:18.070Z] Periodic check failed: request timeout (code=TIMEOUT, version=6.16.0)
[2026-05-27T07:30:48.080Z] FEE MONITOR ERROR: request timeout (code=TIMEOUT, version=6.16.0)
[2026-05-27T07:30:48.080Z] Periodic check failed: request timeout (code=TIMEOUT, version=6.16.0)
[2026-05-27T07:31:18.090Z] FEE MONITOR ERROR: request timeout (code=TIMEOUT, version=6.16.0)
[2026-05-27T07:31:18.090Z] Periodic check failed: request timeout (code=TIMEOUT, version=6.16.0)
[2026-05-27T07:31:48.100Z] FEE MONITOR ERROR: request timeout (code=TIMEOUT, version=6.16.0)
[2026-05-27T07:31:48.100Z] Periodic check failed: request timeout (code=TIMEOUT, version=6.16.0)
[2026-05-27T07:32:18.110Z] FEE MONITOR ERROR: request timeout (code=TIMEOUT, version=6.16.0)
[2026-05-27T07:32:18.110Z] Periodic check failed: request timeout (code=TIMEOUT, version=6.16.0)
[2026-05-27T07:32:48.120Z] FEE MONITOR ERROR: request timeout (code=TIMEOUT, version=6.16.0)
[2026-05-27T07:32:48.120Z] Periodic check failed: request timeout (code=TIMEOUT, version=6.16.0)
[2026-05-27T07:33:18.130Z] FEE MONITOR ERROR: request timeout (code=TIMEOUT, version=6.16.0)
[2026-05-27T07:33:18.130Z] Periodic check failed: request timeout (code=TIMEOUT, version=6.16.0)
[2026-05-27T07:33:48.140Z] FEE MONITOR ERROR: request timeout (code=TIMEOUT, version=6.16.0)
[2026-05-27T07:33:48.140Z] Periodic check failed: request timeout (code=TIMEOUT, version=6.16.0)
[2026-05-27T07:34:18.150Z] FEE MONITOR ERROR: request timeout (code=TIMEOUT, version=6.16.0)
[2026-05-27T07:34:18.150Z] Periodic check failed: request timeout (code=TIMEOUT, version=6.16.0)
[2026-05-27T07:34:48.160Z] FEE MONITOR ERROR: request timeout (code=TIMEOUT, version=6.16.0)
[2026-05-27T07:34:48.160Z] Periodic check failed: request timeout (code=TIMEOUT, version=6.16.0)
[2026-05-27T07:35:18.170Z] FEE MONITOR ERROR: request timeout (code=TIMEOUT, version=6.16.0)
[2026-05-27T07:35:18.170Z] Periodic check failed: request timeout (code=TIMEOUT, version=6.16.0)
[2026-05-27T07:35:48.180Z] FEE MONITOR ERROR: request timeout (code=TIMEOUT, version=6.16.0)
[2026-05-27T07:35:48.180Z] Periodic check failed: request timeout (code=TIMEOUT, version=6.16.0)
[2026-05-27T07:36:18.190Z] FEE MONITOR ERROR: request timeout (code=TIMEOUT, version=6.16.0)
[2026-05-27T07:36:18.190Z] Periodic check failed: request timeout (code=TIMEOUT, version=6.16.0)
[2026-05-27T07:36:48.200Z] FEE MONITOR ERROR: request timeout (code=TIMEOUT, version=6.16.0)
[2026-05-27T07:36:48.200Z] Periodic check failed: request timeout (code=TIMEOUT, version=6.16.0)
[2026-05-27T07:37:18.210Z] FEE MONITOR ERROR: request timeout (code=TIMEOUT, version=6.16.0)
[2026-05-27T07:37:18.210Z] Periodic check failed: request timeout (code=TIMEOUT, version=6.16.0)
[2026-05-27T07:37:48.220Z] FEE MONITOR ERROR: request timeout (code=TIMEOUT, version=6.16.0)
[2026-05-27T07:37:48.220Z] Periodic check failed: request timeout (code=TIMEOUT, version=6.16.0)
[2026-05-27T07:38:18.230Z] FEE MONITOR ERROR: request timeout (code=TIMEOUT, version=6.16.0)
[2026-05-27T07:38:18.230Z] Periodic check failed: request timeout (code=TIMEOUT, version=6.16.0)
[2026-05-27T07:38:48.240Z] FEE MONITOR ERROR: request timeout (code=TIMEOUT, version=6.16.0)
[2026-05-27T07:38:48.240Z] Periodic check failed: request timeout (code=TIMEOUT, version=6.16.0)
[2026-05-27T07:39:18.250Z] FEE MONITOR ERROR: request timeout (code=TIMEOUT, version=6.16.0)
[2026-05-27T07:39:18.250Z] Periodic check failed: request timeout (code=TIMEOUT, version=6.16.0)
[2026-05-27T07:39:48.260Z] FEE MONITOR ERROR: request timeout (code=TIMEOUT, version=6.16.0)
[2026-05-27T07:39:48.260Z] Periodic check failed: request timeout (code=TIMEOUT, version=6.16.0)
[2026-05-27T07:40:18.270Z] FEE MONITOR ERROR: request timeout (code=TIMEOUT, version=6.16.0)
[2026-05-27T07:40:18.270Z] Periodic check failed: request timeout (code=TIMEOUT, version=6.16.0)
[2026-05-27T07:40:48.280Z] FEE MONITOR ERROR: request timeout (code=TIMEOUT, version=6.16.0)
[2026-05-27T07:40:48.280Z] Periodic check failed: request timeout (code=TIMEOUT, version=6.16.0)
[2026-05-27T07:41:18.290Z] FEE MONITOR ERROR: request timeout (code=TIMEOUT, version=6.16.0)
[2026-05-27T07:41:18.290Z] Periodic check failed: request timeout (code=TIMEOUT, version=6.16.0)
[2026-05-27T07:41:48.300Z] FEE MONITOR ERROR: request timeout (code=TIMEOUT, version=6.16.0)
[2026-05-27T07:41:48.300Z] Periodic check failed: request timeout (code=TIMEOUT, version=6.16.0)
[2026-05-27T07:42:18.310Z] FEE MONITOR ERROR: request timeout (code=TIMEOUT, version=6.16.0)
[2026-05-27T07:42:18.310Z] Periodic check failed: request timeout (code=TIMEOUT, version=6.16.0)
[2026-05-27T07:42:48.320Z] FEE MONITOR ERROR: request timeout (code=TIMEOUT, version=6.16.0)
[2026-05-27T07:42:48.320Z] Periodic check failed: request timeout (code=TIMEOUT, version=6.16.0)
[2026-05-27T07:43:18.330Z] FEE MONITOR ERROR: request timeout (code=TIMEOUT, version=6.16.0)
[2026-05-27T07:43:18.330Z] Periodic check failed: request timeout (code=TIMEOUT, version=6.16.0)
[2026-05-27T07:43:48.340Z] FEE MONITOR ERROR: request timeout (code=TIMEOUT, version=6.16.0)
[2026-05-27T07:43:48.340Z] Periodic check failed: request timeout (code=TIMEOUT, version=6.16.0)
[2026-05-27T07:44:18.350Z] FEE MONITOR ERROR: request timeout (code=TIMEOUT, version=6.16.0)
[2026-05-27T07:44:18.350Z] Periodic check failed: request timeout (code=TIMEOUT, version=6.16.0)
[2026-05-27T07:44:48.360Z] FEE MONITOR ERROR: request timeout (code=TIMEOUT, version=6.16.0)
[2026-05-27T07:44:48.360Z] Periodic check failed: request timeout (code=TIMEOUT, version=6.16.0)
[2026-05-27T07:45:18.370Z] FEE MONITOR ERROR: request timeout (code=TIMEOUT, version=6.16.0)
[2026-05-27T07:45:18.370Z] Periodic check failed: request timeout (code=TIMEOUT, version=6.16.0)
[2026-05-27T07:45:48.380Z] FEE MONITOR ERROR: request timeout (code=TIMEOUT, version=6.16.0)
[2026-05-27T07:45:48.380Z] Periodic check failed: request timeout (code=TIMEOUT, version=6.16.0)
[2026-05-27T07:46:18.390Z] FEE MONITOR ERROR: request timeout (code=TIMEOUT, version=6.16.0)
[2026-05-27T07:46:18.390Z] Periodic check failed: request timeout (code=TIMEOUT, version=6.16.0)
[2026-05-27T07:46:48.400Z] FEE MONITOR ERROR: request timeout (code=TIMEOUT, version=6.16.0)
[2026-05-27T07:46:48.400Z] Periodic check failed: request timeout (code=TIMEOUT, version=6.16.0)
[2026-05-27T07:47:18.410Z] FEE MONITOR ERROR: request timeout (code=TIMEOUT, version=6.16.0)
[2026-05-27T07:47:18.410Z] Periodic check failed: request timeout (code=TIMEOUT, version=6.16.0)
[2026-05-27T07:47:48.420Z] FEE MONITOR ERROR: request timeout (code=TIMEOUT, version=6.16.0)
[2026-05-27T07:47:48.420Z] Periodic check failed: request timeout (code=TIMEOUT, version=6.16.0)
[2026-05-27T07:48:18.430Z] FEE MONITOR ERROR: request timeout (code=TIMEOUT, version=6.16.0)
[2026-05-27T07:48:18.430Z] Periodic check failed: request timeout (code=TIMEOUT, version=6.16.0)
[2026-05-27T07:48:48.440Z] FEE MONITOR ERROR: request timeout (code=TIMEOUT, version=6.16.0)
[2026-05-27T07:48:48.440Z] Periodic check failed: request timeout (code=TIMEOUT, version=6.16.0)
[2026-05-27T07:49:18.450Z] FEE MONITOR ERROR: request timeout (code=TIMEOUT, version=6.16.0)
[2026-05-27T07:49:18.450Z] Periodic check failed: request timeout (code=TIMEOUT, version=6.16.0)
[2026-05-27T07:49:48.460Z] FEE MONITOR ERROR: request timeout (code=TIMEOUT, version=6.16.0)
[2026-05-27T07:49:48.460Z] Periodic check failed: request timeout (code=TIMEOUT, version=6.16.0)
[2026-05-27T07:50:18.470Z] FEE MONITOR ERROR: request timeout (code=TIMEOUT, version=6.16.0)
[2026-05-27T07:50:18.470Z] Periodic check failed: request timeout (code=TIMEOUT, version=6.16.0)
[2026-05-27T07:50:48.480Z] FEE MONITOR ERROR: request timeout (code=TIMEOUT, version=6.16.0)
[2026-05-27T07:50:48.480Z] Periodic check failed: request timeout (code=TIMEOUT, version=6.16.0)
[2026-05-27T07:51:18.490Z] FEE MONITOR ERROR: request timeout (code=TIMEOUT, version=6.16.0)
[2026-05-27T07:51:18.490Z] Periodic check failed: request timeout (code=TIMEOUT, version=6.16.0)
[2026-05-27T07:51:48.500Z] FEE MONITOR ERROR: request timeout (code=TIMEOUT, version=6.16.0)
[2026-05-27T07:51:48.500Z] Periodic check failed: request timeout (code=TIMEOUT, version=6.16.0)
[2026-05-27T07:52:18.510Z] FEE MONITOR ERROR: request timeout (code=TIMEOUT, version=6.16.0)
[2026-05-27T07:52:18.510Z] Periodic check failed: request timeout (code=TIMEOUT, version=6.16.0)
[2026-05-27T07:52:48.520Z] FEE MONITOR ERROR: request timeout (code=TIMEOUT, version=6.16.0)
[2026-05-27T07:52:48.520Z] Periodic check failed: request timeout (code=TIMEOUT, version=6.16.0)
[2026-05-27T07:53:18.530Z] FEE MONITOR ERROR: request timeout (code=TIMEOUT, version=6.16.0)
[2026-05-27T07:53:18.530Z] Periodic check failed: request timeout (code=TIMEOUT, version=6.16.0)
[2026-05-27T07:53:48.540Z] FEE MONITOR ERROR: request timeout (code=TIMEOUT, version=6.16.0)
[2026-05-27T07:53:48.540Z] Periodic check failed: request timeout (code=TIMEOUT, version=6.16.0)
[2026-05-27T07:54:18.550Z] FEE MONITOR ERROR: request timeout (code=TIMEOUT, version=6.16.0)
[2026-05-27T07:54:18.550Z] Periodic check failed: request timeout (code=TIMEOUT, version=6.16.0)
[2026-05-27T07:54:48.560Z] FEE MONITOR ERROR: request timeout (code=TIMEOUT, version=6.16.0)
[2026-05-27T07:54:48.560Z] Periodic check failed: request timeout (code=TIMEOUT, version=6.16.0)
[2026-05-27T07:55:18.569Z] FEE MONITOR ERROR: request timeout (code=TIMEOUT, version=6.16.0)
[2026-05-27T07:55:18.569Z] Periodic check failed: request timeout (code=TIMEOUT, version=6.16.0)
[2026-05-27T07:55:48.579Z] FEE MONITOR ERROR: request timeout (code=TIMEOUT, version=6.16.0)
[2026-05-27T07:55:48.579Z] Periodic check failed: request timeout (code=TIMEOUT, version=6.16.0)
[2026-05-27T07:56:18.588Z] FEE MONITOR ERROR: request timeout (code=TIMEOUT, version=6.16.0)
[2026-05-27T07:56:18.588Z] Periodic check failed: request timeout (code=TIMEOUT, version=6.16.0)
[2026-05-27T07:56:48.598Z] FEE MONITOR ERROR: request timeout (code=TIMEOUT, version=6.16.0)
[2026-05-27T07:56:48.598Z] Periodic check failed: request timeout (code=TIMEOUT, version=6.16.0)
[2026-05-27T07:57:18.608Z] FEE MONITOR ERROR: request timeout (code=TIMEOUT, version=6.16.0)
[2026-05-27T07:57:18.608Z] Periodic check failed: request timeout (code=TIMEOUT, version=6.16.0)
[2026-05-27T07:57:48.618Z] FEE MONITOR ERROR: request timeout (code=TIMEOUT, version=6.16.0)
[2026-05-27T07:57:48.618Z] Periodic check failed: request timeout (code=TIMEOUT, version=6.16.0)
[2026-05-27T07:58:18.628Z] FEE MONITOR ERROR: request timeout (code=TIMEOUT, version=6.16.0)
[2026-05-27T07:58:18.628Z] Periodic check failed: request timeout (code=TIMEOUT, version=6.16.0)
[2026-05-27T07:58:48.638Z] FEE MONITOR ERROR: request timeout (code=TIMEOUT, version=6.16.0)
[2026-05-27T07:58:48.638Z] Periodic check failed: request timeout (code=TIMEOUT, version=6.16.0)
[2026-05-27T07:59:18.648Z] FEE MONITOR ERROR: request timeout (code=TIMEOUT, version=6.16.0)
[2026-05-27T07:59:18.648Z] Periodic check failed: request timeout (code=TIMEOUT, version=6.16.0)
[2026-05-27T07:59:48.658Z] FEE MONITOR ERROR: request timeout (code=TIMEOUT, version=6.16.0)
[2026-05-27T07:59:48.658Z] Periodic check failed: request timeout (code=TIMEOUT, version=6.16.0)
[2026-05-27T08:00:18.668Z] FEE MONITOR ERROR: request timeout (code=TIMEOUT, version=6.16.0)
[2026-05-27T08:00:18.668Z] Periodic check failed: request timeout (code=TIMEOUT, version=6.16.0)
[2026-05-27T08:00:48.678Z] FEE MONITOR ERROR: request timeout (code=TIMEOUT, version=6.16.0)
[2026-05-27T08:00:48.678Z] Periodic check failed: request timeout (code=TIMEOUT, version=6.16.0)
[2026-05-27T08:01:18.688Z] FEE MONITOR ERROR: request timeout (code=TIMEOUT, version=6.16.0)
[2026-05-27T08:01:18.688Z] Periodic check failed: request timeout (code=TIMEOUT, version=6.16.0)
[2026-05-27T08:01:48.698Z] FEE MONITOR ERROR: request timeout (code=TIMEOUT, version=6.16.0)
[2026-05-27T08:01:48.698Z] Periodic check failed: request timeout (code=TIMEOUT, version=6.16.0)
[2026-05-27T08:02:18.708Z] FEE MONITOR ERROR: request timeout (code=TIMEOUT, version=6.16.0)
[2026-05-27T08:02:18.708Z] Periodic check failed: request timeout (code=TIMEOUT, version=6.16.0)
[2026-05-27T08:02:48.718Z] FEE MONITOR ERROR: request timeout (code=TIMEOUT, version=6.16.0)
[2026-05-27T08:02:48.718Z] Periodic check failed: request timeout (code=TIMEOUT, version=6.16.0)
[2026-05-27T08:03:18.728Z] FEE MONITOR ERROR: request timeout (code=TIMEOUT, version=6.16.0)
[2026-05-27T08:03:18.728Z] Periodic check failed: request timeout (code=TIMEOUT, version=6.16.0)
[2026-05-27T08:03:48.738Z] FEE MONITOR ERROR: request timeout (code=TIMEOUT, version=6.16.0)
[2026-05-27T08:03:48.738Z] Periodic check failed: request timeout (code=TIMEOUT, version=6.16.0)
[2026-05-27T08:04:18.748Z] FEE MONITOR ERROR: request timeout (code=TIMEOUT, version=6.16.0)
[2026-05-27T08:04:18.748Z] Periodic check failed: request timeout (code=TIMEOUT, version=6.16.0)
[2026-05-27T08:04:48.758Z] FEE MONITOR ERROR: request timeout (code=TIMEOUT, version=6.16.0)
[2026-05-27T08:04:48.758Z] Periodic check failed: request timeout (code=TIMEOUT, version=6.16.0)
[2026-05-27T08:05:18.768Z] FEE MONITOR ERROR: request timeout (code=TIMEOUT, version=6.16.0)
[2026-05-27T08:05:18.768Z] Periodic check failed: request timeout (code=TIMEOUT, version=6.16.0)
[2026-05-27T08:05:48.778Z] FEE MONITOR ERROR: request timeout (code=TIMEOUT, version=6.16.0)
[2026-05-27T08:05:48.778Z] Periodic check failed: request timeout (code=TIMEOUT, version=6.16.0)
[2026-05-27T08:06:18.788Z] FEE MONITOR ERROR: request timeout (code=TIMEOUT, version=6.16.0)
[2026-05-27T08:06:18.788Z] Periodic check failed: request timeout (code=TIMEOUT, version=6.16.0)
[2026-05-27T08:06:48.798Z] FEE MONITOR ERROR: request timeout (code=TIMEOUT, version=6.16.0)
[2026-05-27T08:06:48.798Z] Periodic check failed: request timeout (code=TIMEOUT, version=6.16.0)
[2026-05-27T08:07:18.808Z] FEE MONITOR ERROR: request timeout (code=TIMEOUT, version=6.16.0)
[2026-05-27T08:07:18.808Z] Periodic check failed: request timeout (code=TIMEOUT, version=6.16.0)
[2026-05-27T08:07:48.818Z] FEE MONITOR ERROR: request timeout (code=TIMEOUT, version=6.16.0)
[2026-05-27T08:07:48.818Z] Periodic check failed: request timeout (code=TIMEOUT, version=6.16.0)
[2026-05-27T08:08:18.828Z] FEE MONITOR ERROR: request timeout (code=TIMEOUT, version=6.16.0)
[2026-05-27T08:08:18.828Z] Periodic check failed: request timeout (code=TIMEOUT, version=6.16.0)
[2026-05-27T08:08:48.838Z] FEE MONITOR ERROR: request timeout (code=TIMEOUT, version=6.16.0)
[2026-05-27T08:08:48.838Z] Periodic check failed: request timeout (code=TIMEOUT, version=6.16.0)
[2026-05-27T08:09:18.848Z] FEE MONITOR ERROR: request timeout (code=TIMEOUT, version=6.16.0)
[2026-05-27T08:09:18.848Z] Periodic check failed: request timeout (code=TIMEOUT, version=6.16.0)
[2026-05-27T08:09:48.858Z] FEE MONITOR ERROR: request timeout (code=TIMEOUT, version=6.16.0)
[2026-05-27T08:09:48.858Z] Periodic check failed: request timeout (code=TIMEOUT, version=6.16.0)
[2026-05-27T08:10:18.868Z] FEE MONITOR ERROR: request timeout (code=TIMEOUT, version=6.16.0)
[2026-05-27T08:10:18.868Z] Periodic check failed: request timeout (code=TIMEOUT, version=6.16.0)
[2026-05-27T08:10:48.878Z] FEE MONITOR ERROR: request timeout (code=TIMEOUT, version=6.16.0)
[2026-05-27T08:10:48.878Z] Periodic check failed: request timeout (code=TIMEOUT, version=6.16.0)
[2026-05-27T08:11:18.888Z] FEE MONITOR ERROR: request timeout (code=TIMEOUT, version=6.16.0)
[2026-05-27T08:11:18.888Z] Periodic check failed: request timeout (code=TIMEOUT, version=6.16.0)
[2026-05-27T08:11:48.898Z] FEE MONITOR ERROR: request timeout (code=TIMEOUT, version=6.16.0)
[2026-05-27T08:11:48.898Z] Periodic check failed: request timeout (code=TIMEOUT, version=6.16.0)
[2026-05-27T08:12:18.908Z] FEE MONITOR ERROR: request timeout (code=TIMEOUT, version=6.16.0)
[2026-05-27T08:12:18.908Z] Periodic check failed: request timeout (code=TIMEOUT, version=6.16.0)
[2026-05-27T08:12:48.918Z] FEE MONITOR ERROR: request timeout (code=TIMEOUT, version=6.16.0)
[2026-05-27T08:12:48.918Z] Periodic check failed: request timeout (code=TIMEOUT, version=6.16.0)
[2026-05-27T08:13:18.928Z] FEE MONITOR ERROR: request timeout (code=TIMEOUT, version=6.16.0)
[2026-05-27T08:13:18.928Z] Periodic check failed: request timeout (code=TIMEOUT, version=6.16.0)
[2026-05-27T08:13:48.938Z] FEE MONITOR ERROR: request timeout (code=TIMEOUT, version=6.16.0)
[2026-05-27T08:13:48.938Z] Periodic check failed: request timeout (code=TIMEOUT, version=6.16.0)
[2026-05-27T08:14:18.948Z] FEE MONITOR ERROR: request timeout (code=TIMEOUT, version=6.16.0)
[2026-05-27T08:14:18.948Z] Periodic check failed: request timeout (code=TIMEOUT, version=6.16.0)
[2026-05-27T08:14:48.958Z] FEE MONITOR ERROR: request timeout (code=TIMEOUT, version=6.16.0)
[2026-05-27T08:14:48.958Z] Periodic check failed: request timeout (code=TIMEOUT, version=6.16.0)
[2026-05-27T08:15:18.968Z] FEE MONITOR ERROR: request timeout (code=TIMEOUT, version=6.16.0)
[2026-05-27T08:15:18.968Z] Periodic check failed: request timeout (code=TIMEOUT, version=6.16.0)
[2026-05-27T08:15:48.978Z] FEE MONITOR ERROR: request timeout (code=TIMEOUT, version=6.16.0)
[2026-05-27T08:15:48.978Z] Periodic check failed: request timeout (code=TIMEOUT, version=6.16.0)
[2026-05-27T08:16:18.988Z] FEE MONITOR ERROR: request timeout (code=TIMEOUT, version=6.16.0)
[2026-05-27T08:16:18.988Z] Periodic check failed: request timeout (code=TIMEOUT, version=6.16.0)
[2026-05-27T08:16:48.998Z] FEE MONITOR ERROR: request timeout (code=TIMEOUT, version=6.16.0)
[2026-05-27T08:16:48.998Z] Periodic check failed: request timeout (code=TIMEOUT, version=6.16.0)
[2026-05-27T08:17:19.008Z] FEE MONITOR ERROR: request timeout (code=TIMEOUT, version=6.16.0)
[2026-05-27T08:17:19.008Z] Periodic check failed: request timeout (code=TIMEOUT, version=6.16.0)
[2026-05-27T08:17:49.018Z] FEE MONITOR ERROR: request timeout (code=TIMEOUT, version=6.16.0)
[2026-05-27T08:17:49.018Z] Periodic check failed: request timeout (code=TIMEOUT, version=6.16.0)
[2026-05-27T08:18:19.028Z] FEE MONITOR ERROR: request timeout (code=TIMEOUT, version=6.16.0)
[2026-05-27T08:18:19.028Z] Periodic check failed: request timeout (code=TIMEOUT, version=6.16.0)
[2026-05-27T08:18:49.038Z] FEE MONITOR ERROR: request timeout (code=TIMEOUT, version=6.16.0)
[2026-05-27T08:18:49.038Z] Periodic check failed: request timeout (code=TIMEOUT, version=6.16.0)
[2026-05-27T08:19:19.048Z] FEE MONITOR ERROR: request timeout (code=TIMEOUT, version=6.16.0)
[2026-05-27T08:19:19.048Z] Periodic check failed: request timeout (code=TIMEOUT, version=6.16.0)
[2026-05-27T08:19:49.057Z] FEE MONITOR ERROR: request timeout (code=TIMEOUT, version=6.16.0)
[2026-05-27T08:19:49.057Z] Periodic check failed: request timeout (code=TIMEOUT, version=6.16.0)
[2026-05-27T08:20:19.067Z] FEE MONITOR ERROR: request timeout (code=TIMEOUT, version=6.16.0)
[2026-05-27T08:20:19.067Z] Periodic check failed: request timeout (code=TIMEOUT, version=6.16.0)
[2026-05-27T08:20:49.077Z] FEE MONITOR ERROR: request timeout (code=TIMEOUT, version=6.16.0)
[2026-05-27T08:20:49.077Z] Periodic check failed: request timeout (code=TIMEOUT, version=6.16.0)
[2026-05-27T08:21:19.087Z] FEE MONITOR ERROR: request timeout (code=TIMEOUT, version=6.16.0)
[2026-05-27T08:21:19.087Z] Periodic check failed: request timeout (code=TIMEOUT, version=6.16.0)
[2026-05-27T08:21:49.097Z] FEE MONITOR ERROR: request timeout (code=TIMEOUT, version=6.16.0)
[2026-05-27T08:21:49.097Z] Periodic check failed: request timeout (code=TIMEOUT, version=6.16.0)
[2026-05-27T08:22:19.107Z] FEE MONITOR ERROR: request timeout (code=TIMEOUT, version=6.16.0)
[2026-05-27T08:22:19.107Z] Periodic check failed: request timeout (code=TIMEOUT, version=6.16.0)
[2026-05-27T08:22:49.117Z] FEE MONITOR ERROR: request timeout (code=TIMEOUT, version=6.16.0)
[2026-05-27T08:22:49.117Z] Periodic check failed: request timeout (code=TIMEOUT, version=6.16.0)
[2026-05-27T08:23:19.127Z] FEE MONITOR ERROR: request timeout (code=TIMEOUT, version=6.16.0)
[2026-05-27T08:23:19.127Z] Periodic check failed: request timeout (code=TIMEOUT, version=6.16.0)
[2026-05-27T08:23:49.137Z] FEE MONITOR ERROR: request timeout (code=TIMEOUT, version=6.16.0)
[2026-05-27T08:23:49.137Z] Periodic check failed: request timeout (code=TIMEOUT, version=6.16.0)
[2026-05-27T08:24:19.147Z] FEE MONITOR ERROR: request timeout (code=TIMEOUT, version=6.16.0)
[2026-05-27T08:24:19.147Z] Periodic check failed: request timeout (code=TIMEOUT, version=6.16.0)
[2026-05-27T08:24:49.157Z] FEE MONITOR ERROR: request timeout (code=TIMEOUT, version=6.16.0)
[2026-05-27T08:24:49.157Z] Periodic check failed: request timeout (code=TIMEOUT, version=6.16.0)
[2026-05-27T08:25:19.167Z] FEE MONITOR ERROR: request timeout (code=TIMEOUT, version=6.16.0)
[2026-05-27T08:25:19.167Z] Periodic check failed: request timeout (code=TIMEOUT, version=6.16.0)
[2026-05-27T08:25:49.177Z] FEE MONITOR ERROR: request timeout (code=TIMEOUT, version=6.16.0)
[2026-05-27T08:25:49.177Z] Periodic check failed: request timeout (code=TIMEOUT, version=6.16.0)
[2026-05-27T08:26:19.187Z] FEE MONITOR ERROR: request timeout (code=TIMEOUT, version=6.16.0)
[2026-05-27T08:26:19.187Z] Periodic check failed: request timeout (code=TIMEOUT, version=6.16.0)
[2026-05-27T08:26:49.197Z] FEE MONITOR ERROR: request timeout (code=TIMEOUT, version=6.16.0)
[2026-05-27T08:26:49.197Z] Periodic check failed: request timeout (code=TIMEOUT, version=6.16.0)
[2026-05-27T08:27:19.207Z] FEE MONITOR ERROR: request timeout (code=TIMEOUT, version=6.16.0)
[2026-05-27T08:27:19.207Z] Periodic check failed: request timeout (code=TIMEOUT, version=6.16.0)
[2026-05-27T08:27:49.217Z] FEE MONITOR ERROR: request timeout (code=TIMEOUT, version=6.16.0)
[2026-05-27T08:27:49.217Z] Periodic check failed: request timeout (code=TIMEOUT, version=6.16.0)
[2026-05-27T08:28:19.227Z] FEE MONITOR ERROR: request timeout (code=TIMEOUT, version=6.16.0)
[2026-05-27T08:28:19.227Z] Periodic check failed: request timeout (code=TIMEOUT, version=6.16.0)
[2026-05-27T08:28:49.237Z] FEE MONITOR ERROR: request timeout (code=TIMEOUT, version=6.16.0)
[2026-05-27T08:28:49.237Z] Periodic check failed: request timeout (code=TIMEOUT, version=6.16.0)
[2026-05-27T08:29:19.247Z] FEE MONITOR ERROR: request timeout (code=TIMEOUT, version=6.16.0)
[2026-05-27T08:29:19.247Z] Periodic check failed: request timeout (code=TIMEOUT, version=6.16.0)
[2026-05-27T08:29:49.257Z] FEE MONITOR ERROR: request timeout (code=TIMEOUT, version=6.16.0)
[2026-05-27T08:29:49.257Z] Periodic check failed: request timeout (code=TIMEOUT, version=6.16.0)
[2026-05-27T08:30:19.267Z] FEE MONITOR ERROR: request timeout (code=TIMEOUT, version=6.16.0)
[2026-05-27T08:30:19.267Z] Periodic check failed: request timeout (code=TIMEOUT, version=6.16.0)
[2026-05-27T08:30:49.276Z] FEE MONITOR ERROR: request timeout (code=TIMEOUT, version=6.16.0)
[2026-05-27T08:30:49.276Z] Periodic check failed: request timeout (code=TIMEOUT, version=6.16.0)
[2026-05-27T08:31:19.286Z] FEE MONITOR ERROR: request timeout (code=TIMEOUT, version=6.16.0)
[2026-05-27T08:31:19.286Z] Periodic check failed: request timeout (code=TIMEOUT, version=6.16.0)
[2026-05-27T08:31:49.296Z] FEE MONITOR ERROR: request timeout (code=TIMEOUT, version=6.16.0)
[2026-05-27T08:31:49.296Z] Periodic check failed: request timeout (code=TIMEOUT, version=6.16.0)
[2026-05-27T08:32:19.306Z] FEE MONITOR ERROR: request timeout (code=TIMEOUT, version=6.16.0)
[2026-05-27T08:32:19.306Z] Periodic check failed: request timeout (code=TIMEOUT, version=6.16.0)
[2026-05-27T08:32:49.316Z] FEE MONITOR ERROR: request timeout (code=TIMEOUT, version=6.16.0)
[2026-05-27T08:32:49.316Z] Periodic check failed: request timeout (code=TIMEOUT, version=6.16.0)
[2026-05-27T08:33:19.326Z] FEE MONITOR ERROR: request timeout (code=TIMEOUT, version=6.16.0)
[2026-05-27T08:33:19.326Z] Periodic check failed: request timeout (code=TIMEOUT, version=6.16.0)
[2026-05-27T08:33:49.336Z] FEE MONITOR ERROR: request timeout (code=TIMEOUT, version=6.16.0)
[2026-05-27T08:33:49.336Z] Periodic check failed: request timeout (code=TIMEOUT, version=6.16.0)
[2026-05-27T08:34:19.346Z] FEE MONITOR ERROR: request timeout (code=TIMEOUT, version=6.16.0)
[2026-05-27T08:34:19.346Z] Periodic check failed: request timeout (code=TIMEOUT, version=6.16.0)
[2026-05-27T08:34:49.356Z] FEE MONITOR ERROR: request timeout (code=TIMEOUT, version=6.16.0)
[2026-05-27T08:34:49.356Z] Periodic check failed: request timeout (code=TIMEOUT, version=6.16.0)
[2026-05-27T08:35:19.366Z] FEE MONITOR ERROR: request timeout (code=TIMEOUT, version=6.16.0)
[2026-05-27T08:35:19.366Z] Periodic check failed: request timeout (code=TIMEOUT, version=6.16.0)
[2026-05-27T08:35:49.376Z] FEE MONITOR ERROR: request timeout (code=TIMEOUT, version=6.16.0)
[2026-05-27T08:35:49.376Z] Periodic check failed: request timeout (code=TIMEOUT, version=6.16.0)
[2026-05-27T08:36:19.386Z] FEE MONITOR ERROR: request timeout (code=TIMEOUT, version=6.16.0)
[2026-05-27T08:36:19.386Z] Periodic check failed: request timeout (code=TIMEOUT, version=6.16.0)
[2026-05-27T08:36:49.396Z] FEE MONITOR ERROR: request timeout (code=TIMEOUT, version=6.16.0)
[2026-05-27T08:36:49.396Z] Periodic check failed: request timeout (code=TIMEOUT, version=6.16.0)
[2026-05-27T08:37:19.406Z] FEE MONITOR ERROR: request timeout (code=TIMEOUT, version=6.16.0)
[2026-05-27T08:37:19.406Z] Periodic check failed: request timeout (code=TIMEOUT, version=6.16.0)
[2026-05-27T08:37:49.416Z] FEE MONITOR ERROR: request timeout (code=TIMEOUT, version=6.16.0)
[2026-05-27T08:37:49.416Z] Periodic check failed: request timeout (code=TIMEOUT, version=6.16.0)
[2026-05-27T08:38:19.426Z] FEE MONITOR ERROR: request timeout (code=TIMEOUT, version=6.16.0)
[2026-05-27T08:38:19.426Z] Periodic check failed: request timeout (code=TIMEOUT, version=6.16.0)
[2026-05-27T08:38:49.436Z] FEE MONITOR ERROR: request timeout (code=TIMEOUT, version=6.16.0)
[2026-05-27T08:38:49.436Z] Periodic check failed: request timeout (code=TIMEOUT, version=6.16.0)
[2026-05-27T08:39:19.446Z] FEE MONITOR ERROR: request timeout (code=TIMEOUT, version=6.16.0)
[2026-05-27T08:39:19.446Z] Periodic check failed: request timeout (code=TIMEOUT, version=6.16.0)
[2026-05-27T08:39:49.456Z] FEE MONITOR ERROR: request timeout (code=TIMEOUT, version=6.16.0)
[2026-05-27T08:39:49.456Z] Periodic check failed: request timeout (code=TIMEOUT, version=6.16.0)
[2026-05-27T08:40:19.466Z] FEE MONITOR ERROR: request timeout (code=TIMEOUT, version=6.16.0)
[2026-05-27T08:40:19.466Z] Periodic check failed: request timeout (code=TIMEOUT, version=6.16.0)
[2026-05-27T08:40:49.476Z] FEE MONITOR ERROR: request timeout (code=TIMEOUT, version=6.16.0)
[2026-05-27T08:40:49.476Z] Periodic check failed: request timeout (code=TIMEOUT, version=6.16.0)
[2026-05-27T08:41:19.486Z] FEE MONITOR ERROR: request timeout (code=TIMEOUT, version=6.16.0)
[2026-05-27T08:41:19.486Z] Periodic check failed: request timeout (code=TIMEOUT, version=6.16.0)
[2026-05-27T08:41:49.496Z] FEE MONITOR ERROR: request timeout (code=TIMEOUT, version=6.16.0)
[2026-05-27T08:41:49.496Z] Periodic check failed: request timeout (code=TIMEOUT, version=6.16.0)
[2026-05-27T08:42:19.506Z] FEE MONITOR ERROR: request timeout (code=TIMEOUT, version=6.16.0)
[2026-05-27T08:42:19.506Z] Periodic check failed: request timeout (code=TIMEOUT, version=6.16.0)
[2026-05-27T08:42:49.516Z] FEE MONITOR ERROR: request timeout (code=TIMEOUT, version=6.16.0)
[2026-05-27T08:42:49.516Z] Periodic check failed: request timeout (code=TIMEOUT, version=6.16.0)
[2026-05-27T08:43:19.526Z] FEE MONITOR ERROR: request timeout (code=TIMEOUT, version=6.16.0)
[2026-05-27T08:43:19.526Z] Periodic check failed: request timeout (code=TIMEOUT, version=6.16.0)
[2026-05-27T08:43:49.536Z] FEE MONITOR ERROR: request timeout (code=TIMEOUT, version=6.16.0)
[2026-05-27T08:43:49.536Z] Periodic check failed: request timeout (code=TIMEOUT, version=6.16.0)
[2026-05-27T08:44:19.546Z] FEE MONITOR ERROR: request timeout (code=TIMEOUT, version=6.16.0)
[2026-05-27T08:44:19.546Z] Periodic check failed: request timeout (code=TIMEOUT, version=6.16.0)
[2026-05-27T08:44:49.555Z] FEE MONITOR ERROR: request timeout (code=TIMEOUT, version=6.16.0)
[2026-05-27T08:44:49.555Z] Periodic check failed: request timeout (code=TIMEOUT, version=6.16.0)
[2026-05-27T08:45:19.565Z] FEE MONITOR ERROR: request timeout (code=TIMEOUT, version=6.16.0)
[2026-05-27T08:45:19.565Z] Periodic check failed: request timeout (code=TIMEOUT, version=6.16.0)
[2026-05-27T08:45:49.575Z] FEE MONITOR ERROR: request timeout (code=TIMEOUT, version=6.16.0)
[2026-05-27T08:45:49.575Z] Periodic check failed: request timeout (code=TIMEOUT, version=6.16.0)
[2026-05-27T08:46:19.585Z] FEE MONITOR ERROR: request timeout (code=TIMEOUT, version=6.16.0)
[2026-05-27T08:46:19.585Z] Periodic check failed: request timeout (code=TIMEOUT, version=6.16.0)
[2026-05-27T08:46:49.595Z] FEE MONITOR ERROR: request timeout (code=TIMEOUT, version=6.16.0)
[2026-05-27T08:46:49.595Z] Periodic check failed: request timeout (code=TIMEOUT, version=6.16.0)
[2026-05-27T08:47:19.605Z] FEE MONITOR ERROR: request timeout (code=TIMEOUT, version=6.16.0)
[2026-05-27T08:47:19.605Z] Periodic check failed: request timeout (code=TIMEOUT, version=6.16.0)
[2026-05-27T08:47:49.615Z] FEE MONITOR ERROR: request timeout (code=TIMEOUT, version=6.16.0)
[2026-05-27T08:47:49.615Z] Periodic check failed: request timeout (code=TIMEOUT, version=6.16.0)
[2026-05-27T08:48:19.625Z] FEE MONITOR ERROR: request timeout (code=TIMEOUT, version=6.16.0)
[2026-05-27T08:48:19.625Z] Periodic check failed: request timeout (code=TIMEOUT, version=6.16.0)
[2026-05-27T08:48:49.635Z] FEE MONITOR ERROR: request timeout (code=TIMEOUT, version=6.16.0)
[2026-05-27T08:48:49.635Z] Periodic check failed: request timeout (code=TIMEOUT, version=6.16.0)
[2026-05-27T08:49:19.645Z] FEE MONITOR ERROR: request timeout (code=TIMEOUT, version=6.16.0)
[2026-05-27T08:49:19.645Z] Periodic check failed: request timeout (code=TIMEOUT, version=6.16.0)
[2026-05-27T08:49:49.655Z] FEE MONITOR ERROR: request timeout (code=TIMEOUT, version=6.16.0)
[2026-05-27T08:49:49.655Z] Periodic check failed: request timeout (code=TIMEOUT, version=6.16.0)
[2026-05-27T08:50:19.665Z] FEE MONITOR ERROR: request timeout (code=TIMEOUT, version=6.16.0)
[2026-05-27T08:50:19.665Z] Periodic check failed: request timeout (code=TIMEOUT, version=6.16.0)
[2026-05-27T08:50:49.675Z] FEE MONITOR ERROR: request timeout (code=TIMEOUT, version=6.16.0)
[2026-05-27T08:50:49.675Z] Periodic check failed: request timeout (code=TIMEOUT, version=6.16.0)
[2026-05-27T08:51:19.685Z] FEE MONITOR ERROR: request timeout (code=TIMEOUT, version=6.16.0)
[2026-05-27T08:51:19.685Z] Periodic check failed: request timeout (code=TIMEOUT, version=6.16.0)
[2026-05-27T08:51:49.695Z] FEE MONITOR ERROR: request timeout (code=TIMEOUT, version=6.16.0)
[2026-05-27T08:51:49.695Z] Periodic check failed: request timeout (code=TIMEOUT, version=6.16.0)
[2026-05-27T08:52:19.705Z] FEE MONITOR ERROR: request timeout (code=TIMEOUT, version=6.16.0)
[2026-05-27T08:52:19.705Z] Periodic check failed: request timeout (code=TIMEOUT, version=6.16.0)
[2026-05-27T08:52:49.715Z] FEE MONITOR ERROR: request timeout (code=TIMEOUT, version=6.16.0)
[2026-05-27T08:52:49.715Z] Periodic check failed: request timeout (code=TIMEOUT, version=6.16.0)
[2026-05-27T08:53:19.725Z] FEE MONITOR ERROR: request timeout (code=TIMEOUT, version=6.16.0)
[2026-05-27T08:53:19.725Z] Periodic check failed: request timeout (code=TIMEOUT, version=6.16.0)
[2026-05-27T08:53:49.735Z] FEE MONITOR ERROR: request timeout (code=TIMEOUT, version=6.16.0)
[2026-05-27T08:53:49.735Z] Periodic check failed: request timeout (code=TIMEOUT, version=6.16.0)
[2026-05-27T08:54:19.745Z] FEE MONITOR ERROR: request timeout (code=TIMEOUT, version=6.16.0)
[2026-05-27T08:54:19.745Z] Periodic check failed: request timeout (code=TIMEOUT, version=6.16.0)
[2026-05-27T08:54:49.755Z] FEE MONITOR ERROR: request timeout (code=TIMEOUT, version=6.16.0)
[2026-05-27T08:54:49.755Z] Periodic check failed: request timeout (code=TIMEOUT, version=6.16.0)
[2026-05-27T08:55:19.765Z] FEE MONITOR ERROR: request timeout (code=TIMEOUT, version=6.16.0)
[2026-05-27T08:55:19.766Z] Periodic check failed: request timeout (code=TIMEOUT, version=6.16.0)
[2026-05-27T08:55:49.775Z] FEE MONITOR ERROR: request timeout (code=TIMEOUT, version=6.16.0)
[2026-05-27T08:55:49.775Z] Periodic check failed: request timeout (code=TIMEOUT, version=6.16.0)
[2026-05-27T08:56:19.785Z] FEE MONITOR ERROR: request timeout (code=TIMEOUT, version=6.16.0)
[2026-05-27T08:56:19.785Z] Periodic check failed: request timeout (code=TIMEOUT, version=6.16.0)
[2026-05-27T08:56:49.795Z] FEE MONITOR ERROR: request timeout (code=TIMEOUT, version=6.16.0)
[2026-05-27T08:56:49.795Z] Periodic check failed: request timeout (code=TIMEOUT, version=6.16.0)
[2026-05-27T08:57:19.805Z] FEE MONITOR ERROR: request timeout (code=TIMEOUT, version=6.16.0)
[2026-05-27T08:57:19.805Z] Periodic check failed: request timeout (code=TIMEOUT, version=6.16.0)
[2026-05-27T08:57:49.815Z] FEE MONITOR ERROR: request timeout (code=TIMEOUT, version=6.16.0)
[2026-05-27T08:57:49.815Z] Periodic check failed: request timeout (code=TIMEOUT, version=6.16.0)
[2026-05-27T08:58:19.825Z] FEE MONITOR ERROR: request timeout (code=TIMEOUT, version=6.16.0)
[2026-05-27T08:58:19.825Z] Periodic check failed: request timeout (code=TIMEOUT, version=6.16.0)
[2026-05-27T08:58:49.835Z] FEE MONITOR ERROR: request timeout (code=TIMEOUT, version=6.16.0)
[2026-05-27T08:58:49.835Z] Periodic check failed: request timeout (code=TIMEOUT, version=6.16.0)
[2026-05-27T08:59:19.845Z] FEE MONITOR ERROR: request timeout (code=TIMEOUT, version=6.16.0)
[2026-05-27T08:59:19.845Z] Periodic check failed: request timeout (code=TIMEOUT, version=6.16.0)
[2026-05-27T08:59:49.855Z] FEE MONITOR ERROR: request timeout (code=TIMEOUT, version=6.16.0)
[2026-05-27T08:59:49.855Z] Periodic check failed: request timeout (code=TIMEOUT, version=6.16.0)
[2026-05-27T09:00:19.865Z] FEE MONITOR ERROR: request timeout (code=TIMEOUT, version=6.16.0)
[2026-05-27T09:00:19.865Z] Periodic check failed: request timeout (code=TIMEOUT, version=6.16.0)
[2026-05-27T09:00:49.875Z] FEE MONITOR ERROR: request timeout (code=TIMEOUT, version=6.16.0)
[2026-05-27T09:00:49.875Z] Periodic check failed: request timeout (code=TIMEOUT, version=6.16.0)
[2026-05-27T09:01:19.885Z] FEE MONITOR ERROR: request timeout (code=TIMEOUT, version=6.16.0)
[2026-05-27T09:01:19.885Z] Periodic check failed: request timeout (code=TIMEOUT, version=6.16.0)
[2026-05-27T09:01:49.895Z] FEE MONITOR ERROR: request timeout (code=TIMEOUT, version=6.16.0)
[2026-05-27T09:01:49.895Z] Periodic check failed: request timeout (code=TIMEOUT, version=6.16.0)
[2026-05-27T09:02:19.905Z] FEE MONITOR ERROR: request timeout (code=TIMEOUT, version=6.16.0)
[2026-05-27T09:02:19.905Z] Periodic check failed: request timeout (code=TIMEOUT, version=6.16.0)
[2026-05-27T09:02:49.915Z] FEE MONITOR ERROR: request timeout (code=TIMEOUT, version=6.16.0)
[2026-05-27T09:02:49.915Z] Periodic check failed: request timeout (code=TIMEOUT, version=6.16.0)
[2026-05-27T09:03:19.925Z] FEE MONITOR ERROR: request timeout (code=TIMEOUT, version=6.16.0)
[2026-05-27T09:03:19.925Z] Periodic check failed: request timeout (code=TIMEOUT, version=6.16.0)
[2026-05-27T09:03:49.935Z] FEE MONITOR ERROR: request timeout (code=TIMEOUT, version=6.16.0)
[2026-05-27T09:03:49.935Z] Periodic check failed: request timeout (code=TIMEOUT, version=6.16.0)
[2026-05-27T09:04:19.945Z] FEE MONITOR ERROR: request timeout (code=TIMEOUT, version=6.16.0)
[2026-05-27T09:04:19.945Z] Periodic check failed: request timeout (code=TIMEOUT, version=6.16.0)
[2026-05-27T09:04:49.955Z] FEE MONITOR ERROR: request timeout (code=TIMEOUT, version=6.16.0)
[2026-05-27T09:04:49.955Z] Periodic check failed: request timeout (code=TIMEOUT, version=6.16.0)
[2026-05-27T09:05:19.965Z] FEE MONITOR ERROR: request timeout (code=TIMEOUT, version=6.16.0)
[2026-05-27T09:05:19.965Z] Periodic check failed: request timeout (code=TIMEOUT, version=6.16.0)
[2026-05-27T09:05:49.975Z] FEE MONITOR ERROR: request timeout (code=TIMEOUT, version=6.16.0)
[2026-05-27T09:05:49.975Z] Periodic check failed: request timeout (code=TIMEOUT, version=6.16.0)
[2026-05-27T09:06:19.985Z] FEE MONITOR ERROR: request timeout (code=TIMEOUT, version=6.16.0)
[2026-05-27T09:06:19.985Z] Periodic check failed: request timeout (code=TIMEOUT, version=6.16.0)
[2026-05-27T09:06:49.995Z] FEE MONITOR ERROR: request timeout (code=TIMEOUT, version=6.16.0)
[2026-05-27T09:06:49.995Z] Periodic check failed: request timeout (code=TIMEOUT, version=6.16.0)
[2026-05-27T09:07:20.005Z] FEE MONITOR ERROR: request timeout (code=TIMEOUT, version=6.16.0)
[2026-05-27T09:07:20.005Z] Periodic check failed: request timeout (code=TIMEOUT, version=6.16.0)
[2026-05-27T09:07:50.015Z] FEE MONITOR ERROR: request timeout (code=TIMEOUT, version=6.16.0)
[2026-05-27T09:07:50.015Z] Periodic check failed: request timeout (code=TIMEOUT, version=6.16.0)
[2026-05-27T09:08:20.025Z] FEE MONITOR ERROR: request timeout (code=TIMEOUT, version=6.16.0)
[2026-05-27T09:08:20.025Z] Periodic check failed: request timeout (code=TIMEOUT, version=6.16.0)
[2026-05-27T09:08:50.035Z] FEE MONITOR ERROR: request timeout (code=TIMEOUT, version=6.16.0)
[2026-05-27T09:08:50.035Z] Periodic check failed: request timeout (code=TIMEOUT, version=6.16.0)
[2026-05-27T09:09:20.045Z] FEE MONITOR ERROR: request timeout (code=TIMEOUT, version=6.16.0)
[2026-05-27T09:09:20.045Z] Periodic check failed: request timeout (code=TIMEOUT, version=6.16.0)
[2026-05-27T09:09:50.055Z] FEE MONITOR ERROR: request timeout (code=TIMEOUT, version=6.16.0)
[2026-05-27T09:09:50.055Z] Periodic check failed: request timeout (code=TIMEOUT, version=6.16.0)
[2026-05-27T09:10:20.065Z] FEE MONITOR ERROR: request timeout (code=TIMEOUT, version=6.16.0)
[2026-05-27T09:10:20.065Z] Periodic check failed: request timeout (code=TIMEOUT, version=6.16.0)
[2026-05-27T09:10:50.075Z] FEE MONITOR ERROR: request timeout (code=TIMEOUT, version=6.16.0)
[2026-05-27T09:10:50.075Z] Periodic check failed: request timeout (code=TIMEOUT, version=6.16.0)
[2026-05-27T09:11:20.084Z] FEE MONITOR ERROR: request timeout (code=TIMEOUT, version=6.16.0)
[2026-05-27T09:11:20.084Z] Periodic check failed: request timeout (code=TIMEOUT, version=6.16.0)
[2026-05-27T09:11:50.094Z] FEE MONITOR ERROR: request timeout (code=TIMEOUT, version=6.16.0)
[2026-05-27T09:11:50.094Z] Periodic check failed: request timeout (code=TIMEOUT, version=6.16.0)
[2026-05-27T09:12:20.104Z] FEE MONITOR ERROR: request timeout (code=TIMEOUT, version=6.16.0)
[2026-05-27T09:12:20.104Z] Periodic check failed: request timeout (code=TIMEOUT, version=6.16.0)
[2026-05-27T09:12:50.114Z] FEE MONITOR ERROR: request timeout (code=TIMEOUT, version=6.16.0)
[2026-05-27T09:12:50.114Z] Periodic check failed: request timeout (code=TIMEOUT, version=6.16.0)
[2026-05-27T09:13:20.124Z] FEE MONITOR ERROR: request timeout (code=TIMEOUT, version=6.16.0)
[2026-05-27T09:13:20.124Z] Periodic check failed: request timeout (code=TIMEOUT, version=6.16.0)
[2026-05-27T09:13:50.134Z] FEE MONITOR ERROR: request timeout (code=TIMEOUT, version=6.16.0)
[2026-05-27T09:13:50.134Z] Periodic check failed: request timeout (code=TIMEOUT, version=6.16.0)
[2026-05-27T09:14:20.144Z] FEE MONITOR ERROR: request timeout (code=TIMEOUT, version=6.16.0)
[2026-05-27T09:14:20.144Z] Periodic check failed: request timeout (code=TIMEOUT, version=6.16.0)
[2026-05-27T09:14:50.154Z] FEE MONITOR ERROR: request timeout (code=TIMEOUT, version=6.16.0)
[2026-05-27T09:14:50.154Z] Periodic check failed: request timeout (code=TIMEOUT, version=6.16.0)
[2026-05-27T09:15:20.164Z] FEE MONITOR ERROR: request timeout (code=TIMEOUT, version=6.16.0)
[2026-05-27T09:15:20.164Z] Periodic check failed: request timeout (code=TIMEOUT, version=6.16.0)
[2026-05-27T09:15:50.174Z] FEE MONITOR ERROR: request timeout (code=TIMEOUT, version=6.16.0)
[2026-05-27T09:15:50.174Z] Periodic check failed: request timeout (code=TIMEOUT, version=6.16.0)
[2026-05-27T09:16:20.184Z] FEE MONITOR ERROR: request timeout (code=TIMEOUT, version=6.16.0)
[2026-05-27T09:16:20.184Z] Periodic check failed: request timeout (code=TIMEOUT, version=6.16.0)
[2026-05-27T09:16:50.194Z] FEE MONITOR ERROR: request timeout (code=TIMEOUT, version=6.16.0)
[2026-05-27T09:16:50.194Z] Periodic check failed: request timeout (code=TIMEOUT, version=6.16.0)
[2026-05-27T09:17:20.204Z] FEE MONITOR ERROR: request timeout (code=TIMEOUT, version=6.16.0)
[2026-05-27T09:17:20.204Z] Periodic check failed: request timeout (code=TIMEOUT, version=6.16.0)
[2026-05-27T09:17:50.214Z] FEE MONITOR ERROR: request timeout (code=TIMEOUT, version=6.16.0)
[2026-05-27T09:17:50.214Z] Periodic check failed: request timeout (code=TIMEOUT, version=6.16.0)
[2026-05-27T09:18:20.224Z] FEE MONITOR ERROR: request timeout (code=TIMEOUT, version=6.16.0)
[2026-05-27T09:18:20.224Z] Periodic check failed: request timeout (code=TIMEOUT, version=6.16.0)
[2026-05-27T09:18:50.234Z] FEE MONITOR ERROR: request timeout (code=TIMEOUT, version=6.16.0)
[2026-05-27T09:18:50.234Z] Periodic check failed: request timeout (code=TIMEOUT, version=6.16.0)
[2026-05-27T09:19:20.244Z] FEE MONITOR ERROR: request timeout (code=TIMEOUT, version=6.16.0)
[2026-05-27T09:19:20.244Z] Periodic check failed: request timeout (code=TIMEOUT, version=6.16.0)
[2026-05-27T09:19:50.254Z] FEE MONITOR ERROR: request timeout (code=TIMEOUT, version=6.16.0)
[2026-05-27T09:19:50.254Z] Periodic check failed: request timeout (code=TIMEOUT, version=6.16.0)
[2026-05-27T09:20:20.264Z] FEE MONITOR ERROR: request timeout (code=TIMEOUT, version=6.16.0)
[2026-05-27T09:20:20.264Z] Periodic check failed: request timeout (code=TIMEOUT, version=6.16.0)
[2026-05-27T09:20:50.274Z] FEE MONITOR ERROR: request timeout (code=TIMEOUT, version=6.16.0)
[2026-05-27T09:20:50.274Z] Periodic check failed: request timeout (code=TIMEOUT, version=6.16.0)
[2026-05-27T09:21:20.284Z] FEE MONITOR ERROR: request timeout (code=TIMEOUT, version=6.16.0)
[2026-05-27T09:21:20.284Z] Periodic check failed: request timeout (code=TIMEOUT, version=6.16.0)
[2026-05-27T09:21:50.294Z] FEE MONITOR ERROR: request timeout (code=TIMEOUT, version=6.16.0)
[2026-05-27T09:21:50.294Z] Periodic check failed: request timeout (code=TIMEOUT, version=6.16.0)
[2026-05-27T09:22:20.304Z] FEE MONITOR ERROR: request timeout (code=TIMEOUT, version=6.16.0)
[2026-05-27T09:22:20.304Z] Periodic check failed: request timeout (code=TIMEOUT, version=6.16.0)
[2026-05-27T09:22:50.314Z] FEE MONITOR ERROR: request timeout (code=TIMEOUT, version=6.16.0)
[2026-05-27T09:22:50.314Z] Periodic check failed: request timeout (code=TIMEOUT, version=6.16.0)
[2026-05-27T09:23:20.324Z] FEE MONITOR ERROR: request timeout (code=TIMEOUT, version=6.16.0)
[2026-05-27T09:23:20.324Z] Periodic check failed: request timeout (code=TIMEOUT, version=6.16.0)
[2026-05-27T09:23:50.334Z] FEE MONITOR ERROR: request timeout (code=TIMEOUT, version=6.16.0)
[2026-05-27T09:23:50.334Z] Periodic check failed: request timeout (code=TIMEOUT, version=6.16.0)
[2026-05-27T09:24:20.344Z] FEE MONITOR ERROR: request timeout (code=TIMEOUT, version=6.16.0)
[2026-05-27T09:24:20.344Z] Periodic check failed: request timeout (code=TIMEOUT, version=6.16.0)
[2026-05-27T09:24:50.354Z] FEE MONITOR ERROR: request timeout (code=TIMEOUT, version=6.16.0)
[2026-05-27T09:24:50.354Z] Periodic check failed: request timeout (code=TIMEOUT, version=6.16.0)
[2026-05-27T09:25:20.364Z] FEE MONITOR ERROR: request timeout (code=TIMEOUT, version=6.16.0)
[2026-05-27T09:25:20.364Z] Periodic check failed: request timeout (code=TIMEOUT, version=6.16.0)
[2026-05-27T09:25:50.374Z] FEE MONITOR ERROR: request timeout (code=TIMEOUT, version=6.16.0)
[2026-05-27T09:25:50.374Z] Periodic check failed: request timeout (code=TIMEOUT, version=6.16.0)
[2026-05-27T09:26:20.384Z] FEE MONITOR ERROR: request timeout (code=TIMEOUT, version=6.16.0)
[2026-05-27T09:26:20.384Z] Periodic check failed: request timeout (code=TIMEOUT, version=6.16.0)
[2026-05-27T09:26:50.395Z] FEE MONITOR ERROR: request timeout (code=TIMEOUT, version=6.16.0)
[2026-05-27T09:26:50.395Z] Periodic check failed: request timeout (code=TIMEOUT, version=6.16.0)
[2026-05-27T09:27:20.404Z] FEE MONITOR ERROR: request timeout (code=TIMEOUT, version=6.16.0)
[2026-05-27T09:27:20.404Z] Periodic check failed: request timeout (code=TIMEOUT, version=6.16.0)
[2026-05-27T09:27:50.414Z] FEE MONITOR ERROR: request timeout (code=TIMEOUT, version=6.16.0)
[2026-05-27T09:27:50.414Z] Periodic check failed: request timeout (code=TIMEOUT, version=6.16.0)
[2026-05-27T09:28:20.424Z] FEE MONITOR ERROR: request timeout (code=TIMEOUT, version=6.16.0)
[2026-05-27T09:28:20.424Z] Periodic check failed: request timeout (code=TIMEOUT, version=6.16.0)
[2026-05-27T09:28:50.434Z] FEE MONITOR ERROR: request timeout (code=TIMEOUT, version=6.16.0)
[2026-05-27T09:28:50.434Z] Periodic check failed: request timeout (code=TIMEOUT, version=6.16.0)
[2026-05-27T09:29:20.444Z] FEE MONITOR ERROR: request timeout (code=TIMEOUT, version=6.16.0)
[2026-05-27T09:29:20.444Z] Periodic check failed: request timeout (code=TIMEOUT, version=6.16.0)
[2026-05-27T09:29:50.454Z] FEE MONITOR ERROR: request timeout (code=TIMEOUT, version=6.16.0)
[2026-05-27T09:29:50.454Z] Periodic check failed: request timeout (code=TIMEOUT, version=6.16.0)
[2026-05-27T09:30:20.464Z] FEE MONITOR ERROR: request timeout (code=TIMEOUT, version=6.16.0)
[2026-05-27T09:30:20.464Z] Periodic check failed: request timeout (code=TIMEOUT, version=6.16.0)
[2026-05-27T09:30:50.474Z] FEE MONITOR ERROR: request timeout (code=TIMEOUT, version=6.16.0)
[2026-05-27T09:30:50.474Z] Periodic check failed: request timeout (code=TIMEOUT, version=6.16.0)
[2026-05-27T09:31:20.484Z] FEE MONITOR ERROR: request timeout (code=TIMEOUT, version=6.16.0)
[2026-05-27T09:31:20.484Z] Periodic check failed: request timeout (code=TIMEOUT, version=6.16.0)
[2026-05-27T09:31:50.494Z] FEE MONITOR ERROR: request timeout (code=TIMEOUT, version=6.16.0)
[2026-05-27T09:31:50.495Z] Periodic check failed: request timeout (code=TIMEOUT, version=6.16.0)
[2026-05-27T09:32:20.504Z] FEE MONITOR ERROR: request timeout (code=TIMEOUT, version=6.16.0)
[2026-05-27T09:32:20.504Z] Periodic check failed: request timeout (code=TIMEOUT, version=6.16.0)
[2026-05-27T09:32:50.514Z] FEE MONITOR ERROR: request timeout (code=TIMEOUT, version=6.16.0)
[2026-05-27T09:32:50.514Z] Periodic check failed: request timeout (code=TIMEOUT, version=6.16.0)
[2026-05-27T09:33:20.524Z] FEE MONITOR ERROR: request timeout (code=TIMEOUT, version=6.16.0)
[2026-05-27T09:33:20.524Z] Periodic check failed: request timeout (code=TIMEOUT, version=6.16.0)
[2026-05-27T09:33:50.534Z] FEE MONITOR ERROR: request timeout (code=TIMEOUT, version=6.16.0)
[2026-05-27T09:33:50.534Z] Periodic check failed: request timeout (code=TIMEOUT, version=6.16.0)
[2026-05-27T09:34:20.544Z] FEE MONITOR ERROR: request timeout (code=TIMEOUT, version=6.16.0)
[2026-05-27T09:34:20.544Z] Periodic check failed: request timeout (code=TIMEOUT, version=6.16.0)
[2026-05-27T09:34:50.554Z] FEE MONITOR ERROR: request timeout (code=TIMEOUT, version=6.16.0)
[2026-05-27T09:34:50.554Z] Periodic check failed: request timeout (code=TIMEOUT, version=6.16.0)
[2026-05-27T09:35:20.564Z] FEE MONITOR ERROR: request timeout (code=TIMEOUT, version=6.16.0)
[2026-05-27T09:35:20.564Z] Periodic check failed: request timeout (code=TIMEOUT, version=6.16.0)
[2026-05-27T09:35:50.574Z] FEE MONITOR ERROR: request timeout (code=TIMEOUT, version=6.16.0)
[2026-05-27T09:35:50.574Z] Periodic check failed: request timeout (code=TIMEOUT, version=6.16.0)
[2026-05-27T09:36:20.584Z] FEE MONITOR ERROR: request timeout (code=TIMEOUT, version=6.16.0)
[2026-05-27T09:36:20.584Z] Periodic check failed: request timeout (code=TIMEOUT, version=6.16.0)
[2026-05-27T09:36:50.594Z] FEE MONITOR ERROR: request timeout (code=TIMEOUT, version=6.16.0)
[2026-05-27T09:36:50.594Z] Periodic check failed: request timeout (code=TIMEOUT, version=6.16.0)
[2026-05-27T09:37:20.604Z] FEE MONITOR ERROR: request timeout (code=TIMEOUT, version=6.16.0)
[2026-05-27T09:37:20.604Z] Periodic check failed: request timeout (code=TIMEOUT, version=6.16.0)
[2026-05-27T09:37:50.614Z] FEE MONITOR ERROR: request timeout (code=TIMEOUT, version=6.16.0)
[2026-05-27T09:37:50.614Z] Periodic check failed: request timeout (code=TIMEOUT, version=6.16.0)
[2026-05-27T09:38:20.624Z] FEE MONITOR ERROR: request timeout (code=TIMEOUT, version=6.16.0)
[2026-05-27T09:38:20.624Z] Periodic check failed: request timeout (code=TIMEOUT, version=6.16.0)
[2026-05-27T09:38:50.634Z] FEE MONITOR ERROR: request timeout (code=TIMEOUT, version=6.16.0)
[2026-05-27T09:38:50.634Z] Periodic check failed: request timeout (code=TIMEOUT, version=6.16.0)
[2026-05-27T09:39:20.644Z] FEE MONITOR ERROR: request timeout (code=TIMEOUT, version=6.16.0)
[2026-05-27T09:39:20.644Z] Periodic check failed: request timeout (code=TIMEOUT, version=6.16.0)
[2026-05-27T09:39:50.654Z] FEE MONITOR ERROR: request timeout (code=TIMEOUT, version=6.16.0)
[2026-05-27T09:39:50.654Z] Periodic check failed: request timeout (code=TIMEOUT, version=6.16.0)
[2026-05-27T09:40:20.664Z] FEE MONITOR ERROR: request timeout (code=TIMEOUT, version=6.16.0)
[2026-05-27T09:40:20.664Z] Periodic check failed: request timeout (code=TIMEOUT, version=6.16.0)
[2026-05-27T09:40:50.674Z] FEE MONITOR ERROR: request timeout (code=TIMEOUT, version=6.16.0)
[2026-05-27T09:40:50.674Z] Periodic check failed: request timeout (code=TIMEOUT, version=6.16.0)
[2026-05-27T09:41:20.684Z] FEE MONITOR ERROR: request timeout (code=TIMEOUT, version=6.16.0)
[2026-05-27T09:41:20.684Z] Periodic check failed: request timeout (code=TIMEOUT, version=6.16.0)
[2026-05-27T09:41:50.694Z] FEE MONITOR ERROR: request timeout (code=TIMEOUT, version=6.16.0)
[2026-05-27T09:41:50.694Z] Periodic check failed: request timeout (code=TIMEOUT, version=6.16.0)
[2026-05-27T09:42:20.704Z] FEE MONITOR ERROR: request timeout (code=TIMEOUT, version=6.16.0)
[2026-05-27T09:42:20.704Z] Periodic check failed: request timeout (code=TIMEOUT, version=6.16.0)
[2026-05-27T09:42:50.715Z] FEE MONITOR ERROR: request timeout (code=TIMEOUT, version=6.16.0)
[2026-05-27T09:42:50.715Z] Periodic check failed: request timeout (code=TIMEOUT, version=6.16.0)
[2026-05-27T09:43:20.724Z] FEE MONITOR ERROR: request timeout (code=TIMEOUT, version=6.16.0)
[2026-05-27T09:43:20.724Z] Periodic check failed: request timeout (code=TIMEOUT, version=6.16.0)
[2026-05-27T09:43:50.734Z] FEE MONITOR ERROR: request timeout (code=TIMEOUT, version=6.16.0)
[2026-05-27T09:43:50.734Z] Periodic check failed: request timeout (code=TIMEOUT, version=6.16.0)
[2026-05-27T09:44:20.744Z] FEE MONITOR ERROR: request timeout (code=TIMEOUT, version=6.16.0)
[2026-05-27T09:44:20.744Z] Periodic check failed: request timeout (code=TIMEOUT, version=6.16.0)
[2026-05-27T09:44:50.754Z] FEE MONITOR ERROR: request timeout (code=TIMEOUT, version=6.16.0)
[2026-05-27T09:44:50.754Z] Periodic check failed: request timeout (code=TIMEOUT, version=6.16.0)
[2026-05-27T09:45:20.764Z] FEE MONITOR ERROR: request timeout (code=TIMEOUT, version=6.16.0)
[2026-05-27T09:45:20.764Z] Periodic check failed: request timeout (code=TIMEOUT, version=6.16.0)
[2026-05-27T09:45:50.774Z] FEE MONITOR ERROR: request timeout (code=TIMEOUT, version=6.16.0)
[2026-05-27T09:45:50.774Z] Periodic check failed: request timeout (code=TIMEOUT, version=6.16.0)
[2026-05-27T09:46:20.784Z] FEE MONITOR ERROR: request timeout (code=TIMEOUT, version=6.16.0)
[2026-05-27T09:46:20.784Z] Periodic check failed: request timeout (code=TIMEOUT, version=6.16.0)
[2026-05-27T09:46:50.795Z] FEE MONITOR ERROR: request timeout (code=TIMEOUT, version=6.16.0)
[2026-05-27T09:46:50.795Z] Periodic check failed: request timeout (code=TIMEOUT, version=6.16.0)
[2026-05-27T09:47:20.804Z] FEE MONITOR ERROR: request timeout (code=TIMEOUT, version=6.16.0)
[2026-05-27T09:47:20.805Z] Periodic check failed: request timeout (code=TIMEOUT, version=6.16.0)
[2026-05-27T09:47:50.814Z] FEE MONITOR ERROR: request timeout (code=TIMEOUT, version=6.16.0)
[2026-05-27T09:47:50.814Z] Periodic check failed: request timeout (code=TIMEOUT, version=6.16.0)
[2026-05-27T09:48:20.824Z] FEE MONITOR ERROR: request timeout (code=TIMEOUT, version=6.16.0)
[2026-05-27T09:48:20.824Z] Periodic check failed: request timeout (code=TIMEOUT, version=6.16.0)
[2026-05-27T09:48:50.834Z] FEE MONITOR ERROR: request timeout (code=TIMEOUT, version=6.16.0)
[2026-05-27T09:48:50.834Z] Periodic check failed: request timeout (code=TIMEOUT, version=6.16.0)
[2026-05-27T09:49:20.844Z] FEE MONITOR ERROR: request timeout (code=TIMEOUT, version=6.16.0)
[2026-05-27T09:49:20.844Z] Periodic check failed: request timeout (code=TIMEOUT, version=6.16.0)
[2026-05-27T09:49:50.854Z] FEE MONITOR ERROR: request timeout (code=TIMEOUT, version=6.16.0)
[2026-05-27T09:49:50.854Z] Periodic check failed: request timeout (code=TIMEOUT, version=6.16.0)
[2026-05-27T09:50:20.864Z] FEE MONITOR ERROR: request timeout (code=TIMEOUT, version=6.16.0)
[2026-05-27T09:50:20.864Z] Periodic check failed: request timeout (code=TIMEOUT, version=6.16.0)
[2026-05-27T09:50:50.874Z] FEE MONITOR ERROR: request timeout (code=TIMEOUT, version=6.16.0)
[2026-05-27T09:50:50.874Z] Periodic check failed: request timeout (code=TIMEOUT, version=6.16.0)
[2026-05-27T09:51:20.884Z] FEE MONITOR ERROR: request timeout (code=TIMEOUT, version=6.16.0)
[2026-05-27T09:51:20.884Z] Periodic check failed: request timeout (code=TIMEOUT, version=6.16.0)
[2026-05-27T09:51:50.894Z] FEE MONITOR ERROR: request timeout (code=TIMEOUT, version=6.16.0)
[2026-05-27T09:51:50.894Z] Periodic check failed: request timeout (code=TIMEOUT, version=6.16.0)
[2026-05-27T09:52:20.904Z] FEE MONITOR ERROR: request timeout (code=TIMEOUT, version=6.16.0)
[2026-05-27T09:52:20.904Z] Periodic check failed: request timeout (code=TIMEOUT, version=6.16.0)
[2026-05-27T09:52:50.914Z] FEE MONITOR ERROR: request timeout (code=TIMEOUT, version=6.16.0)
[2026-05-27T09:52:50.914Z] Periodic check failed: request timeout (code=TIMEOUT, version=6.16.0)
[2026-05-27T09:53:20.924Z] FEE MONITOR ERROR: request timeout (code=TIMEOUT, version=6.16.0)
[2026-05-27T09:53:20.924Z] Periodic check failed: request timeout (code=TIMEOUT, version=6.16.0)
[2026-05-27T09:53:50.934Z] FEE MONITOR ERROR: request timeout (code=TIMEOUT, version=6.16.0)
[2026-05-27T09:53:50.934Z] Periodic check failed: request timeout (code=TIMEOUT, version=6.16.0)
[2026-05-27T09:54:20.944Z] FEE MONITOR ERROR: request timeout (code=TIMEOUT, version=6.16.0)
[2026-05-27T09:54:20.944Z] Periodic check failed: request timeout (code=TIMEOUT, version=6.16.0)
[2026-05-27T09:54:50.954Z] FEE MONITOR ERROR: request timeout (code=TIMEOUT, version=6.16.0)
[2026-05-27T09:54:50.954Z] Periodic check failed: request timeout (code=TIMEOUT, version=6.16.0)
[2026-05-27T09:55:20.964Z] FEE MONITOR ERROR: request timeout (code=TIMEOUT, version=6.16.0)
[2026-05-27T09:55:20.964Z] Periodic check failed: request timeout (code=TIMEOUT, version=6.16.0)
[2026-05-27T09:55:50.974Z] FEE MONITOR ERROR: request timeout (code=TIMEOUT, version=6.16.0)
[2026-05-27T09:55:50.974Z] Periodic check failed: request timeout (code=TIMEOUT, version=6.16.0)
[2026-05-27T09:56:20.984Z] FEE MONITOR ERROR: request timeout (code=TIMEOUT, version=6.16.0)
[2026-05-27T09:56:20.984Z] Periodic check failed: request timeout (code=TIMEOUT, version=6.16.0)
[2026-05-27T09:56:50.994Z] FEE MONITOR ERROR: request timeout (code=TIMEOUT, version=6.16.0)
[2026-05-27T09:56:50.994Z] Periodic check failed: request timeout (code=TIMEOUT, version=6.16.0)
[2026-05-27T09:57:21.004Z] FEE MONITOR ERROR: request timeout (code=TIMEOUT, version=6.16.0)
[2026-05-27T09:57:21.004Z] Periodic check failed: request timeout (code=TIMEOUT, version=6.16.0)
[2026-05-27T09:57:51.014Z] FEE MONITOR ERROR: request timeout (code=TIMEOUT, version=6.16.0)
[2026-05-27T09:57:51.014Z] Periodic check failed: request timeout (code=TIMEOUT, version=6.16.0)
[2026-05-27T09:58:21.024Z] FEE MONITOR ERROR: request timeout (code=TIMEOUT, version=6.16.0)
[2026-05-27T09:58:21.024Z] Periodic check failed: request timeout (code=TIMEOUT, version=6.16.0)
[2026-05-27T09:58:51.034Z] FEE MONITOR ERROR: request timeout (code=TIMEOUT, version=6.16.0)
[2026-05-27T09:58:51.035Z] Periodic check failed: request timeout (code=TIMEOUT, version=6.16.0)
[2026-05-27T09:59:21.044Z] FEE MONITOR ERROR: request timeout (code=TIMEOUT, version=6.16.0)
[2026-05-27T09:59:21.044Z] Periodic check failed: request timeout (code=TIMEOUT, version=6.16.0)
[2026-05-27T09:59:51.054Z] FEE MONITOR ERROR: request timeout (code=TIMEOUT, version=6.16.0)
[2026-05-27T09:59:51.054Z] Periodic check failed: request timeout (code=TIMEOUT, version=6.16.0)
[2026-05-27T10:00:21.064Z] FEE MONITOR ERROR: request timeout (code=TIMEOUT, version=6.16.0)
[2026-05-27T10:00:21.064Z] Periodic check failed: request timeout (code=TIMEOUT, version=6.16.0)
[2026-05-27T10:00:51.074Z] FEE MONITOR ERROR: request timeout (code=TIMEOUT, version=6.16.0)
[2026-05-27T10:00:51.074Z] Periodic check failed: request timeout (code=TIMEOUT, version=6.16.0)
[2026-05-27T10:01:21.084Z] FEE MONITOR ERROR: request timeout (code=TIMEOUT, version=6.16.0)
[2026-05-27T10:01:21.084Z] Periodic check failed: request timeout (code=TIMEOUT, version=6.16.0)
[2026-05-27T10:01:51.095Z] FEE MONITOR ERROR: request timeout (code=TIMEOUT, version=6.16.0)
[2026-05-27T10:01:51.095Z] Periodic check failed: request timeout (code=TIMEOUT, version=6.16.0)
[2026-05-27T10:02:21.104Z] FEE MONITOR ERROR: request timeout (code=TIMEOUT, version=6.16.0)
[2026-05-27T10:02:21.104Z] Periodic check failed: request timeout (code=TIMEOUT, version=6.16.0)
[2026-05-27T10:02:51.114Z] FEE MONITOR ERROR: request timeout (code=TIMEOUT, version=6.16.0)
[2026-05-27T10:02:51.114Z] Periodic check failed: request timeout (code=TIMEOUT, version=6.16.0)
[2026-05-27T10:03:21.124Z] FEE MONITOR ERROR: request timeout (code=TIMEOUT, version=6.16.0)
[2026-05-27T10:03:21.124Z] Periodic check failed: request timeout (code=TIMEOUT, version=6.16.0)
[2026-05-27T10:03:51.134Z] FEE MONITOR ERROR: request timeout (code=TIMEOUT, version=6.16.0)
[2026-05-27T10:03:51.134Z] Periodic check failed: request timeout (code=TIMEOUT, version=6.16.0)
[2026-05-27T10:04:21.144Z] FEE MONITOR ERROR: request timeout (code=TIMEOUT, version=6.16.0)
[2026-05-27T10:04:21.144Z] Periodic check failed: request timeout (code=TIMEOUT, version=6.16.0)
[2026-05-27T10:04:51.154Z] FEE MONITOR ERROR: request timeout (code=TIMEOUT, version=6.16.0)
[2026-05-27T10:04:51.154Z] Periodic check failed: request timeout (code=TIMEOUT, version=6.16.0)
[2026-05-27T10:05:21.164Z] FEE MONITOR ERROR: request timeout (code=TIMEOUT, version=6.16.0)
[2026-05-27T10:05:21.164Z] Periodic check failed: request timeout (code=TIMEOUT, version=6.16.0)
[2026-05-27T10:05:51.174Z] FEE MONITOR ERROR: request timeout (code=TIMEOUT, version=6.16.0)
[2026-05-27T10:05:51.174Z] Periodic check failed: request timeout (code=TIMEOUT, version=6.16.0)
[2026-05-27T10:06:21.184Z] FEE MONITOR ERROR: request timeout (code=TIMEOUT, version=6.16.0)
[2026-05-27T10:06:21.184Z] Periodic check failed: request timeout (code=TIMEOUT, version=6.16.0)
[2026-05-27T10:06:51.194Z] FEE MONITOR ERROR: request timeout (code=TIMEOUT, version=6.16.0)
[2026-05-27T10:06:51.194Z] Periodic check failed: request timeout (code=TIMEOUT, version=6.16.0)
[2026-05-27T10:07:21.204Z] FEE MONITOR ERROR: request timeout (code=TIMEOUT, version=6.16.0)
[2026-05-27T10:07:21.204Z] Periodic check failed: request timeout (code=TIMEOUT, version=6.16.0)
[2026-05-27T10:07:51.214Z] FEE MONITOR ERROR: request timeout (code=TIMEOUT, version=6.16.0)
[2026-05-27T10:07:51.214Z] Periodic check failed: request timeout (code=TIMEOUT, version=6.16.0)
[2026-05-27T10:08:21.224Z] FEE MONITOR ERROR: request timeout (code=TIMEOUT, version=6.16.0)
[2026-05-27T10:08:21.224Z] Periodic check failed: request timeout (code=TIMEOUT, version=6.16.0)
[2026-05-27T10:08:51.234Z] FEE MONITOR ERROR: request timeout (code=TIMEOUT, version=6.16.0)
[2026-05-27T10:08:51.234Z] Periodic check failed: request timeout (code=TIMEOUT, version=6.16.0)
[2026-05-27T10:09:21.244Z] FEE MONITOR ERROR: request timeout (code=TIMEOUT, version=6.16.0)
[2026-05-27T10:09:21.244Z] Periodic check failed: request timeout (code=TIMEOUT, version=6.16.0)
[2026-05-27T10:09:51.254Z] FEE MONITOR ERROR: request timeout (code=TIMEOUT, version=6.16.0)
[2026-05-27T10:09:51.254Z] Periodic check failed: request timeout (code=TIMEOUT, version=6.16.0)
[2026-05-27T10:10:21.264Z] FEE MONITOR ERROR: request timeout (code=TIMEOUT, version=6.16.0)
[2026-05-27T10:10:21.264Z] Periodic check failed: request timeout (code=TIMEOUT, version=6.16.0)
[2026-05-27T10:10:51.274Z] FEE MONITOR ERROR: request timeout (code=TIMEOUT, version=6.16.0)
[2026-05-27T10:10:51.275Z] Periodic check failed: request timeout (code=TIMEOUT, version=6.16.0)
[2026-05-27T10:11:21.284Z] FEE MONITOR ERROR: request timeout (code=TIMEOUT, version=6.16.0)
[2026-05-27T10:11:21.284Z] Periodic check failed: request timeout (code=TIMEOUT, version=6.16.0)
[2026-05-27T10:11:51.294Z] FEE MONITOR ERROR: request timeout (code=TIMEOUT, version=6.16.0)
[2026-05-27T10:11:51.294Z] Periodic check failed: request timeout (code=TIMEOUT, version=6.16.0)
[2026-05-27T10:12:21.304Z] FEE MONITOR ERROR: request timeout (code=TIMEOUT, version=6.16.0)
[2026-05-27T10:12:21.304Z] Periodic check failed: request timeout (code=TIMEOUT, version=6.16.0)
[2026-05-27T10:12:51.314Z] FEE MONITOR ERROR: request timeout (code=TIMEOUT, version=6.16.0)
[2026-05-27T10:12:51.315Z] Periodic check failed: request timeout (code=TIMEOUT, version=6.16.0)
[2026-05-27T10:13:21.324Z] FEE MONITOR ERROR: request timeout (code=TIMEOUT, version=6.16.0)
[2026-05-27T10:13:21.324Z] Periodic check failed: request timeout (code=TIMEOUT, version=6.16.0)
[2026-05-27T10:13:51.334Z] FEE MONITOR ERROR: request timeout (code=TIMEOUT, version=6.16.0)
[2026-05-27T10:13:51.334Z] Periodic check failed: request timeout (code=TIMEOUT, version=6.16.0)
[2026-05-27T10:14:21.344Z] FEE MONITOR ERROR: request timeout (code=TIMEOUT, version=6.16.0)
[2026-05-27T10:14:21.344Z] Periodic check failed: request timeout (code=TIMEOUT, version=6.16.0)
[2026-05-27T10:14:51.354Z] FEE MONITOR ERROR: request timeout (code=TIMEOUT, version=6.16.0)
[2026-05-27T10:14:51.354Z] Periodic check failed: request timeout (code=TIMEOUT, version=6.16.0)
[2026-05-27T10:15:21.364Z] FEE MONITOR ERROR: request timeout (code=TIMEOUT, version=6.16.0)
[2026-05-27T10:15:21.364Z] Periodic check failed: request timeout (code=TIMEOUT, version=6.16.0)
[2026-05-27T10:15:51.375Z] FEE MONITOR ERROR: request timeout (code=TIMEOUT, version=6.16.0)
[2026-05-27T10:15:51.375Z] Periodic check failed: request timeout (code=TIMEOUT, version=6.16.0)
[2026-05-27T10:16:21.384Z] FEE MONITOR ERROR: request timeout (code=TIMEOUT, version=6.16.0)
[2026-05-27T10:16:21.384Z] Periodic check failed: request timeout (code=TIMEOUT, version=6.16.0)
[2026-05-27T10:16:51.394Z] FEE MONITOR ERROR: request timeout (code=TIMEOUT, version=6.16.0)
[2026-05-27T10:16:51.394Z] Periodic check failed: request timeout (code=TIMEOUT, version=6.16.0)
[2026-05-27T10:17:21.404Z] FEE MONITOR ERROR: request timeout (code=TIMEOUT, version=6.16.0)
[2026-05-27T10:17:21.404Z] Periodic check failed: request timeout (code=TIMEOUT, version=6.16.0)
[2026-05-27T10:17:51.414Z] FEE MONITOR ERROR: request timeout (code=TIMEOUT, version=6.16.0)
[2026-05-27T10:17:51.414Z] Periodic check failed: request timeout (code=TIMEOUT, version=6.16.0)
[2026-05-27T10:18:21.424Z] FEE MONITOR ERROR: request timeout (code=TIMEOUT, version=6.16.0)
[2026-05-27T10:18:21.424Z] Periodic check failed: request timeout (code=TIMEOUT, version=6.16.0)
[2026-05-27T10:18:51.434Z] FEE MONITOR ERROR: request timeout (code=TIMEOUT, version=6.16.0)
[2026-05-27T10:18:51.434Z] Periodic check failed: request timeout (code=TIMEOUT, version=6.16.0)
[2026-05-27T10:19:21.444Z] FEE MONITOR ERROR: request timeout (code=TIMEOUT, version=6.16.0)
[2026-05-27T10:19:21.444Z] Periodic check failed: request timeout (code=TIMEOUT, version=6.16.0)
[2026-05-27T10:19:51.454Z] FEE MONITOR ERROR: request timeout (code=TIMEOUT, version=6.16.0)
[2026-05-27T10:19:51.454Z] Periodic check failed: request timeout (code=TIMEOUT, version=6.16.0)
[2026-05-27T10:20:21.464Z] FEE MONITOR ERROR: request timeout (code=TIMEOUT, version=6.16.0)
[2026-05-27T10:20:21.464Z] Periodic check failed: request timeout (code=TIMEOUT, version=6.16.0)
[2026-05-27T10:20:51.474Z] FEE MONITOR ERROR: request timeout (code=TIMEOUT, version=6.16.0)
[2026-05-27T10:20:51.474Z] Periodic check failed: request timeout (code=TIMEOUT, version=6.16.0)
[2026-05-27T10:21:21.484Z] FEE MONITOR ERROR: request timeout (code=TIMEOUT, version=6.16.0)
[2026-05-27T10:21:21.484Z] Periodic check failed: request timeout (code=TIMEOUT, version=6.16.0)
[2026-05-27T10:21:51.493Z] FEE MONITOR ERROR: request timeout (code=TIMEOUT, version=6.16.0)
[2026-05-27T10:21:51.493Z] Periodic check failed: request timeout (code=TIMEOUT, version=6.16.0)
[2026-05-27T10:22:21.503Z] FEE MONITOR ERROR: request timeout (code=TIMEOUT, version=6.16.0)
[2026-05-27T10:22:21.503Z] Periodic check failed: request timeout (code=TIMEOUT, version=6.16.0)
[2026-05-27T10:22:51.513Z] FEE MONITOR ERROR: request timeout (code=TIMEOUT, version=6.16.0)
[2026-05-27T10:22:51.513Z] Periodic check failed: request timeout (code=TIMEOUT, version=6.16.0)
[2026-05-27T10:23:21.523Z] FEE MONITOR ERROR: request timeout (code=TIMEOUT, version=6.16.0)
[2026-05-27T10:23:21.523Z] Periodic check failed: request timeout (code=TIMEOUT, version=6.16.0)
[2026-05-27T10:23:51.533Z] FEE MONITOR ERROR: request timeout (code=TIMEOUT, version=6.16.0)
[2026-05-27T10:23:51.533Z] Periodic check failed: request timeout (code=TIMEOUT, version=6.16.0)
[2026-05-27T10:24:21.543Z] FEE MONITOR ERROR: request timeout (code=TIMEOUT, version=6.16.0)
[2026-05-27T10:24:21.543Z] Periodic check failed: request timeout (code=TIMEOUT, version=6.16.0)
[2026-05-27T10:24:51.553Z] FEE MONITOR ERROR: request timeout (code=TIMEOUT, version=6.16.0)
[2026-05-27T10:24:51.553Z] Periodic check failed: request timeout (code=TIMEOUT, version=6.16.0)
[2026-05-27T10:25:21.562Z] FEE MONITOR ERROR: request timeout (code=TIMEOUT, version=6.16.0)
[2026-05-27T10:25:21.562Z] Periodic check failed: request timeout (code=TIMEOUT, version=6.16.0)
[2026-05-27T10:25:51.572Z] FEE MONITOR ERROR: request timeout (code=TIMEOUT, version=6.16.0)
[2026-05-27T10:25:51.572Z] Periodic check failed: request timeout (code=TIMEOUT, version=6.16.0)
[2026-05-27T10:26:21.582Z] FEE MONITOR ERROR: request timeout (code=TIMEOUT, version=6.16.0)
[2026-05-27T10:26:21.582Z] Periodic check failed: request timeout (code=TIMEOUT, version=6.16.0)
[2026-05-27T10:26:51.592Z] FEE MONITOR ERROR: request timeout (code=TIMEOUT, version=6.16.0)
[2026-05-27T10:26:51.592Z] Periodic check failed: request timeout (code=TIMEOUT, version=6.16.0)
[2026-05-27T10:27:21.602Z] FEE MONITOR ERROR: request timeout (code=TIMEOUT, version=6.16.0)
[2026-05-27T10:27:21.602Z] Periodic check failed: request timeout (code=TIMEOUT, version=6.16.0)
[2026-05-27T10:27:51.612Z] FEE MONITOR ERROR: request timeout (code=TIMEOUT, version=6.16.0)
[2026-05-27T10:27:51.612Z] Periodic check failed: request timeout (code=TIMEOUT, version=6.16.0)
[2026-05-27T10:28:21.623Z] FEE MONITOR ERROR: request timeout (code=TIMEOUT, version=6.16.0)
[2026-05-27T10:28:21.624Z] Periodic check failed: request timeout (code=TIMEOUT, version=6.16.0)
[2026-05-27T10:28:51.632Z] FEE MONITOR ERROR: request timeout (code=TIMEOUT, version=6.16.0)
[2026-05-27T10:28:51.632Z] Periodic check failed: request timeout (code=TIMEOUT, version=6.16.0)
[2026-05-27T10:29:21.642Z] FEE MONITOR ERROR: request timeout (code=TIMEOUT, version=6.16.0)
[2026-05-27T10:29:21.642Z] Periodic check failed: request timeout (code=TIMEOUT, version=6.16.0)
[2026-05-27T10:29:51.652Z] FEE MONITOR ERROR: request timeout (code=TIMEOUT, version=6.16.0)
[2026-05-27T10:29:51.652Z] Periodic check failed: request timeout (code=TIMEOUT, version=6.16.0)
[2026-05-27T10:30:21.662Z] FEE MONITOR ERROR: request timeout (code=TIMEOUT, version=6.16.0)
[2026-05-27T10:30:21.662Z] Periodic check failed: request timeout (code=TIMEOUT, version=6.16.0)
[2026-05-27T10:30:51.672Z] FEE MONITOR ERROR: request timeout (code=TIMEOUT, version=6.16.0)
[2026-05-27T10:30:51.672Z] Periodic check failed: request timeout (code=TIMEOUT, version=6.16.0)
[2026-05-27T10:31:21.682Z] FEE MONITOR ERROR: request timeout (code=TIMEOUT, version=6.16.0)
[2026-05-27T10:31:21.682Z] Periodic check failed: request timeout (code=TIMEOUT, version=6.16.0)
[2026-05-27T10:31:51.692Z] FEE MONITOR ERROR: request timeout (code=TIMEOUT, version=6.16.0)
[2026-05-27T10:31:51.692Z] Periodic check failed: request timeout (code=TIMEOUT, version=6.16.0)
[2026-05-27T10:32:21.702Z] FEE MONITOR ERROR: request timeout (code=TIMEOUT, version=6.16.0)
[2026-05-27T10:32:21.702Z] Periodic check failed: request timeout (code=TIMEOUT, version=6.16.0)
[2026-05-27T10:32:51.712Z] FEE MONITOR ERROR: request timeout (code=TIMEOUT, version=6.16.0)
[2026-05-27T10:32:51.712Z] Periodic check failed: request timeout (code=TIMEOUT, version=6.16.0)
[2026-05-27T10:33:21.722Z] FEE MONITOR ERROR: request timeout (code=TIMEOUT, version=6.16.0)
[2026-05-27T10:33:21.722Z] Periodic check failed: request timeout (code=TIMEOUT, version=6.16.0)
[2026-05-27T10:33:51.732Z] FEE MONITOR ERROR: request timeout (code=TIMEOUT, version=6.16.0)
[2026-05-27T10:33:51.732Z] Periodic check failed: request timeout (code=TIMEOUT, version=6.16.0)
[2026-05-27T10:34:21.742Z] FEE MONITOR ERROR: request timeout (code=TIMEOUT, version=6.16.0)
[2026-05-27T10:34:21.742Z] Periodic check failed: request timeout (code=TIMEOUT, version=6.16.0)
[2026-05-27T10:34:51.752Z] FEE MONITOR ERROR: request timeout (code=TIMEOUT, version=6.16.0)
[2026-05-27T10:34:51.752Z] Periodic check failed: request timeout (code=TIMEOUT, version=6.16.0)
[2026-05-27T10:35:21.762Z] FEE MONITOR ERROR: request timeout (code=TIMEOUT, version=6.16.0)
[2026-05-27T10:35:21.762Z] Periodic check failed: request timeout (code=TIMEOUT, version=6.16.0)
[2026-05-27T10:35:51.773Z] FEE MONITOR ERROR: request timeout (code=TIMEOUT, version=6.16.0)
[2026-05-27T10:35:51.773Z] Periodic check failed: request timeout (code=TIMEOUT, version=6.16.0)
[2026-05-27T10:36:21.782Z] FEE MONITOR ERROR: request timeout (code=TIMEOUT, version=6.16.0)
[2026-05-27T10:36:21.782Z] Periodic check failed: request timeout (code=TIMEOUT, version=6.16.0)
[2026-05-27T10:36:51.792Z] FEE MONITOR ERROR: request timeout (code=TIMEOUT, version=6.16.0)
[2026-05-27T10:36:51.792Z] Periodic check failed: request timeout (code=TIMEOUT, version=6.16.0)
[2026-05-27T10:37:21.802Z] FEE MONITOR ERROR: request timeout (code=TIMEOUT, version=6.16.0)
[2026-05-27T10:37:21.802Z] Periodic check failed: request timeout (code=TIMEOUT, version=6.16.0)
[2026-05-27T10:37:51.812Z] FEE MONITOR ERROR: request timeout (code=TIMEOUT, version=6.16.0)
[2026-05-27T10:37:51.812Z] Periodic check failed: request timeout (code=TIMEOUT, version=6.16.0)
[2026-05-27T10:38:21.822Z] FEE MONITOR ERROR: request timeout (code=TIMEOUT, version=6.16.0)
[2026-05-27T10:38:21.822Z] Periodic check failed: request timeout (code=TIMEOUT, version=6.16.0)
[2026-05-27T10:38:51.832Z] FEE MONITOR ERROR: request timeout (code=TIMEOUT, version=6.16.0)
[2026-05-27T10:38:51.832Z] Periodic check failed: request timeout (code=TIMEOUT, version=6.16.0)
[2026-05-27T10:39:21.842Z] FEE MONITOR ERROR: request timeout (code=TIMEOUT, version=6.16.0)
[2026-05-27T10:39:21.842Z] Periodic check failed: request timeout (code=TIMEOUT, version=6.16.0)
[2026-05-27T10:39:51.852Z] FEE MONITOR ERROR: request timeout (code=TIMEOUT, version=6.16.0)
[2026-05-27T10:39:51.852Z] Periodic check failed: request timeout (code=TIMEOUT, version=6.16.0)
[2026-05-27T10:40:21.862Z] FEE MONITOR ERROR: request timeout (code=TIMEOUT, version=6.16.0)
[2026-05-27T10:40:21.862Z] Periodic check failed: request timeout (code=TIMEOUT, version=6.16.0)
[2026-05-27T10:40:51.872Z] FEE MONITOR ERROR: request timeout (code=TIMEOUT, version=6.16.0)
[2026-05-27T10:40:51.872Z] Periodic check failed: request timeout (code=TIMEOUT, version=6.16.0)
[2026-05-27T10:41:21.882Z] FEE MONITOR ERROR: request timeout (code=TIMEOUT, version=6.16.0)
[2026-05-27T10:41:21.882Z] Periodic check failed: request timeout (code=TIMEOUT, version=6.16.0)
[2026-05-27T10:41:51.892Z] FEE MONITOR ERROR: request timeout (code=TIMEOUT, version=6.16.0)
[2026-05-27T10:41:51.892Z] Periodic check failed: request timeout (code=TIMEOUT, version=6.16.0)
[2026-05-27T10:42:21.902Z] FEE MONITOR ERROR: request timeout (code=TIMEOUT, version=6.16.0)
[2026-05-27T10:42:21.902Z] Periodic check failed: request timeout (code=TIMEOUT, version=6.16.0)
[2026-05-27T10:42:51.912Z] FEE MONITOR ERROR: request timeout (code=TIMEOUT, version=6.16.0)
[2026-05-27T10:42:51.912Z] Periodic check failed: request timeout (code=TIMEOUT, version=6.16.0)
[2026-05-27T10:43:21.922Z] FEE MONITOR ERROR: request timeout (code=TIMEOUT, version=6.16.0)
[2026-05-27T10:43:21.922Z] Periodic check failed: request timeout (code=TIMEOUT, version=6.16.0)
[2026-05-27T10:43:51.932Z] FEE MONITOR ERROR: request timeout (code=TIMEOUT, version=6.16.0)
[2026-05-27T10:43:51.932Z] Periodic check failed: request timeout (code=TIMEOUT, version=6.16.0)
[2026-05-27T10:44:21.942Z] FEE MONITOR ERROR: request timeout (code=TIMEOUT, version=6.16.0)
[2026-05-27T10:44:21.942Z] Periodic check failed: request timeout (code=TIMEOUT, version=6.16.0)
[2026-05-27T10:44:51.952Z] FEE MONITOR ERROR: request timeout (code=TIMEOUT, version=6.16.0)
[2026-05-27T10:44:51.952Z] Periodic check failed: request timeout (code=TIMEOUT, version=6.16.0)
[2026-05-27T10:45:21.962Z] FEE MONITOR ERROR: request timeout (code=TIMEOUT, version=6.16.0)
[2026-05-27T10:45:21.962Z] Periodic check failed: request timeout (code=TIMEOUT, version=6.16.0)
[2026-05-27T10:45:51.972Z] FEE MONITOR ERROR: request timeout (code=TIMEOUT, version=6.16.0)
[2026-05-27T10:45:51.972Z] Periodic check failed: request timeout (code=TIMEOUT, version=6.16.0)
[2026-05-27T10:46:21.982Z] FEE MONITOR ERROR: request timeout (code=TIMEOUT, version=6.16.0)
[2026-05-27T10:46:21.982Z] Periodic check failed: request timeout (code=TIMEOUT, version=6.16.0)
[2026-05-27T10:46:51.993Z] FEE MONITOR ERROR: request timeout (code=TIMEOUT, version=6.16.0)
[2026-05-27T10:46:51.993Z] Periodic check failed: request timeout (code=TIMEOUT, version=6.16.0)
[2026-05-27T10:47:22.002Z] FEE MONITOR ERROR: request timeout (code=TIMEOUT, version=6.16.0)
[2026-05-27T10:47:22.002Z] Periodic check failed: request timeout (code=TIMEOUT, version=6.16.0)
[2026-05-27T10:47:52.012Z] FEE MONITOR ERROR: request timeout (code=TIMEOUT, version=6.16.0)
[2026-05-27T10:47:52.012Z] Periodic check failed: request timeout (code=TIMEOUT, version=6.16.0)
[2026-05-27T10:48:22.022Z] FEE MONITOR ERROR: request timeout (code=TIMEOUT, version=6.16.0)
[2026-05-27T10:48:22.022Z] Periodic check failed: request timeout (code=TIMEOUT, version=6.16.0)
[2026-05-27T10:48:52.032Z] FEE MONITOR ERROR: request timeout (code=TIMEOUT, version=6.16.0)
[2026-05-27T10:48:52.032Z] Periodic check failed: request timeout (code=TIMEOUT, version=6.16.0)
[2026-05-27T10:49:22.042Z] FEE MONITOR ERROR: request timeout (code=TIMEOUT, version=6.16.0)
[2026-05-27T10:49:22.042Z] Periodic check failed: request timeout (code=TIMEOUT, version=6.16.0)
[2026-05-27T10:49:52.052Z] FEE MONITOR ERROR: request timeout (code=TIMEOUT, version=6.16.0)
[2026-05-27T10:49:52.052Z] Periodic check failed: request timeout (code=TIMEOUT, version=6.16.0)
[2026-05-27T10:50:22.062Z] FEE MONITOR ERROR: request timeout (code=TIMEOUT, version=6.16.0)
[2026-05-27T10:50:22.062Z] Periodic check failed: request timeout (code=TIMEOUT, version=6.16.0)
[2026-05-27T10:50:52.072Z] FEE MONITOR ERROR: request timeout (code=TIMEOUT, version=6.16.0)
[2026-05-27T10:50:52.072Z] Periodic check failed: request timeout (code=TIMEOUT, version=6.16.0)
[2026-05-27T10:51:22.082Z] FEE MONITOR ERROR: request timeout (code=TIMEOUT, version=6.16.0)
[2026-05-27T10:51:22.082Z] Periodic check failed: request timeout (code=TIMEOUT, version=6.16.0)
[2026-05-27T10:51:52.092Z] FEE MONITOR ERROR: request timeout (code=TIMEOUT, version=6.16.0)
[2026-05-27T10:51:52.092Z] Periodic check failed: request timeout (code=TIMEOUT, version=6.16.0)
[2026-05-27T10:52:22.102Z] FEE MONITOR ERROR: request timeout (code=TIMEOUT, version=6.16.0)
[2026-05-27T10:52:22.102Z] Periodic check failed: request timeout (code=TIMEOUT, version=6.16.0)
[2026-05-27T10:52:52.112Z] FEE MONITOR ERROR: request timeout (code=TIMEOUT, version=6.16.0)
[2026-05-27T10:52:52.112Z] Periodic check failed: request timeout (code=TIMEOUT, version=6.16.0)
[2026-05-27T10:53:22.122Z] FEE MONITOR ERROR: request timeout (code=TIMEOUT, version=6.16.0)
[2026-05-27T10:53:22.122Z] Periodic check failed: request timeout (code=TIMEOUT, version=6.16.0)
[2026-05-27T10:53:52.132Z] FEE MONITOR ERROR: request timeout (code=TIMEOUT, version=6.16.0)
[2026-05-27T10:53:52.132Z] Periodic check failed: request timeout (code=TIMEOUT, version=6.16.0)
[2026-05-27T10:54:22.142Z] FEE MONITOR ERROR: request timeout (code=TIMEOUT, version=6.16.0)
[2026-05-27T10:54:22.142Z] Periodic check failed: request timeout (code=TIMEOUT, version=6.16.0)
[2026-05-27T10:54:52.152Z] FEE MONITOR ERROR: request timeout (code=TIMEOUT, version=6.16.0)
[2026-05-27T10:54:52.152Z] Periodic check failed: request timeout (code=TIMEOUT, version=6.16.0)
[2026-05-27T10:55:22.162Z] FEE MONITOR ERROR: request timeout (code=TIMEOUT, version=6.16.0)
[2026-05-27T10:55:22.162Z] Periodic check failed: request timeout (code=TIMEOUT, version=6.16.0)
[2026-05-27T10:55:52.172Z] FEE MONITOR ERROR: request timeout (code=TIMEOUT, version=6.16.0)
[2026-05-27T10:55:52.172Z] Periodic check failed: request timeout (code=TIMEOUT, version=6.16.0)
[2026-05-27T10:56:22.182Z] FEE MONITOR ERROR: request timeout (code=TIMEOUT, version=6.16.0)
[2026-05-27T10:56:22.182Z] Periodic check failed: request timeout (code=TIMEOUT, version=6.16.0)
[2026-05-27T10:56:52.192Z] FEE MONITOR ERROR: request timeout (code=TIMEOUT, version=6.16.0)
[2026-05-27T10:56:52.192Z] Periodic check failed: request timeout (code=TIMEOUT, version=6.16.0)
[2026-05-27T10:57:22.202Z] FEE MONITOR ERROR: request timeout (code=TIMEOUT, version=6.16.0)
[2026-05-27T10:57:22.202Z] Periodic check failed: request timeout (code=TIMEOUT, version=6.16.0)
[2026-05-27T10:57:52.212Z] FEE MONITOR ERROR: request timeout (code=TIMEOUT, version=6.16.0)
[2026-05-27T10:57:52.212Z] Periodic check failed: request timeout (code=TIMEOUT, version=6.16.0)
[2026-05-27T10:58:22.222Z] FEE MONITOR ERROR: request timeout (code=TIMEOUT, version=6.16.0)
[2026-05-27T10:58:22.222Z] Periodic check failed: request timeout (code=TIMEOUT, version=6.16.0)
[2026-05-27T10:58:52.232Z] FEE MONITOR ERROR: request timeout (code=TIMEOUT, version=6.16.0)
[2026-05-27T10:58:52.232Z] Periodic check failed: request timeout (code=TIMEOUT, version=6.16.0)
[2026-05-27T10:59:22.242Z] FEE MONITOR ERROR: request timeout (code=TIMEOUT, version=6.16.0)
[2026-05-27T10:59:22.242Z] Periodic check failed: request timeout (code=TIMEOUT, version=6.16.0)
[2026-05-27T10:59:52.252Z] FEE MONITOR ERROR: request timeout (code=TIMEOUT, version=6.16.0)
[2026-05-27T10:59:52.252Z] Periodic check failed: request timeout (code=TIMEOUT, version=6.16.0)
[2026-05-27T11:00:22.262Z] FEE MONITOR ERROR: request timeout (code=TIMEOUT, version=6.16.0)
[2026-05-27T11:00:22.262Z] Periodic check failed: request timeout (code=TIMEOUT, version=6.16.0)
[2026-05-27T11:00:52.272Z] FEE MONITOR ERROR: request timeout (code=TIMEOUT, version=6.16.0)
[2026-05-27T11:00:52.273Z] Periodic check failed: request timeout (code=TIMEOUT, version=6.16.0)
[2026-05-27T11:01:22.282Z] FEE MONITOR ERROR: request timeout (code=TIMEOUT, version=6.16.0)
[2026-05-27T11:01:22.282Z] Periodic check failed: request timeout (code=TIMEOUT, version=6.16.0)
[2026-05-27T11:01:52.292Z] FEE MONITOR ERROR: request timeout (code=TIMEOUT, version=6.16.0)
[2026-05-27T11:01:52.292Z] Periodic check failed: request timeout (code=TIMEOUT, version=6.16.0)
[2026-05-27T11:02:22.302Z] FEE MONITOR ERROR: request timeout (code=TIMEOUT, version=6.16.0)
[2026-05-27T11:02:22.302Z] Periodic check failed: request timeout (code=TIMEOUT, version=6.16.0)
[2026-05-27T11:02:52.312Z] FEE MONITOR ERROR: request timeout (code=TIMEOUT, version=6.16.0)
[2026-05-27T11:02:52.312Z] Periodic check failed: request timeout (code=TIMEOUT, version=6.16.0)
[2026-05-27T11:03:22.322Z] FEE MONITOR ERROR: request timeout (code=TIMEOUT, version=6.16.0)
[2026-05-27T11:03:22.322Z] Periodic check failed: request timeout (code=TIMEOUT, version=6.16.0)
[2026-05-27T11:03:52.333Z] FEE MONITOR ERROR: request timeout (code=TIMEOUT, version=6.16.0)
[2026-05-27T11:03:52.333Z] Periodic check failed: request timeout (code=TIMEOUT, version=6.16.0)
[2026-05-27T11:04:22.342Z] FEE MONITOR ERROR: request timeout (code=TIMEOUT, version=6.16.0)
[2026-05-27T11:04:22.342Z] Periodic check failed: request timeout (code=TIMEOUT, version=6.16.0)
[2026-05-27T11:04:52.352Z] FEE MONITOR ERROR: request timeout (code=TIMEOUT, version=6.16.0)
[2026-05-27T11:04:52.352Z] Periodic check failed: request timeout (code=TIMEOUT, version=6.16.0)
[2026-05-27T11:05:22.362Z] FEE MONITOR ERROR: request timeout (code=TIMEOUT, version=6.16.0)
[2026-05-27T11:05:22.362Z] Periodic check failed: request timeout (code=TIMEOUT, version=6.16.0)
[2026-05-27T11:05:52.372Z] FEE MONITOR ERROR: request timeout (code=TIMEOUT, version=6.16.0)
[2026-05-27T11:05:52.372Z] Periodic check failed: request timeout (code=TIMEOUT, version=6.16.0)
[2026-05-27T11:06:22.382Z] FEE MONITOR ERROR: request timeout (code=TIMEOUT, version=6.16.0)
[2026-05-27T11:06:22.382Z] Periodic check failed: request timeout (code=TIMEOUT, version=6.16.0)
[2026-05-27T11:06:52.392Z] FEE MONITOR ERROR: request timeout (code=TIMEOUT, version=6.16.0)
[2026-05-27T11:06:52.392Z] Periodic check failed: request timeout (code=TIMEOUT, version=6.16.0)
[2026-05-27T11:07:22.402Z] FEE MONITOR ERROR: request timeout (code=TIMEOUT, version=6.16.0)
[2026-05-27T11:07:22.402Z] Periodic check failed: request timeout (code=TIMEOUT, version=6.16.0)
[2026-05-27T11:07:52.412Z] FEE MONITOR ERROR: request timeout (code=TIMEOUT, version=6.16.0)
[2026-05-27T11:07:52.412Z] Periodic check failed: request timeout (code=TIMEOUT, version=6.16.0)
[2026-05-27T11:08:22.422Z] FEE MONITOR ERROR: request timeout (code=TIMEOUT, version=6.16.0)
[2026-05-27T11:08:22.422Z] Periodic check failed: request timeout (code=TIMEOUT, version=6.16.0)
[2026-05-27T11:08:52.432Z] FEE MONITOR ERROR: request timeout (code=TIMEOUT, version=6.16.0)
[2026-05-27T11:08:52.432Z] Periodic check failed: request timeout (code=TIMEOUT, version=6.16.0)
[2026-05-27T11:09:22.442Z] FEE MONITOR ERROR: request timeout (code=TIMEOUT, version=6.16.0)
[2026-05-27T11:09:22.442Z] Periodic check failed: request timeout (code=TIMEOUT, version=6.16.0)
[2026-05-27T11:09:52.452Z] FEE MONITOR ERROR: request timeout (code=TIMEOUT, version=6.16.0)
[2026-05-27T11:09:52.452Z] Periodic check failed: request timeout (code=TIMEOUT, version=6.16.0)
[2026-05-27T11:10:22.462Z] FEE MONITOR ERROR: request timeout (code=TIMEOUT, version=6.16.0)
[2026-05-27T11:10:22.462Z] Periodic check failed: request timeout (code=TIMEOUT, version=6.16.0)
[2026-05-27T11:10:52.472Z] FEE MONITOR ERROR: request timeout (code=TIMEOUT, version=6.16.0)
[2026-05-27T11:10:52.472Z] Periodic check failed: request timeout (code=TIMEOUT, version=6.16.0)
[2026-05-27T11:11:22.482Z] FEE MONITOR ERROR: request timeout (code=TIMEOUT, version=6.16.0)
[2026-05-27T11:11:22.482Z] Periodic check failed: request timeout (code=TIMEOUT, version=6.16.0)
[2026-05-27T11:11:52.492Z] FEE MONITOR ERROR: request timeout (code=TIMEOUT, version=6.16.0)
[2026-05-27T11:11:52.492Z] Periodic check failed: request timeout (code=TIMEOUT, version=6.16.0)
[2026-05-27T11:12:22.502Z] FEE MONITOR ERROR: request timeout (code=TIMEOUT, version=6.16.0)
[2026-05-27T11:12:22.502Z] Periodic check failed: request timeout (code=TIMEOUT, version=6.16.0)
[2026-05-27T11:12:52.512Z] FEE MONITOR ERROR: request timeout (code=TIMEOUT, version=6.16.0)
[2026-05-27T11:12:52.512Z] Periodic check failed: request timeout (code=TIMEOUT, version=6.16.0)
[2026-05-27T11:13:22.522Z] FEE MONITOR ERROR: request timeout (code=TIMEOUT, version=6.16.0)
[2026-05-27T11:13:22.522Z] Periodic check failed: request timeout (code=TIMEOUT, version=6.16.0)
[2026-05-27T11:13:52.532Z] FEE MONITOR ERROR: request timeout (code=TIMEOUT, version=6.16.0)
[2026-05-27T11:13:52.532Z] Periodic check failed: request timeout (code=TIMEOUT, version=6.16.0)
[2026-05-27T11:14:22.542Z] FEE MONITOR ERROR: request timeout (code=TIMEOUT, version=6.16.0)
[2026-05-27T11:14:22.542Z] Periodic check failed: request timeout (code=TIMEOUT, version=6.16.0)
[2026-05-27T11:14:52.552Z] FEE MONITOR ERROR: request timeout (code=TIMEOUT, version=6.16.0)
[2026-05-27T11:14:52.552Z] Periodic check failed: request timeout (code=TIMEOUT, version=6.16.0)
[2026-05-27T11:15:22.562Z] FEE MONITOR ERROR: request timeout (code=TIMEOUT, version=6.16.0)
[2026-05-27T11:15:22.562Z] Periodic check failed: request timeout (code=TIMEOUT, version=6.16.0)
[2026-05-27T11:15:52.572Z] FEE MONITOR ERROR: request timeout (code=TIMEOUT, version=6.16.0)
[2026-05-27T11:15:52.572Z] Periodic check failed: request timeout (code=TIMEOUT, version=6.16.0)
[2026-05-27T11:16:22.582Z] FEE MONITOR ERROR: request timeout (code=TIMEOUT, version=6.16.0)
[2026-05-27T11:16:22.582Z] Periodic check failed: request timeout (code=TIMEOUT, version=6.16.0)
[2026-05-27T11:16:52.592Z] FEE MONITOR ERROR: request timeout (code=TIMEOUT, version=6.16.0)
[2026-05-27T11:16:52.592Z] Periodic check failed: request timeout (code=TIMEOUT, version=6.16.0)
[2026-05-27T11:17:22.602Z] FEE MONITOR ERROR: request timeout (code=TIMEOUT, version=6.16.0)
[2026-05-27T11:17:22.602Z] Periodic check failed: request timeout (code=TIMEOUT, version=6.16.0)
[2026-05-27T11:17:52.612Z] FEE MONITOR ERROR: request timeout (code=TIMEOUT, version=6.16.0)
[2026-05-27T11:17:52.612Z] Periodic check failed: request timeout (code=TIMEOUT, version=6.16.0)
[2026-05-27T11:18:22.622Z] FEE MONITOR ERROR: request timeout (code=TIMEOUT, version=6.16.0)
[2026-05-27T11:18:22.622Z] Periodic check failed: request timeout (code=TIMEOUT, version=6.16.0)
[2026-05-27T11:18:52.632Z] FEE MONITOR ERROR: request timeout (code=TIMEOUT, version=6.16.0)
[2026-05-27T11:18:52.632Z] Periodic check failed: request timeout (code=TIMEOUT, version=6.16.0)
[2026-05-27T11:19:22.642Z] FEE MONITOR ERROR: request timeout (code=TIMEOUT, version=6.16.0)
[2026-05-27T11:19:22.642Z] Periodic check failed: request timeout (code=TIMEOUT, version=6.16.0)
[2026-05-27T11:19:52.652Z] FEE MONITOR ERROR: request timeout (code=TIMEOUT, version=6.16.0)
[2026-05-27T11:19:52.652Z] Periodic check failed: request timeout (code=TIMEOUT, version=6.16.0)
[2026-05-27T11:20:22.661Z] FEE MONITOR ERROR: request timeout (code=TIMEOUT, version=6.16.0)
[2026-05-27T11:20:22.661Z] Periodic check failed: request timeout (code=TIMEOUT, version=6.16.0)
[2026-05-27T11:20:52.671Z] FEE MONITOR ERROR: request timeout (code=TIMEOUT, version=6.16.0)
[2026-05-27T11:20:52.671Z] Periodic check failed: request timeout (code=TIMEOUT, version=6.16.0)
[2026-05-27T11:21:22.681Z] FEE MONITOR ERROR: request timeout (code=TIMEOUT, version=6.16.0)
[2026-05-27T11:21:22.681Z] Periodic check failed: request timeout (code=TIMEOUT, version=6.16.0)
[2026-05-27T11:21:52.692Z] FEE MONITOR ERROR: request timeout (code=TIMEOUT, version=6.16.0)
[2026-05-27T11:21:52.692Z] Periodic check failed: request timeout (code=TIMEOUT, version=6.16.0)
[2026-05-27T11:22:22.701Z] FEE MONITOR ERROR: request timeout (code=TIMEOUT, version=6.16.0)
[2026-05-27T11:22:22.701Z] Periodic check failed: request timeout (code=TIMEOUT, version=6.16.0)
[2026-05-27T11:22:52.711Z] FEE MONITOR ERROR: request timeout (code=TIMEOUT, version=6.16.0)
[2026-05-27T11:22:52.711Z] Periodic check failed: request timeout (code=TIMEOUT, version=6.16.0)
[2026-05-27T11:23:22.721Z] FEE MONITOR ERROR: request timeout (code=TIMEOUT, version=6.16.0)
[2026-05-27T11:23:22.721Z] Periodic check failed: request timeout (code=TIMEOUT, version=6.16.0)
[2026-05-27T11:23:52.732Z] FEE MONITOR ERROR: request timeout (code=TIMEOUT, version=6.16.0)
[2026-05-27T11:23:52.732Z] Periodic check failed: request timeout (code=TIMEOUT, version=6.16.0)
[2026-05-27T11:24:22.741Z] FEE MONITOR ERROR: request timeout (code=TIMEOUT, version=6.16.0)
[2026-05-27T11:24:22.741Z] Periodic check failed: request timeout (code=TIMEOUT, version=6.16.0)
[2026-05-27T11:24:52.751Z] FEE MONITOR ERROR: request timeout (code=TIMEOUT, version=6.16.0)
[2026-05-27T11:24:52.751Z] Periodic check failed: request timeout (code=TIMEOUT, version=6.16.0)
[2026-05-27T11:25:22.761Z] FEE MONITOR ERROR: request timeout (code=TIMEOUT, version=6.16.0)
[2026-05-27T11:25:22.761Z] Periodic check failed: request timeout (code=TIMEOUT, version=6.16.0)
[2026-05-27T11:25:52.771Z] FEE MONITOR ERROR: request timeout (code=TIMEOUT, version=6.16.0)
[2026-05-27T11:25:52.771Z] Periodic check failed: request timeout (code=TIMEOUT, version=6.16.0)
[2026-05-27T11:26:22.781Z] FEE MONITOR ERROR: request timeout (code=TIMEOUT, version=6.16.0)
[2026-05-27T11:26:22.781Z] Periodic check failed: request timeout (code=TIMEOUT, version=6.16.0)
[2026-05-27T11:26:52.792Z] FEE MONITOR ERROR: request timeout (code=TIMEOUT, version=6.16.0)
[2026-05-27T11:26:52.792Z] Periodic check failed: request timeout (code=TIMEOUT, version=6.16.0)
[2026-05-27T11:27:22.801Z] FEE MONITOR ERROR: request timeout (code=TIMEOUT, version=6.16.0)
[2026-05-27T11:27:22.801Z] Periodic check failed: request timeout (code=TIMEOUT, version=6.16.0)
[2026-05-27T11:27:52.811Z] FEE MONITOR ERROR: request timeout (code=TIMEOUT, version=6.16.0)
[2026-05-27T11:27:52.811Z] Periodic check failed: request timeout (code=TIMEOUT, version=6.16.0)
[2026-05-27T11:28:22.821Z] FEE MONITOR ERROR: request timeout (code=TIMEOUT, version=6.16.0)
[2026-05-27T11:28:22.821Z] Periodic check failed: request timeout (code=TIMEOUT, version=6.16.0)
[2026-05-27T11:28:52.831Z] FEE MONITOR ERROR: request timeout (code=TIMEOUT, version=6.16.0)
[2026-05-27T11:28:52.831Z] Periodic check failed: request timeout (code=TIMEOUT, version=6.16.0)
[2026-05-27T11:29:22.841Z] FEE MONITOR ERROR: request timeout (code=TIMEOUT, version=6.16.0)
[2026-05-27T11:29:22.841Z] Periodic check failed: request timeout (code=TIMEOUT, version=6.16.0)
[2026-05-27T11:29:52.851Z] FEE MONITOR ERROR: request timeout (code=TIMEOUT, version=6.16.0)
[2026-05-27T11:29:52.851Z] Periodic check failed: request timeout (code=TIMEOUT, version=6.16.0)
[2026-05-27T11:30:22.861Z] FEE MONITOR ERROR: request timeout (code=TIMEOUT, version=6.16.0)
[2026-05-27T11:30:22.861Z] Periodic check failed: request timeout (code=TIMEOUT, version=6.16.0)
[2026-05-27T11:30:52.871Z] FEE MONITOR ERROR: request timeout (code=TIMEOUT, version=6.16.0)
[2026-05-27T11:30:52.871Z] Periodic check failed: request timeout (code=TIMEOUT, version=6.16.0)
[2026-05-27T11:31:22.881Z] FEE MONITOR ERROR: request timeout (code=TIMEOUT, version=6.16.0)
[2026-05-27T11:31:22.881Z] Periodic check failed: request timeout (code=TIMEOUT, version=6.16.0)
[2026-05-27T11:31:52.891Z] FEE MONITOR ERROR: request timeout (code=TIMEOUT, version=6.16.0)
[2026-05-27T11:31:52.891Z] Periodic check failed: request timeout (code=TIMEOUT, version=6.16.0)
[2026-05-27T11:32:22.901Z] FEE MONITOR ERROR: request timeout (code=TIMEOUT, version=6.16.0)
[2026-05-27T11:32:22.901Z] Periodic check failed: request timeout (code=TIMEOUT, version=6.16.0)
[2026-05-27T11:32:52.911Z] FEE MONITOR ERROR: request timeout (code=TIMEOUT, version=6.16.0)
[2026-05-27T11:32:52.911Z] Periodic check failed: request timeout (code=TIMEOUT, version=6.16.0)
[2026-05-27T11:33:22.921Z] FEE MONITOR ERROR: request timeout (code=TIMEOUT, version=6.16.0)
[2026-05-27T11:33:22.921Z] Periodic check failed: request timeout (code=TIMEOUT, version=6.16.0)
[2026-05-27T11:33:52.931Z] FEE MONITOR ERROR: request timeout (code=TIMEOUT, version=6.16.0)
[2026-05-27T11:33:52.931Z] Periodic check failed: request timeout (code=TIMEOUT, version=6.16.0)
[2026-05-27T11:34:22.941Z] FEE MONITOR ERROR: request timeout (code=TIMEOUT, version=6.16.0)
[2026-05-27T11:34:22.941Z] Periodic check failed: request timeout (code=TIMEOUT, version=6.16.0)
[2026-05-27T11:34:52.951Z] FEE MONITOR ERROR: request timeout (code=TIMEOUT, version=6.16.0)
[2026-05-27T11:34:52.951Z] Periodic check failed: request timeout (code=TIMEOUT, version=6.16.0)
[2026-05-27T11:35:22.961Z] FEE MONITOR ERROR: request timeout (code=TIMEOUT, version=6.16.0)
[2026-05-27T11:35:22.961Z] Periodic check failed: request timeout (code=TIMEOUT, version=6.16.0)
[2026-05-27T11:35:52.971Z] FEE MONITOR ERROR: request timeout (code=TIMEOUT, version=6.16.0)
[2026-05-27T11:35:52.971Z] Periodic check failed: request timeout (code=TIMEOUT, version=6.16.0)
[2026-05-27T11:36:22.981Z] FEE MONITOR ERROR: request timeout (code=TIMEOUT, version=6.16.0)
[2026-05-27T11:36:22.981Z] Periodic check failed: request timeout (code=TIMEOUT, version=6.16.0)
[2026-05-27T11:36:52.991Z] FEE MONITOR ERROR: request timeout (code=TIMEOUT, version=6.16.0)
[2026-05-27T11:36:52.991Z] Periodic check failed: request timeout (code=TIMEOUT, version=6.16.0)
[2026-05-27T11:37:23.001Z] FEE MONITOR ERROR: request timeout (code=TIMEOUT, version=6.16.0)
[2026-05-27T11:37:23.001Z] Periodic check failed: request timeout (code=TIMEOUT, version=6.16.0)
[2026-05-27T11:37:53.011Z] FEE MONITOR ERROR: request timeout (code=TIMEOUT, version=6.16.0)
[2026-05-27T11:37:53.011Z] Periodic check failed: request timeout (code=TIMEOUT, version=6.16.0)
[2026-05-27T11:38:23.021Z] FEE MONITOR ERROR: request timeout (code=TIMEOUT, version=6.16.0)
[2026-05-27T11:38:23.021Z] Periodic check failed: request timeout (code=TIMEOUT, version=6.16.0)
[2026-05-27T11:38:53.031Z] FEE MONITOR ERROR: request timeout (code=TIMEOUT, version=6.16.0)
[2026-05-27T11:38:53.031Z] Periodic check failed: request timeout (code=TIMEOUT, version=6.16.0)
[2026-05-27T11:39:23.041Z] FEE MONITOR ERROR: request timeout (code=TIMEOUT, version=6.16.0)
[2026-05-27T11:39:23.041Z] Periodic check failed: request timeout (code=TIMEOUT, version=6.16.0)
[2026-05-27T11:39:53.051Z] FEE MONITOR ERROR: request timeout (code=TIMEOUT, version=6.16.0)
[2026-05-27T11:39:53.051Z] Periodic check failed: request timeout (code=TIMEOUT, version=6.16.0)
[2026-05-27T11:40:23.061Z] FEE MONITOR ERROR: request timeout (code=TIMEOUT, version=6.16.0)
[2026-05-27T11:40:23.061Z] Periodic check failed: request timeout (code=TIMEOUT, version=6.16.0)
[2026-05-27T11:40:53.071Z] FEE MONITOR ERROR: request timeout (code=TIMEOUT, version=6.16.0)
[2026-05-27T11:40:53.071Z] Periodic check failed: request timeout (code=TIMEOUT, version=6.16.0)
[2026-05-27T11:41:23.081Z] FEE MONITOR ERROR: request timeout (code=TIMEOUT, version=6.16.0)
[2026-05-27T11:41:23.081Z] Periodic check failed: request timeout (code=TIMEOUT, version=6.16.0)
[2026-05-27T11:41:53.091Z] FEE MONITOR ERROR: request timeout (code=TIMEOUT, version=6.16.0)
[2026-05-27T11:41:53.091Z] Periodic check failed: request timeout (code=TIMEOUT, version=6.16.0)
[2026-05-27T11:42:23.101Z] FEE MONITOR ERROR: request timeout (code=TIMEOUT, version=6.16.0)
[2026-05-27T11:42:23.101Z] Periodic check failed: request timeout (code=TIMEOUT, version=6.16.0)
[2026-05-27T11:42:53.111Z] FEE MONITOR ERROR: request timeout (code=TIMEOUT, version=6.16.0)
[2026-05-27T11:42:53.111Z] Periodic check failed: request timeout (code=TIMEOUT, version=6.16.0)
[2026-05-27T11:43:23.121Z] FEE MONITOR ERROR: request timeout (code=TIMEOUT, version=6.16.0)
[2026-05-27T11:43:23.121Z] Periodic check failed: request timeout (code=TIMEOUT, version=6.16.0)
[2026-05-27T11:43:53.131Z] FEE MONITOR ERROR: request timeout (code=TIMEOUT, version=6.16.0)
[2026-05-27T11:43:53.131Z] Periodic check failed: request timeout (code=TIMEOUT, version=6.16.0)
[2026-05-27T11:44:23.141Z] FEE MONITOR ERROR: request timeout (code=TIMEOUT, version=6.16.0)
[2026-05-27T11:44:23.141Z] Periodic check failed: request timeout (code=TIMEOUT, version=6.16.0)
[2026-05-27T11:44:53.151Z] FEE MONITOR ERROR: request timeout (code=TIMEOUT, version=6.16.0)
[2026-05-27T11:44:53.151Z] Periodic check failed: request timeout (code=TIMEOUT, version=6.16.0)
[2026-05-27T11:45:23.161Z] FEE MONITOR ERROR: request timeout (code=TIMEOUT, version=6.16.0)
[2026-05-27T11:45:23.161Z] Periodic check failed: request timeout (code=TIMEOUT, version=6.16.0)
[2026-05-27T11:45:53.171Z] FEE MONITOR ERROR: request timeout (code=TIMEOUT, version=6.16.0)
[2026-05-27T11:45:53.171Z] Periodic check failed: request timeout (code=TIMEOUT, version=6.16.0)
[2026-05-27T11:46:23.181Z] FEE MONITOR ERROR: request timeout (code=TIMEOUT, version=6.16.0)
[2026-05-27T11:46:23.181Z] Periodic check failed: request timeout (code=TIMEOUT, version=6.16.0)
[2026-05-27T11:46:53.191Z] FEE MONITOR ERROR: request timeout (code=TIMEOUT, version=6.16.0)
[2026-05-27T11:46:53.191Z] Periodic check failed: request timeout (code=TIMEOUT, version=6.16.0)
[2026-05-27T11:47:23.201Z] FEE MONITOR ERROR: request timeout (code=TIMEOUT, version=6.16.0)
[2026-05-27T11:47:23.201Z] Periodic check failed: request timeout (code=TIMEOUT, version=6.16.0)
[2026-05-27T11:47:53.211Z] FEE MONITOR ERROR: request timeout (code=TIMEOUT, version=6.16.0)
[2026-05-27T11:47:53.211Z] Periodic check failed: request timeout (code=TIMEOUT, version=6.16.0)
[2026-05-27T11:48:23.221Z] FEE MONITOR ERROR: request timeout (code=TIMEOUT, version=6.16.0)
[2026-05-27T11:48:23.221Z] Periodic check failed: request timeout (code=TIMEOUT, version=6.16.0)
[2026-05-27T11:48:53.231Z] FEE MONITOR ERROR: request timeout (code=TIMEOUT, version=6.16.0)
[2026-05-27T11:48:53.231Z] Periodic check failed: request timeout (code=TIMEOUT, version=6.16.0)
[2026-05-27T11:49:23.241Z] FEE MONITOR ERROR: request timeout (code=TIMEOUT, version=6.16.0)
[2026-05-27T11:49:23.241Z] Periodic check failed: request timeout (code=TIMEOUT, version=6.16.0)
[2026-05-27T11:49:53.251Z] FEE MONITOR ERROR: request timeout (code=TIMEOUT, version=6.16.0)
[2026-05-27T11:49:53.251Z] Periodic check failed: request timeout (code=TIMEOUT, version=6.16.0)
[2026-05-27T11:50:23.261Z] FEE MONITOR ERROR: request timeout (code=TIMEOUT, version=6.16.0)
[2026-05-27T11:50:23.261Z] Periodic check failed: request timeout (code=TIMEOUT, version=6.16.0)
[2026-05-27T11:50:53.271Z] FEE MONITOR ERROR: request timeout (code=TIMEOUT, version=6.16.0)
[2026-05-27T11:50:53.271Z] Periodic check failed: request timeout (code=TIMEOUT, version=6.16.0)
[2026-05-27T11:51:23.281Z] FEE MONITOR ERROR: request timeout (code=TIMEOUT, version=6.16.0)
[2026-05-27T11:51:23.281Z] Periodic check failed: request timeout (code=TIMEOUT, version=6.16.0)
[2026-05-27T11:51:53.291Z] FEE MONITOR ERROR: request timeout (code=TIMEOUT, version=6.16.0)
[2026-05-27T11:51:53.291Z] Periodic check failed: request timeout (code=TIMEOUT, version=6.16.0)
[2026-05-27T11:52:23.301Z] FEE MONITOR ERROR: request timeout (code=TIMEOUT, version=6.16.0)
[2026-05-27T11:52:23.301Z] Periodic check failed: request timeout (code=TIMEOUT, version=6.16.0)
[2026-05-27T11:52:53.311Z] FEE MONITOR ERROR: request timeout (code=TIMEOUT, version=6.16.0)
[2026-05-27T11:52:53.311Z] Periodic check failed: request timeout (code=TIMEOUT, version=6.16.0)
[2026-05-27T11:53:23.321Z] FEE MONITOR ERROR: request timeout (code=TIMEOUT, version=6.16.0)
[2026-05-27T11:53:23.321Z] Periodic check failed: request timeout (code=TIMEOUT, version=6.16.0)
[2026-05-27T11:53:53.331Z] FEE MONITOR ERROR: request timeout (code=TIMEOUT, version=6.16.0)
[2026-05-27T11:53:53.331Z] Periodic check failed: request timeout (code=TIMEOUT, version=6.16.0)
[2026-05-27T11:54:23.341Z] FEE MONITOR ERROR: request timeout (code=TIMEOUT, version=6.16.0)
[2026-05-27T11:54:23.341Z] Periodic check failed: request timeout (code=TIMEOUT, version=6.16.0)
[2026-05-27T11:54:53.351Z] FEE MONITOR ERROR: request timeout (code=TIMEOUT, version=6.16.0)
[2026-05-27T11:54:53.351Z] Periodic check failed: request timeout (code=TIMEOUT, version=6.16.0)
[2026-05-27T11:55:23.361Z] FEE MONITOR ERROR: request timeout (code=TIMEOUT, version=6.16.0)
[2026-05-27T11:55:23.361Z] Periodic check failed: request timeout (code=TIMEOUT, version=6.16.0)
[2026-05-27T11:55:53.371Z] FEE MONITOR ERROR: request timeout (code=TIMEOUT, version=6.16.0)
[2026-05-27T11:55:53.371Z] Periodic check failed: request timeout (code=TIMEOUT, version=6.16.0)
[2026-05-27T11:56:23.381Z] FEE MONITOR ERROR: request timeout (code=TIMEOUT, version=6.16.0)
[2026-05-27T11:56:23.381Z] Periodic check failed: request timeout (code=TIMEOUT, version=6.16.0)
[2026-05-27T11:56:53.391Z] FEE MONITOR ERROR: request timeout (code=TIMEOUT, version=6.16.0)
[2026-05-27T11:56:53.391Z] Periodic check failed: request timeout (code=TIMEOUT, version=6.16.0)
[2026-05-27T11:57:23.401Z] FEE MONITOR ERROR: request timeout (code=TIMEOUT, version=6.16.0)
[2026-05-27T11:57:23.401Z] Periodic check failed: request timeout (code=TIMEOUT, version=6.16.0)
[2026-05-27T11:57:53.411Z] FEE MONITOR ERROR: request timeout (code=TIMEOUT, version=6.16.0)
[2026-05-27T11:57:53.411Z] Periodic check failed: request timeout (code=TIMEOUT, version=6.16.0)
[2026-05-27T11:58:23.421Z] FEE MONITOR ERROR: request timeout (code=TIMEOUT, version=6.16.0)
[2026-05-27T11:58:23.421Z] Periodic check failed: request timeout (code=TIMEOUT, version=6.16.0)
[2026-05-27T11:58:53.431Z] FEE MONITOR ERROR: request timeout (code=TIMEOUT, version=6.16.0)
[2026-05-27T11:58:53.431Z] Periodic check failed: request timeout (code=TIMEOUT, version=6.16.0)
[2026-05-27T11:59:23.441Z] FEE MONITOR ERROR: request timeout (code=TIMEOUT, version=6.16.0)
[2026-05-27T11:59:23.441Z] Periodic check failed: request timeout (code=TIMEOUT, version=6.16.0)
[2026-05-27T11:59:53.451Z] FEE MONITOR ERROR: request timeout (code=TIMEOUT, version=6.16.0)
[2026-05-27T11:59:53.451Z] Periodic check failed: request timeout (code=TIMEOUT, version=6.16.0)
[2026-05-27T12:00:23.461Z] FEE MONITOR ERROR: request timeout (code=TIMEOUT, version=6.16.0)
[2026-05-27T12:00:23.461Z] Periodic check failed: request timeout (code=TIMEOUT, version=6.16.0)
[2026-05-27T12:00:53.471Z] FEE MONITOR ERROR: request timeout (code=TIMEOUT, version=6.16.0)
[2026-05-27T12:00:53.471Z] Periodic check failed: request timeout (code=TIMEOUT, version=6.16.0)
[2026-05-27T12:01:23.481Z] FEE MONITOR ERROR: request timeout (code=TIMEOUT, version=6.16.0)
[2026-05-27T12:01:23.481Z] Periodic check failed: request timeout (code=TIMEOUT, version=6.16.0)
[2026-05-27T12:01:53.491Z] FEE MONITOR ERROR: request timeout (code=TIMEOUT, version=6.16.0)
[2026-05-27T12:01:53.491Z] Periodic check failed: request timeout (code=TIMEOUT, version=6.16.0)
[2026-05-27T12:02:23.501Z] FEE MONITOR ERROR: request timeout (code=TIMEOUT, version=6.16.0)
[2026-05-27T12:02:23.501Z] Periodic check failed: request timeout (code=TIMEOUT, version=6.16.0)
[2026-05-27T12:02:53.511Z] FEE MONITOR ERROR: request timeout (code=TIMEOUT, version=6.16.0)
[2026-05-27T12:02:53.511Z] Periodic check failed: request timeout (code=TIMEOUT, version=6.16.0)
[2026-05-27T12:03:23.521Z] FEE MONITOR ERROR: request timeout (code=TIMEOUT, version=6.16.0)
[2026-05-27T12:03:23.521Z] Periodic check failed: request timeout (code=TIMEOUT, version=6.16.0)
[2026-05-27T12:03:53.531Z] FEE MONITOR ERROR: request timeout (code=TIMEOUT, version=6.16.0)
[2026-05-27T12:03:53.531Z] Periodic check failed: request timeout (code=TIMEOUT, version=6.16.0)
[2026-05-27T12:04:23.541Z] FEE MONITOR ERROR: request timeout (code=TIMEOUT, version=6.16.0)
[2026-05-27T12:04:23.541Z] Periodic check failed: request timeout (code=TIMEOUT, version=6.16.0)
[2026-05-27T12:04:53.551Z] FEE MONITOR ERROR: request timeout (code=TIMEOUT, version=6.16.0)
[2026-05-27T12:04:53.551Z] Periodic check failed: request timeout (code=TIMEOUT, version=6.16.0)
[2026-05-27T12:05:23.561Z] FEE MONITOR ERROR: request timeout (code=TIMEOUT, version=6.16.0)
[2026-05-27T12:05:23.561Z] Periodic check failed: request timeout (code=TIMEOUT, version=6.16.0)
[2026-05-27T12:05:53.571Z] FEE MONITOR ERROR: request timeout (code=TIMEOUT, version=6.16.0)
[2026-05-27T12:05:53.571Z] Periodic check failed: request timeout (code=TIMEOUT, version=6.16.0)
[2026-05-27T12:06:23.581Z] FEE MONITOR ERROR: request timeout (code=TIMEOUT, version=6.16.0)
[2026-05-27T12:06:23.581Z] Periodic check failed: request timeout (code=TIMEOUT, version=6.16.0)
[2026-05-27T12:06:53.590Z] FEE MONITOR ERROR: request timeout (code=TIMEOUT, version=6.16.0)
[2026-05-27T12:06:53.590Z] Periodic check failed: request timeout (code=TIMEOUT, version=6.16.0)
[2026-05-27T12:07:23.600Z] FEE MONITOR ERROR: request timeout (code=TIMEOUT, version=6.16.0)
[2026-05-27T12:07:23.600Z] Periodic check failed: request timeout (code=TIMEOUT, version=6.16.0)
[2026-05-27T12:07:53.610Z] FEE MONITOR ERROR: request timeout (code=TIMEOUT, version=6.16.0)
[2026-05-27T12:07:53.610Z] Periodic check failed: request timeout (code=TIMEOUT, version=6.16.0)
[2026-05-27T12:08:23.620Z] FEE MONITOR ERROR: request timeout (code=TIMEOUT, version=6.16.0)
[2026-05-27T12:08:23.620Z] Periodic check failed: request timeout (code=TIMEOUT, version=6.16.0)
[2026-05-27T12:08:53.630Z] FEE MONITOR ERROR: request timeout (code=TIMEOUT, version=6.16.0)
[2026-05-27T12:08:53.630Z] Periodic check failed: request timeout (code=TIMEOUT, version=6.16.0)
[2026-05-27T12:09:23.640Z] FEE MONITOR ERROR: request timeout (code=TIMEOUT, version=6.16.0)
[2026-05-27T12:09:23.640Z] Periodic check failed: request timeout (code=TIMEOUT, version=6.16.0)
[2026-05-27T12:09:53.649Z] FEE MONITOR ERROR: request timeout (code=TIMEOUT, version=6.16.0)
[2026-05-27T12:09:53.649Z] Periodic check failed: request timeout (code=TIMEOUT, version=6.16.0)
[2026-05-27T12:10:23.658Z] FEE MONITOR ERROR: request timeout (code=TIMEOUT, version=6.16.0)
[2026-05-27T12:10:23.658Z] Periodic check failed: request timeout (code=TIMEOUT, version=6.16.0)
[2026-05-27T12:10:53.668Z] FEE MONITOR ERROR: request timeout (code=TIMEOUT, version=6.16.0)
[2026-05-27T12:10:53.668Z] Periodic check failed: request timeout (code=TIMEOUT, version=6.16.0)
[2026-05-27T12:11:23.678Z] FEE MONITOR ERROR: request timeout (code=TIMEOUT, version=6.16.0)
[2026-05-27T12:11:23.678Z] Periodic check failed: request timeout (code=TIMEOUT, version=6.16.0)
[2026-05-27T12:11:53.688Z] FEE MONITOR ERROR: request timeout (code=TIMEOUT, version=6.16.0)
[2026-05-27T12:11:53.688Z] Periodic check failed: request timeout (code=TIMEOUT, version=6.16.0)
[2026-05-27T12:12:23.698Z] FEE MONITOR ERROR: request timeout (code=TIMEOUT, version=6.16.0)
[2026-05-27T12:12:23.698Z] Periodic check failed: request timeout (code=TIMEOUT, version=6.16.0)
[2026-05-27T12:12:53.708Z] FEE MONITOR ERROR: request timeout (code=TIMEOUT, version=6.16.0)
[2026-05-27T12:12:53.708Z] Periodic check failed: request timeout (code=TIMEOUT, version=6.16.0)
[2026-05-27T12:13:23.718Z] FEE MONITOR ERROR: request timeout (code=TIMEOUT, version=6.16.0)
[2026-05-27T12:13:23.718Z] Periodic check failed: request timeout (code=TIMEOUT, version=6.16.0)
[2026-05-27T12:13:53.728Z] FEE MONITOR ERROR: request timeout (code=TIMEOUT, version=6.16.0)
[2026-05-27T12:13:53.728Z] Periodic check failed: request timeout (code=TIMEOUT, version=6.16.0)
[2026-05-27T12:14:23.738Z] FEE MONITOR ERROR: request timeout (code=TIMEOUT, version=6.16.0)
[2026-05-27T12:14:23.738Z] Periodic check failed: request timeout (code=TIMEOUT, version=6.16.0)
[2026-05-27T12:14:53.748Z] FEE MONITOR ERROR: request timeout (code=TIMEOUT, version=6.16.0)
[2026-05-27T12:14:53.748Z] Periodic check failed: request timeout (code=TIMEOUT, version=6.16.0)
[2026-05-27T12:15:23.758Z] FEE MONITOR ERROR: request timeout (code=TIMEOUT, version=6.16.0)
[2026-05-27T12:15:23.758Z] Periodic check failed: request timeout (code=TIMEOUT, version=6.16.0)
[2026-05-27T12:15:53.768Z] FEE MONITOR ERROR: request timeout (code=TIMEOUT, version=6.16.0)
[2026-05-27T12:15:53.768Z] Periodic check failed: request timeout (code=TIMEOUT, version=6.16.0)
[2026-05-27T12:16:23.777Z] FEE MONITOR ERROR: request timeout (code=TIMEOUT, version=6.16.0)
[2026-05-27T12:16:23.777Z] Periodic check failed: request timeout (code=TIMEOUT, version=6.16.0)
[2026-05-27T12:16:53.787Z] FEE MONITOR ERROR: request timeout (code=TIMEOUT, version=6.16.0)
[2026-05-27T12:16:53.787Z] Periodic check failed: request timeout (code=TIMEOUT, version=6.16.0)
[2026-05-27T12:17:23.798Z] FEE MONITOR ERROR: request timeout (code=TIMEOUT, version=6.16.0)
[2026-05-27T12:17:23.798Z] Periodic check failed: request timeout (code=TIMEOUT, version=6.16.0)
[2026-05-27T12:17:53.807Z] FEE MONITOR ERROR: request timeout (code=TIMEOUT, version=6.16.0)
[2026-05-27T12:17:53.807Z] Periodic check failed: request timeout (code=TIMEOUT, version=6.16.0)
[2026-05-27T12:18:23.817Z] FEE MONITOR ERROR: request timeout (code=TIMEOUT, version=6.16.0)
[2026-05-27T12:18:23.817Z] Periodic check failed: request timeout (code=TIMEOUT, version=6.16.0)
[2026-05-27T12:18:53.827Z] FEE MONITOR ERROR: request timeout (code=TIMEOUT, version=6.16.0)
[2026-05-27T12:18:53.827Z] Periodic check failed: request timeout (code=TIMEOUT, version=6.16.0)
[2026-05-27T12:19:23.837Z] FEE MONITOR ERROR: request timeout (code=TIMEOUT, version=6.16.0)
[2026-05-27T12:19:23.837Z] Periodic check failed: request timeout (code=TIMEOUT, version=6.16.0)
[2026-05-27T12:19:53.847Z] FEE MONITOR ERROR: request timeout (code=TIMEOUT, version=6.16.0)
[2026-05-27T12:19:53.847Z] Periodic check failed: request timeout (code=TIMEOUT, version=6.16.0)
[2026-05-27T12:20:23.857Z] FEE MONITOR ERROR: request timeout (code=TIMEOUT, version=6.16.0)
[2026-05-27T12:20:23.857Z] Periodic check failed: request timeout (code=TIMEOUT, version=6.16.0)
[2026-05-27T12:20:53.867Z] FEE MONITOR ERROR: request timeout (code=TIMEOUT, version=6.16.0)
[2026-05-27T12:20:53.867Z] Periodic check failed: request timeout (code=TIMEOUT, version=6.16.0)
[2026-05-27T12:21:23.878Z] FEE MONITOR ERROR: request timeout (code=TIMEOUT, version=6.16.0)
[2026-05-27T12:21:23.878Z] Periodic check failed: request timeout (code=TIMEOUT, version=6.16.0)
[2026-05-27T12:21:53.887Z] FEE MONITOR ERROR: request timeout (code=TIMEOUT, version=6.16.0)
[2026-05-27T12:21:53.887Z] Periodic check failed: request timeout (code=TIMEOUT, version=6.16.0)
[2026-05-27T12:22:23.897Z] FEE MONITOR ERROR: request timeout (code=TIMEOUT, version=6.16.0)
[2026-05-27T12:22:23.897Z] Periodic check failed: request timeout (code=TIMEOUT, version=6.16.0)
[2026-05-27T12:22:53.908Z] FEE MONITOR ERROR: request timeout (code=TIMEOUT, version=6.16.0)
[2026-05-27T12:22:53.908Z] Periodic check failed: request timeout (code=TIMEOUT, version=6.16.0)
[2026-05-27T12:23:23.917Z] FEE MONITOR ERROR: request timeout (code=TIMEOUT, version=6.16.0)
[2026-05-27T12:23:23.917Z] Periodic check failed: request timeout (code=TIMEOUT, version=6.16.0)
[2026-05-27T12:23:53.927Z] FEE MONITOR ERROR: request timeout (code=TIMEOUT, version=6.16.0)
[2026-05-27T12:23:53.927Z] Periodic check failed: request timeout (code=TIMEOUT, version=6.16.0)
[2026-05-27T12:24:23.937Z] FEE MONITOR ERROR: request timeout (code=TIMEOUT, version=6.16.0)
[2026-05-27T12:24:23.937Z] Periodic check failed: request timeout (code=TIMEOUT, version=6.16.0)
[2026-05-27T12:24:53.947Z] FEE MONITOR ERROR: request timeout (code=TIMEOUT, version=6.16.0)
[2026-05-27T12:24:53.947Z] Periodic check failed: request timeout (code=TIMEOUT, version=6.16.0)
[2026-05-27T12:25:23.956Z] FEE MONITOR ERROR: request timeout (code=TIMEOUT, version=6.16.0)
[2026-05-27T12:25:23.956Z] Periodic check failed: request timeout (code=TIMEOUT, version=6.16.0)
[2026-05-27T12:25:53.966Z] FEE MONITOR ERROR: request timeout (code=TIMEOUT, version=6.16.0)
[2026-05-27T12:25:53.966Z] Periodic check failed: request timeout (code=TIMEOUT, version=6.16.0)
[2026-05-27T12:26:23.976Z] FEE MONITOR ERROR: request timeout (code=TIMEOUT, version=6.16.0)
[2026-05-27T12:26:23.976Z] Periodic check failed: request timeout (code=TIMEOUT, version=6.16.0)
[2026-05-27T12:26:53.985Z] FEE MONITOR ERROR: request timeout (code=TIMEOUT, version=6.16.0)
[2026-05-27T12:26:53.985Z] Periodic check failed: request timeout (code=TIMEOUT, version=6.16.0)
[2026-05-27T12:27:23.995Z] FEE MONITOR ERROR: request timeout (code=TIMEOUT, version=6.16.0)
[2026-05-27T12:27:23.995Z] Periodic check failed: request timeout (code=TIMEOUT, version=6.16.0)
[2026-05-27T12:27:54.005Z] FEE MONITOR ERROR: request timeout (code=TIMEOUT, version=6.16.0)
[2026-05-27T12:27:54.005Z] Periodic check failed: request timeout (code=TIMEOUT, version=6.16.0)
[2026-05-27T12:28:24.015Z] FEE MONITOR ERROR: request timeout (code=TIMEOUT, version=6.16.0)
[2026-05-27T12:28:24.015Z] Periodic check failed: request timeout (code=TIMEOUT, version=6.16.0)
[2026-05-27T12:28:54.025Z] FEE MONITOR ERROR: request timeout (code=TIMEOUT, version=6.16.0)
[2026-05-27T12:28:54.025Z] Periodic check failed: request timeout (code=TIMEOUT, version=6.16.0)
[2026-05-27T12:29:24.035Z] FEE MONITOR ERROR: request timeout (code=TIMEOUT, version=6.16.0)
[2026-05-27T12:29:24.036Z] Periodic check failed: request timeout (code=TIMEOUT, version=6.16.0)
[2026-05-27T12:29:54.045Z] FEE MONITOR ERROR: request timeout (code=TIMEOUT, version=6.16.0)
[2026-05-27T12:29:54.045Z] Periodic check failed: request timeout (code=TIMEOUT, version=6.16.0)
[2026-05-27T12:30:24.055Z] FEE MONITOR ERROR: request timeout (code=TIMEOUT, version=6.16.0)
[2026-05-27T12:30:24.055Z] Periodic check failed: request timeout (code=TIMEOUT, version=6.16.0)
[2026-05-27T12:30:54.065Z] FEE MONITOR ERROR: request timeout (code=TIMEOUT, version=6.16.0)
[2026-05-27T12:30:54.065Z] Periodic check failed: request timeout (code=TIMEOUT, version=6.16.0)
[2026-05-27T12:31:24.075Z] FEE MONITOR ERROR: request timeout (code=TIMEOUT, version=6.16.0)
[2026-05-27T12:31:24.075Z] Periodic check failed: request timeout (code=TIMEOUT, version=6.16.0)
[2026-05-27T12:31:54.085Z] FEE MONITOR ERROR: request timeout (code=TIMEOUT, version=6.16.0)
[2026-05-27T12:31:54.085Z] Periodic check failed: request timeout (code=TIMEOUT, version=6.16.0)
[2026-05-27T12:32:24.095Z] FEE MONITOR ERROR: request timeout (code=TIMEOUT, version=6.16.0)
[2026-05-27T12:32:24.095Z] Periodic check failed: request timeout (code=TIMEOUT, version=6.16.0)
[2026-05-27T12:32:54.105Z] FEE MONITOR ERROR: request timeout (code=TIMEOUT, version=6.16.0)
[2026-05-27T12:32:54.105Z] Periodic check failed: request timeout (code=TIMEOUT, version=6.16.0)
[2026-05-27T12:33:24.115Z] FEE MONITOR ERROR: request timeout (code=TIMEOUT, version=6.16.0)
[2026-05-27T12:33:24.115Z] Periodic check failed: request timeout (code=TIMEOUT, version=6.16.0)
[2026-05-27T12:33:54.125Z] FEE MONITOR ERROR: request timeout (code=TIMEOUT, version=6.16.0)
[2026-05-27T12:33:54.125Z] Periodic check failed: request timeout (code=TIMEOUT, version=6.16.0)
[2026-05-27T12:34:24.135Z] FEE MONITOR ERROR: request timeout (code=TIMEOUT, version=6.16.0)
[2026-05-27T12:34:24.135Z] Periodic check failed: request timeout (code=TIMEOUT, version=6.16.0)
[2026-05-27T12:34:54.145Z] FEE MONITOR ERROR: request timeout (code=TIMEOUT, version=6.16.0)
[2026-05-27T12:34:54.145Z] Periodic check failed: request timeout (code=TIMEOUT, version=6.16.0)
[2026-05-27T12:35:24.155Z] FEE MONITOR ERROR: request timeout (code=TIMEOUT, version=6.16.0)
[2026-05-27T12:35:24.155Z] Periodic check failed: request timeout (code=TIMEOUT, version=6.16.0)
[2026-05-27T12:35:54.165Z] FEE MONITOR ERROR: request timeout (code=TIMEOUT, version=6.16.0)
[2026-05-27T12:35:54.165Z] Periodic check failed: request timeout (code=TIMEOUT, version=6.16.0)
[2026-05-27T12:36:24.175Z] FEE MONITOR ERROR: request timeout (code=TIMEOUT, version=6.16.0)
[2026-05-27T12:36:24.175Z] Periodic check failed: request timeout (code=TIMEOUT, version=6.16.0)
[2026-05-27T12:36:54.185Z] FEE MONITOR ERROR: request timeout (code=TIMEOUT, version=6.16.0)
[2026-05-27T12:36:54.185Z] Periodic check failed: request timeout (code=TIMEOUT, version=6.16.0)
[2026-05-27T12:37:24.195Z] FEE MONITOR ERROR: request timeout (code=TIMEOUT, version=6.16.0)
[2026-05-27T12:37:24.195Z] Periodic check failed: request timeout (code=TIMEOUT, version=6.16.0)
[2026-05-27T12:37:54.205Z] FEE MONITOR ERROR: request timeout (code=TIMEOUT, version=6.16.0)
[2026-05-27T12:37:54.205Z] Periodic check failed: request timeout (code=TIMEOUT, version=6.16.0)
[2026-05-27T12:38:24.216Z] FEE MONITOR ERROR: request timeout (code=TIMEOUT, version=6.16.0)
[2026-05-27T12:38:24.216Z] Periodic check failed: request timeout (code=TIMEOUT, version=6.16.0)
[2026-05-27T12:38:54.225Z] FEE MONITOR ERROR: request timeout (code=TIMEOUT, version=6.16.0)
[2026-05-27T12:38:54.225Z] Periodic check failed: request timeout (code=TIMEOUT, version=6.16.0)
[2026-05-27T12:39:24.235Z] FEE MONITOR ERROR: request timeout (code=TIMEOUT, version=6.16.0)
[2026-05-27T12:39:24.235Z] Periodic check failed: request timeout (code=TIMEOUT, version=6.16.0)
[2026-05-27T12:39:54.246Z] FEE MONITOR ERROR: request timeout (code=TIMEOUT, version=6.16.0)
[2026-05-27T12:39:54.246Z] Periodic check failed: request timeout (code=TIMEOUT, version=6.16.0)
[2026-05-27T12:40:24.255Z] FEE MONITOR ERROR: request timeout (code=TIMEOUT, version=6.16.0)
[2026-05-27T12:40:24.255Z] Periodic check failed: request timeout (code=TIMEOUT, version=6.16.0)
[2026-05-27T12:40:54.265Z] FEE MONITOR ERROR: request timeout (code=TIMEOUT, version=6.16.0)
[2026-05-27T12:40:54.265Z] Periodic check failed: request timeout (code=TIMEOUT, version=6.16.0)
[2026-05-27T12:41:24.275Z] FEE MONITOR ERROR: request timeout (code=TIMEOUT, version=6.16.0)
[2026-05-27T12:41:24.275Z] Periodic check failed: request timeout (code=TIMEOUT, version=6.16.0)
[2026-05-27T12:41:54.286Z] FEE MONITOR ERROR: request timeout (code=TIMEOUT, version=6.16.0)
[2026-05-27T12:41:54.286Z] Periodic check failed: request timeout (code=TIMEOUT, version=6.16.0)
[2026-05-27T12:42:24.295Z] FEE MONITOR ERROR: request timeout (code=TIMEOUT, version=6.16.0)
[2026-05-27T12:42:24.295Z] Periodic check failed: request timeout (code=TIMEOUT, version=6.16.0)
[2026-05-27T12:42:54.305Z] FEE MONITOR ERROR: request timeout (code=TIMEOUT, version=6.16.0)
[2026-05-27T12:42:54.305Z] Periodic check failed: request timeout (code=TIMEOUT, version=6.16.0)
[2026-05-27T12:43:24.315Z] FEE MONITOR ERROR: request timeout (code=TIMEOUT, version=6.16.0)
[2026-05-27T12:43:24.315Z] Periodic check failed: request timeout (code=TIMEOUT, version=6.16.0)
[2026-05-27T12:43:54.325Z] FEE MONITOR ERROR: request timeout (code=TIMEOUT, version=6.16.0)
[2026-05-27T12:43:54.325Z] Periodic check failed: request timeout (code=TIMEOUT, version=6.16.0)
[2026-05-27T12:44:24.335Z] FEE MONITOR ERROR: request timeout (code=TIMEOUT, version=6.16.0)
[2026-05-27T12:44:24.335Z] Periodic check failed: request timeout (code=TIMEOUT, version=6.16.0)
[2026-05-27T12:44:54.345Z] FEE MONITOR ERROR: request timeout (code=TIMEOUT, version=6.16.0)
[2026-05-27T12:44:54.345Z] Periodic check failed: request timeout (code=TIMEOUT, version=6.16.0)
[2026-05-27T12:45:24.355Z] FEE MONITOR ERROR: request timeout (code=TIMEOUT, version=6.16.0)
[2026-05-27T12:45:24.355Z] Periodic check failed: request timeout (code=TIMEOUT, version=6.16.0)
[2026-05-27T12:45:54.365Z] FEE MONITOR ERROR: request timeout (code=TIMEOUT, version=6.16.0)
[2026-05-27T12:45:54.365Z] Periodic check failed: request timeout (code=TIMEOUT, version=6.16.0)
[2026-05-27T12:46:24.375Z] FEE MONITOR ERROR: request timeout (code=TIMEOUT, version=6.16.0)
[2026-05-27T12:46:24.375Z] Periodic check failed: request timeout (code=TIMEOUT, version=6.16.0)
[2026-05-27T12:46:54.385Z] FEE MONITOR ERROR: request timeout (code=TIMEOUT, version=6.16.0)
[2026-05-27T12:46:54.385Z] Periodic check failed: request timeout (code=TIMEOUT, version=6.16.0)
[2026-05-27T12:47:24.395Z] FEE MONITOR ERROR: request timeout (code=TIMEOUT, version=6.16.0)
[2026-05-27T12:47:24.395Z] Periodic check failed: request timeout (code=TIMEOUT, version=6.16.0)
[2026-05-27T12:47:54.405Z] FEE MONITOR ERROR: request timeout (code=TIMEOUT, version=6.16.0)
[2026-05-27T12:47:54.405Z] Periodic check failed: request timeout (code=TIMEOUT, version=6.16.0)
[2026-05-27T12:48:24.415Z] FEE MONITOR ERROR: request timeout (code=TIMEOUT, version=6.16.0)
[2026-05-27T12:48:24.415Z] Periodic check failed: request timeout (code=TIMEOUT, version=6.16.0)
[2026-05-27T12:48:54.425Z] FEE MONITOR ERROR: request timeout (code=TIMEOUT, version=6.16.0)
[2026-05-27T12:48:54.425Z] Periodic check failed: request timeout (code=TIMEOUT, version=6.16.0)
[2026-05-27T12:49:24.435Z] FEE MONITOR ERROR: request timeout (code=TIMEOUT, version=6.16.0)
[2026-05-27T12:49:24.435Z] Periodic check failed: request timeout (code=TIMEOUT, version=6.16.0)
[2026-05-27T12:49:54.445Z] FEE MONITOR ERROR: request timeout (code=TIMEOUT, version=6.16.0)
[2026-05-27T12:49:54.445Z] Periodic check failed: request timeout (code=TIMEOUT, version=6.16.0)
[2026-05-27T12:50:24.455Z] FEE MONITOR ERROR: request timeout (code=TIMEOUT, version=6.16.0)
[2026-05-27T12:50:24.455Z] Periodic check failed: request timeout (code=TIMEOUT, version=6.16.0)
[2026-05-27T12:50:54.465Z] FEE MONITOR ERROR: request timeout (code=TIMEOUT, version=6.16.0)
[2026-05-27T12:50:54.465Z] Periodic check failed: request timeout (code=TIMEOUT, version=6.16.0)
[2026-05-27T12:51:24.475Z] FEE MONITOR ERROR: request timeout (code=TIMEOUT, version=6.16.0)
[2026-05-27T12:51:24.475Z] Periodic check failed: request timeout (code=TIMEOUT, version=6.16.0)
[2026-05-27T12:51:54.485Z] FEE MONITOR ERROR: request timeout (code=TIMEOUT, version=6.16.0)
[2026-05-27T12:51:54.485Z] Periodic check failed: request timeout (code=TIMEOUT, version=6.16.0)
[2026-05-27T12:52:24.495Z] FEE MONITOR ERROR: request timeout (code=TIMEOUT, version=6.16.0)
[2026-05-27T12:52:24.495Z] Periodic check failed: request timeout (code=TIMEOUT, version=6.16.0)
[2026-05-27T12:52:54.505Z] FEE MONITOR ERROR: request timeout (code=TIMEOUT, version=6.16.0)
[2026-05-27T12:52:54.505Z] Periodic check failed: request timeout (code=TIMEOUT, version=6.16.0)
[2026-05-27T12:53:24.515Z] FEE MONITOR ERROR: request timeout (code=TIMEOUT, version=6.16.0)
[2026-05-27T12:53:24.515Z] Periodic check failed: request timeout (code=TIMEOUT, version=6.16.0)
[2026-05-27T12:53:54.525Z] FEE MONITOR ERROR: request timeout (code=TIMEOUT, version=6.16.0)
[2026-05-27T12:53:54.526Z] Periodic check failed: request timeout (code=TIMEOUT, version=6.16.0)
[2026-05-27T12:54:24.535Z] FEE MONITOR ERROR: request timeout (code=TIMEOUT, version=6.16.0)
[2026-05-27T12:54:24.535Z] Periodic check failed: request timeout (code=TIMEOUT, version=6.16.0)
[2026-05-27T12:54:54.545Z] FEE MONITOR ERROR: request timeout (code=TIMEOUT, version=6.16.0)
[2026-05-27T12:54:54.545Z] Periodic check failed: request timeout (code=TIMEOUT, version=6.16.0)
[2026-05-27T12:55:24.555Z] FEE MONITOR ERROR: request timeout (code=TIMEOUT, version=6.16.0)
[2026-05-27T12:55:24.555Z] Periodic check failed: request timeout (code=TIMEOUT, version=6.16.0)
[2026-05-27T12:55:54.565Z] FEE MONITOR ERROR: request timeout (code=TIMEOUT, version=6.16.0)
[2026-05-27T12:55:54.565Z] Periodic check failed: request timeout (code=TIMEOUT, version=6.16.0)
[2026-05-27T12:56:24.575Z] FEE MONITOR ERROR: request timeout (code=TIMEOUT, version=6.16.0)
[2026-05-27T12:56:24.575Z] Periodic check failed: request timeout (code=TIMEOUT, version=6.16.0)
[2026-05-27T12:56:54.585Z] FEE MONITOR ERROR: request timeout (code=TIMEOUT, version=6.16.0)
[2026-05-27T12:56:54.585Z] Periodic check failed: request timeout (code=TIMEOUT, version=6.16.0)
[2026-05-27T12:57:24.595Z] FEE MONITOR ERROR: request timeout (code=TIMEOUT, version=6.16.0)
[2026-05-27T12:57:24.595Z] Periodic check failed: request timeout (code=TIMEOUT, version=6.16.0)
[2026-05-27T12:57:54.605Z] FEE MONITOR ERROR: request timeout (code=TIMEOUT, version=6.16.0)
[2026-05-27T12:57:54.605Z] Periodic check failed: request timeout (code=TIMEOUT, version=6.16.0)
[2026-05-27T12:58:24.615Z] FEE MONITOR ERROR: request timeout (code=TIMEOUT, version=6.16.0)
[2026-05-27T12:58:24.615Z] Periodic check failed: request timeout (code=TIMEOUT, version=6.16.0)
[2026-05-27T12:58:54.625Z] FEE MONITOR ERROR: request timeout (code=TIMEOUT, version=6.16.0)
[2026-05-27T12:58:54.626Z] Periodic check failed: request timeout (code=TIMEOUT, version=6.16.0)
[2026-05-27T12:59:24.635Z] FEE MONITOR ERROR: request timeout (code=TIMEOUT, version=6.16.0)
[2026-05-27T12:59:24.635Z] Periodic check failed: request timeout (code=TIMEOUT, version=6.16.0)
[2026-05-27T12:59:54.645Z] FEE MONITOR ERROR: request timeout (code=TIMEOUT, version=6.16.0)
[2026-05-27T12:59:54.645Z] Periodic check failed: request timeout (code=TIMEOUT, version=6.16.0)
[2026-05-27T13:00:24.655Z] FEE MONITOR ERROR: request timeout (code=TIMEOUT, version=6.16.0)
[2026-05-27T13:00:24.655Z] Periodic check failed: request timeout (code=TIMEOUT, version=6.16.0)
[2026-05-27T13:00:54.666Z] FEE MONITOR ERROR: request timeout (code=TIMEOUT, version=6.16.0)
[2026-05-27T13:00:54.666Z] Periodic check failed: request timeout (code=TIMEOUT, version=6.16.0)
[2026-05-27T13:01:24.675Z] FEE MONITOR ERROR: request timeout (code=TIMEOUT, version=6.16.0)
[2026-05-27T13:01:24.675Z] Periodic check failed: request timeout (code=TIMEOUT, version=6.16.0)
[2026-05-27T13:01:54.685Z] FEE MONITOR ERROR: request timeout (code=TIMEOUT, version=6.16.0)
[2026-05-27T13:01:54.685Z] Periodic check failed: request timeout (code=TIMEOUT, version=6.16.0)
[2026-05-27T13:02:24.695Z] FEE MONITOR ERROR: request timeout (code=TIMEOUT, version=6.16.0)
[2026-05-27T13:02:24.695Z] Periodic check failed: request timeout (code=TIMEOUT, version=6.16.0)
[2026-05-27T13:02:54.705Z] FEE MONITOR ERROR: request timeout (code=TIMEOUT, version=6.16.0)
[2026-05-27T13:02:54.705Z] Periodic check failed: request timeout (code=TIMEOUT, version=6.16.0)
[2026-05-27T13:03:24.715Z] FEE MONITOR ERROR: request timeout (code=TIMEOUT, version=6.16.0)
[2026-05-27T13:03:24.715Z] Periodic check failed: request timeout (code=TIMEOUT, version=6.16.0)
[2026-05-27T13:03:54.725Z] FEE MONITOR ERROR: request timeout (code=TIMEOUT, version=6.16.0)
[2026-05-27T13:03:54.725Z] Periodic check failed: request timeout (code=TIMEOUT, version=6.16.0)
[2026-05-27T13:04:24.735Z] FEE MONITOR ERROR: request timeout (code=TIMEOUT, version=6.16.0)
[2026-05-27T13:04:24.735Z] Periodic check failed: request timeout (code=TIMEOUT, version=6.16.0)
[2026-05-27T13:04:54.746Z] FEE MONITOR ERROR: request timeout (code=TIMEOUT, version=6.16.0)
[2026-05-27T13:04:54.746Z] Periodic check failed: request timeout (code=TIMEOUT, version=6.16.0)
[2026-05-27T13:05:24.755Z] FEE MONITOR ERROR: request timeout (code=TIMEOUT, version=6.16.0)
[2026-05-27T13:05:24.755Z] Periodic check failed: request timeout (code=TIMEOUT, version=6.16.0)
[2026-05-27T13:05:54.765Z] FEE MONITOR ERROR: request timeout (code=TIMEOUT, version=6.16.0)
[2026-05-27T13:05:54.765Z] Periodic check failed: request timeout (code=TIMEOUT, version=6.16.0)
[2026-05-27T13:06:24.775Z] FEE MONITOR ERROR: request timeout (code=TIMEOUT, version=6.16.0)
[2026-05-27T13:06:24.775Z] Periodic check failed: request timeout (code=TIMEOUT, version=6.16.0)
[2026-05-27T13:06:54.785Z] FEE MONITOR ERROR: request timeout (code=TIMEOUT, version=6.16.0)
[2026-05-27T13:06:54.785Z] Periodic check failed: request timeout (code=TIMEOUT, version=6.16.0)
[2026-05-27T13:07:24.795Z] FEE MONITOR ERROR: request timeout (code=TIMEOUT, version=6.16.0)
[2026-05-27T13:07:24.795Z] Periodic check failed: request timeout (code=TIMEOUT, version=6.16.0)
[2026-05-27T13:07:54.805Z] FEE MONITOR ERROR: request timeout (code=TIMEOUT, version=6.16.0)
[2026-05-27T13:07:54.805Z] Periodic check failed: request timeout (code=TIMEOUT, version=6.16.0)
[2026-05-27T13:08:24.815Z] FEE MONITOR ERROR: request timeout (code=TIMEOUT, version=6.16.0)
[2026-05-27T13:08:24.815Z] Periodic check failed: request timeout (code=TIMEOUT, version=6.16.0)
[2026-05-27T13:08:54.825Z] FEE MONITOR ERROR: request timeout (code=TIMEOUT, version=6.16.0)
[2026-05-27T13:08:54.825Z] Periodic check failed: request timeout (code=TIMEOUT, version=6.16.0)
[2026-05-27T13:09:24.835Z] FEE MONITOR ERROR: request timeout (code=TIMEOUT, version=6.16.0)
[2026-05-27T13:09:24.835Z] Periodic check failed: request timeout (code=TIMEOUT, version=6.16.0)
[2026-05-27T13:09:54.845Z] FEE MONITOR ERROR: request timeout (code=TIMEOUT, version=6.16.0)
[2026-05-27T13:09:54.845Z] Periodic check failed: request timeout (code=TIMEOUT, version=6.16.0)
[2026-05-27T13:10:24.855Z] FEE MONITOR ERROR: request timeout (code=TIMEOUT, version=6.16.0)
[2026-05-27T13:10:24.855Z] Periodic check failed: request timeout (code=TIMEOUT, version=6.16.0)
[2026-05-27T13:10:54.865Z] FEE MONITOR ERROR: request timeout (code=TIMEOUT, version=6.16.0)
[2026-05-27T13:10:54.865Z] Periodic check failed: request timeout (code=TIMEOUT, version=6.16.0)
[2026-05-27T13:11:24.875Z] FEE MONITOR ERROR: request timeout (code=TIMEOUT, version=6.16.0)
[2026-05-27T13:11:24.875Z] Periodic check failed: request timeout (code=TIMEOUT, version=6.16.0)
[2026-05-27T13:11:54.885Z] FEE MONITOR ERROR: request timeout (code=TIMEOUT, version=6.16.0)
[2026-05-27T13:11:54.885Z] Periodic check failed: request timeout (code=TIMEOUT, version=6.16.0)
[2026-05-27T13:12:24.895Z] FEE MONITOR ERROR: request timeout (code=TIMEOUT, version=6.16.0)
[2026-05-27T13:12:24.895Z] Periodic check failed: request timeout (code=TIMEOUT, version=6.16.0)
[2026-05-27T13:12:54.905Z] FEE MONITOR ERROR: request timeout (code=TIMEOUT, version=6.16.0)
[2026-05-27T13:12:54.905Z] Periodic check failed: request timeout (code=TIMEOUT, version=6.16.0)
[2026-05-27T13:13:24.915Z] FEE MONITOR ERROR: request timeout (code=TIMEOUT, version=6.16.0)
[2026-05-27T13:13:24.915Z] Periodic check failed: request timeout (code=TIMEOUT, version=6.16.0)
[2026-05-27T13:13:54.925Z] FEE MONITOR ERROR: request timeout (code=TIMEOUT, version=6.16.0)
[2026-05-27T13:13:54.925Z] Periodic check failed: request timeout (code=TIMEOUT, version=6.16.0)
[2026-05-27T13:14:24.935Z] FEE MONITOR ERROR: request timeout (code=TIMEOUT, version=6.16.0)
[2026-05-27T13:14:24.935Z] Periodic check failed: request timeout (code=TIMEOUT, version=6.16.0)
[2026-05-27T13:14:54.945Z] FEE MONITOR ERROR: request timeout (code=TIMEOUT, version=6.16.0)
[2026-05-27T13:14:54.945Z] Periodic check failed: request timeout (code=TIMEOUT, version=6.16.0)
[2026-05-27T13:15:24.955Z] FEE MONITOR ERROR: request timeout (code=TIMEOUT, version=6.16.0)
[2026-05-27T13:15:24.955Z] Periodic check failed: request timeout (code=TIMEOUT, version=6.16.0)
[2026-05-27T13:15:54.965Z] FEE MONITOR ERROR: request timeout (code=TIMEOUT, version=6.16.0)
[2026-05-27T13:15:54.965Z] Periodic check failed: request timeout (code=TIMEOUT, version=6.16.0)
[2026-05-27T13:16:24.975Z] FEE MONITOR ERROR: request timeout (code=TIMEOUT, version=6.16.0)
[2026-05-27T13:16:24.975Z] Periodic check failed: request timeout (code=TIMEOUT, version=6.16.0)
[2026-05-27T13:16:54.985Z] FEE MONITOR ERROR: request timeout (code=TIMEOUT, version=6.16.0)
[2026-05-27T13:16:54.985Z] Periodic check failed: request timeout (code=TIMEOUT, version=6.16.0)
[2026-05-27T13:17:24.995Z] FEE MONITOR ERROR: request timeout (code=TIMEOUT, version=6.16.0)
[2026-05-27T13:17:24.995Z] Periodic check failed: request timeout (code=TIMEOUT, version=6.16.0)
[2026-05-27T13:17:55.005Z] FEE MONITOR ERROR: request timeout (code=TIMEOUT, version=6.16.0)
[2026-05-27T13:17:55.005Z] Periodic check failed: request timeout (code=TIMEOUT, version=6.16.0)
[2026-05-27T13:18:25.015Z] FEE MONITOR ERROR: request timeout (code=TIMEOUT, version=6.16.0)
[2026-05-27T13:18:25.015Z] Periodic check failed: request timeout (code=TIMEOUT, version=6.16.0)
[2026-05-27T13:18:55.025Z] FEE MONITOR ERROR: request timeout (code=TIMEOUT, version=6.16.0)
[2026-05-27T13:18:55.025Z] Periodic check failed: request timeout (code=TIMEOUT, version=6.16.0)
[2026-05-27T13:19:25.035Z] FEE MONITOR ERROR: request timeout (code=TIMEOUT, version=6.16.0)
[2026-05-27T13:19:25.035Z] Periodic check failed: request timeout (code=TIMEOUT, version=6.16.0)
[2026-05-27T13:19:55.045Z] FEE MONITOR ERROR: request timeout (code=TIMEOUT, version=6.16.0)
[2026-05-27T13:19:55.045Z] Periodic check failed: request timeout (code=TIMEOUT, version=6.16.0)
[2026-05-27T13:20:25.055Z] FEE MONITOR ERROR: request timeout (code=TIMEOUT, version=6.16.0)
[2026-05-27T13:20:25.055Z] Periodic check failed: request timeout (code=TIMEOUT, version=6.16.0)
[2026-05-27T13:20:55.065Z] FEE MONITOR ERROR: request timeout (code=TIMEOUT, version=6.16.0)
[2026-05-27T13:20:55.065Z] Periodic check failed: request timeout (code=TIMEOUT, version=6.16.0)
[2026-05-27T13:21:25.075Z] FEE MONITOR ERROR: request timeout (code=TIMEOUT, version=6.16.0)
[2026-05-27T13:21:25.075Z] Periodic check failed: request timeout (code=TIMEOUT, version=6.16.0)
[2026-05-27T13:21:55.085Z] FEE MONITOR ERROR: request timeout (code=TIMEOUT, version=6.16.0)
[2026-05-27T13:21:55.085Z] Periodic check failed: request timeout (code=TIMEOUT, version=6.16.0)
[2026-05-27T13:22:25.095Z] FEE MONITOR ERROR: request timeout (code=TIMEOUT, version=6.16.0)
[2026-05-27T13:22:25.096Z] Periodic check failed: request timeout (code=TIMEOUT, version=6.16.0)
[2026-05-27T13:22:55.105Z] FEE MONITOR ERROR: request timeout (code=TIMEOUT, version=6.16.0)
[2026-05-27T13:22:55.105Z] Periodic check failed: request timeout (code=TIMEOUT, version=6.16.0)
[2026-05-27T13:23:25.115Z] FEE MONITOR ERROR: request timeout (code=TIMEOUT, version=6.16.0)
[2026-05-27T13:23:25.115Z] Periodic check failed: request timeout (code=TIMEOUT, version=6.16.0)
[2026-05-27T13:23:55.125Z] FEE MONITOR ERROR: request timeout (code=TIMEOUT, version=6.16.0)
[2026-05-27T13:23:55.125Z] Periodic check failed: request timeout (code=TIMEOUT, version=6.16.0)
[2026-05-27T13:24:25.135Z] FEE MONITOR ERROR: request timeout (code=TIMEOUT, version=6.16.0)
[2026-05-27T13:24:25.135Z] Periodic check failed: request timeout (code=TIMEOUT, version=6.16.0)
[2026-05-27T13:24:55.145Z] FEE MONITOR ERROR: request timeout (code=TIMEOUT, version=6.16.0)
[2026-05-27T13:24:55.145Z] Periodic check failed: request timeout (code=TIMEOUT, version=6.16.0)
[2026-05-27T13:25:25.155Z] FEE MONITOR ERROR: request timeout (code=TIMEOUT, version=6.16.0)
[2026-05-27T13:25:25.155Z] Periodic check failed: request timeout (code=TIMEOUT, version=6.16.0)
[2026-05-27T13:25:55.165Z] FEE MONITOR ERROR: request timeout (code=TIMEOUT, version=6.16.0)
[2026-05-27T13:25:55.165Z] Periodic check failed: request timeout (code=TIMEOUT, version=6.16.0)
[2026-05-27T13:26:25.175Z] FEE MONITOR ERROR: request timeout (code=TIMEOUT, version=6.16.0)
[2026-05-27T13:26:25.175Z] Periodic check failed: request timeout (code=TIMEOUT, version=6.16.0)
[2026-05-27T13:26:55.185Z] FEE MONITOR ERROR: request timeout (code=TIMEOUT, version=6.16.0)
[2026-05-27T13:26:55.185Z] Periodic check failed: request timeout (code=TIMEOUT, version=6.16.0)
[2026-05-27T13:27:25.195Z] FEE MONITOR ERROR: request timeout (code=TIMEOUT, version=6.16.0)
[2026-05-27T13:27:25.195Z] Periodic check failed: request timeout (code=TIMEOUT, version=6.16.0)
[2026-05-27T13:27:55.205Z] FEE MONITOR ERROR: request timeout (code=TIMEOUT, version=6.16.0)
[2026-05-27T13:27:55.205Z] Periodic check failed: request timeout (code=TIMEOUT, version=6.16.0)
[2026-05-27T13:28:25.216Z] FEE MONITOR ERROR: request timeout (code=TIMEOUT, version=6.16.0)
[2026-05-27T13:28:25.216Z] Periodic check failed: request timeout (code=TIMEOUT, version=6.16.0)
[2026-05-27T13:28:55.227Z] FEE MONITOR ERROR: request timeout (code=TIMEOUT, version=6.16.0)
[2026-05-27T13:28:55.227Z] Periodic check failed: request timeout (code=TIMEOUT, version=6.16.0)
[2026-05-27T13:29:25.236Z] FEE MONITOR ERROR: request timeout (code=TIMEOUT, version=6.16.0)
[2026-05-27T13:29:25.236Z] Periodic check failed: request timeout (code=TIMEOUT, version=6.16.0)
[2026-05-27T13:29:55.246Z] FEE MONITOR ERROR: request timeout (code=TIMEOUT, version=6.16.0)
[2026-05-27T13:29:55.246Z] Periodic check failed: request timeout (code=TIMEOUT, version=6.16.0)
[2026-05-27T13:30:25.256Z] FEE MONITOR ERROR: request timeout (code=TIMEOUT, version=6.16.0)
[2026-05-27T13:30:25.256Z] Periodic check failed: request timeout (code=TIMEOUT, version=6.16.0)
[2026-05-27T13:30:55.266Z] FEE MONITOR ERROR: request timeout (code=TIMEOUT, version=6.16.0)
[2026-05-27T13:30:55.266Z] Periodic check failed: request timeout (code=TIMEOUT, version=6.16.0)
[2026-05-27T13:31:25.276Z] FEE MONITOR ERROR: request timeout (code=TIMEOUT, version=6.16.0)
[2026-05-27T13:31:25.276Z] Periodic check failed: request timeout (code=TIMEOUT, version=6.16.0)
[2026-05-27T13:31:55.286Z] FEE MONITOR ERROR: request timeout (code=TIMEOUT, version=6.16.0)
[2026-05-27T13:31:55.286Z] Periodic check failed: request timeout (code=TIMEOUT, version=6.16.0)
[2026-05-27T13:32:25.296Z] FEE MONITOR ERROR: request timeout (code=TIMEOUT, version=6.16.0)
[2026-05-27T13:32:25.296Z] Periodic check failed: request timeout (code=TIMEOUT, version=6.16.0)
[2026-05-27T13:32:55.306Z] FEE MONITOR ERROR: request timeout (code=TIMEOUT, version=6.16.0)
[2026-05-27T13:32:55.306Z] Periodic check failed: request timeout (code=TIMEOUT, version=6.16.0)
[2026-05-27T13:33:25.316Z] FEE MONITOR ERROR: request timeout (code=TIMEOUT, version=6.16.0)
[2026-05-27T13:33:25.316Z] Periodic check failed: request timeout (code=TIMEOUT, version=6.16.0)
[2026-05-27T13:33:55.326Z] FEE MONITOR ERROR: request timeout (code=TIMEOUT, version=6.16.0)
[2026-05-27T13:33:55.326Z] Periodic check failed: request timeout (code=TIMEOUT, version=6.16.0)
[2026-05-27T13:34:25.336Z] FEE MONITOR ERROR: request timeout (code=TIMEOUT, version=6.16.0)
[2026-05-27T13:34:25.336Z] Periodic check failed: request timeout (code=TIMEOUT, version=6.16.0)
[2026-05-27T13:34:55.346Z] FEE MONITOR ERROR: request timeout (code=TIMEOUT, version=6.16.0)
[2026-05-27T13:34:55.346Z] Periodic check failed: request timeout (code=TIMEOUT, version=6.16.0)
[2026-05-27T13:35:25.356Z] FEE MONITOR ERROR: request timeout (code=TIMEOUT, version=6.16.0)
[2026-05-27T13:35:25.356Z] Periodic check failed: request timeout (code=TIMEOUT, version=6.16.0)
[2026-05-27T13:35:55.366Z] FEE MONITOR ERROR: request timeout (code=TIMEOUT, version=6.16.0)
[2026-05-27T13:35:55.366Z] Periodic check failed: request timeout (code=TIMEOUT, version=6.16.0)
[2026-05-27T13:36:25.376Z] FEE MONITOR ERROR: request timeout (code=TIMEOUT, version=6.16.0)
[2026-05-27T13:36:25.376Z] Periodic check failed: request timeout (code=TIMEOUT, version=6.16.0)
[2026-05-27T13:36:55.386Z] FEE MONITOR ERROR: request timeout (code=TIMEOUT, version=6.16.0)
[2026-05-27T13:36:55.386Z] Periodic check failed: request timeout (code=TIMEOUT, version=6.16.0)
[2026-05-27T13:37:25.396Z] FEE MONITOR ERROR: request timeout (code=TIMEOUT, version=6.16.0)
[2026-05-27T13:37:25.396Z] Periodic check failed: request timeout (code=TIMEOUT, version=6.16.0)
[2026-05-27T13:37:55.406Z] FEE MONITOR ERROR: request timeout (code=TIMEOUT, version=6.16.0)
[2026-05-27T13:37:55.406Z] Periodic check failed: request timeout (code=TIMEOUT, version=6.16.0)
[2026-05-27T13:38:25.416Z] FEE MONITOR ERROR: request timeout (code=TIMEOUT, version=6.16.0)
[2026-05-27T13:38:25.416Z] Periodic check failed: request timeout (code=TIMEOUT, version=6.16.0)
[2026-05-27T13:38:55.426Z] FEE MONITOR ERROR: request timeout (code=TIMEOUT, version=6.16.0)
[2026-05-27T13:38:55.426Z] Periodic check failed: request timeout (code=TIMEOUT, version=6.16.0)
[2026-05-27T13:39:25.436Z] FEE MONITOR ERROR: request timeout (code=TIMEOUT, version=6.16.0)
[2026-05-27T13:39:25.436Z] Periodic check failed: request timeout (code=TIMEOUT, version=6.16.0)
[2026-05-27T13:39:55.447Z] FEE MONITOR ERROR: request timeout (code=TIMEOUT, version=6.16.0)
[2026-05-27T13:39:55.447Z] Periodic check failed: request timeout (code=TIMEOUT, version=6.16.0)
[2026-05-27T13:40:25.456Z] FEE MONITOR ERROR: request timeout (code=TIMEOUT, version=6.16.0)
[2026-05-27T13:40:25.456Z] Periodic check failed: request timeout (code=TIMEOUT, version=6.16.0)
[2026-05-27T13:40:55.466Z] FEE MONITOR ERROR: request timeout (code=TIMEOUT, version=6.16.0)
[2026-05-27T13:40:55.466Z] Periodic check failed: request timeout (code=TIMEOUT, version=6.16.0)
[2026-05-27T13:41:25.476Z] FEE MONITOR ERROR: request timeout (code=TIMEOUT, version=6.16.0)
[2026-05-27T13:41:25.476Z] Periodic check failed: request timeout (code=TIMEOUT, version=6.16.0)
[2026-05-27T13:41:55.486Z] FEE MONITOR ERROR: request timeout (code=TIMEOUT, version=6.16.0)
[2026-05-27T13:41:55.486Z] Periodic check failed: request timeout (code=TIMEOUT, version=6.16.0)
[2026-05-27T13:42:25.497Z] FEE MONITOR ERROR: request timeout (code=TIMEOUT, version=6.16.0)
[2026-05-27T13:42:25.497Z] Periodic check failed: request timeout (code=TIMEOUT, version=6.16.0)
[2026-05-27T13:42:55.506Z] FEE MONITOR ERROR: request timeout (code=TIMEOUT, version=6.16.0)
[2026-05-27T13:42:55.506Z] Periodic check failed: request timeout (code=TIMEOUT, version=6.16.0)
[2026-05-27T13:43:25.516Z] FEE MONITOR ERROR: request timeout (code=TIMEOUT, version=6.16.0)
[2026-05-27T13:43:25.516Z] Periodic check failed: request timeout (code=TIMEOUT, version=6.16.0)
[2026-05-27T13:43:55.526Z] FEE MONITOR ERROR: request timeout (code=TIMEOUT, version=6.16.0)
[2026-05-27T13:43:55.526Z] Periodic check failed: request timeout (code=TIMEOUT, version=6.16.0)
[2026-05-27T13:44:25.536Z] FEE MONITOR ERROR: request timeout (code=TIMEOUT, version=6.16.0)
[2026-05-27T13:44:25.536Z] Periodic check failed: request timeout (code=TIMEOUT, version=6.16.0)
[2026-05-27T13:44:55.546Z] FEE MONITOR ERROR: request timeout (code=TIMEOUT, version=6.16.0)
[2026-05-27T13:44:55.546Z] Periodic check failed: request timeout (code=TIMEOUT, version=6.16.0)
[2026-05-27T13:45:25.556Z] FEE MONITOR ERROR: request timeout (code=TIMEOUT, version=6.16.0)
[2026-05-27T13:45:25.556Z] Periodic check failed: request timeout (code=TIMEOUT, version=6.16.0)
[2026-05-27T13:45:55.566Z] FEE MONITOR ERROR: request timeout (code=TIMEOUT, version=6.16.0)
[2026-05-27T13:45:55.566Z] Periodic check failed: request timeout (code=TIMEOUT, version=6.16.0)
[2026-05-27T13:46:21.537Z] Fee check: 0.0003 USDC accumulated (0.0003 USDC in escrow)
[2026-05-27T13:46:51.562Z] Fee check: 0.0003 USDC accumulated (0.0003 USDC in escrow)
[2026-05-27T13:47:21.603Z] Fee check: 0.0003 USDC accumulated (0.0003 USDC in escrow)
[2026-05-27T13:47:51.617Z] Fee check: 0.0003 USDC accumulated (0.0003 USDC in escrow)
[2026-05-27T13:48:21.662Z] Fee check: 0.0003 USDC accumulated (0.0003 USDC in escrow)
[2026-05-27T13:48:51.674Z] Fee check: 0.0003 USDC accumulated (0.0003 USDC in escrow)
[2026-05-27T13:49:21.687Z] Fee check: 0.0003 USDC accumulated (0.0003 USDC in escrow)
[2026-05-27T13:49:51.712Z] Fee check: 0.0003 USDC accumulated (0.0003 USDC in escrow)
[2026-05-27T13:50:21.810Z] Fee check: 0.0003 USDC accumulated (0.0003 USDC in escrow)
[2026-05-27T13:50:51.775Z] Fee check: 0.0003 USDC accumulated (0.0003 USDC in escrow)
[2026-05-27T13:51:21.903Z] Fee check: 0.0003 USDC accumulated (0.0003 USDC in escrow)
[2026-05-27T13:51:51.817Z] Fee check: 0.0003 USDC accumulated (0.0003 USDC in escrow)
[2026-05-27T13:52:21.841Z] Fee check: 0.0003 USDC accumulated (0.0003 USDC in escrow)
[2026-05-27T13:52:51.856Z] Fee check: 0.0003 USDC accumulated (0.0003 USDC in escrow)
[2026-05-27T13:53:21.891Z] Fee check: 0.0003 USDC accumulated (0.0003 USDC in escrow)
[2026-05-27T13:53:51.909Z] Fee check: 0.0003 USDC accumulated (0.0003 USDC in escrow)
[2026-05-27T13:54:21.930Z] Fee check: 0.0003 USDC accumulated (0.0003 USDC in escrow)
[2026-05-27T13:54:51.965Z] Fee check: 0.0003 USDC accumulated (0.0003 USDC in escrow)
[2026-05-27T13:55:22.007Z] Fee check: 0.0003 USDC accumulated (0.0003 USDC in escrow)
[2026-05-27T13:55:52.006Z] Fee check: 0.0003 USDC accumulated (0.0003 USDC in escrow)
[2026-05-27T13:56:22.150Z] Fee check: 0.0003 USDC accumulated (0.0003 USDC in escrow)
[2026-05-27T13:56:52.042Z] Fee check: 0.0003 USDC accumulated (0.0003 USDC in escrow)
[2026-05-27T13:57:22.078Z] Fee check: 0.0003 USDC accumulated (0.0003 USDC in escrow)
[2026-05-27T13:57:52.360Z] Fee check: 0.0003 USDC accumulated (0.0003 USDC in escrow)
[2026-05-27T13:58:22.123Z] Fee check: 0.0003 USDC accumulated (0.0003 USDC in escrow)
[2026-05-27T13:58:52.140Z] Fee check: 0.0003 USDC accumulated (0.0003 USDC in escrow)
[2026-05-27T13:59:22.191Z] Fee check: 0.0003 USDC accumulated (0.0003 USDC in escrow)
[2026-05-27T13:59:52.184Z] Fee check: 0.0003 USDC accumulated (0.0003 USDC in escrow)
[2026-05-27T14:00:22.229Z] Fee check: 0.0003 USDC accumulated (0.0003 USDC in escrow)
[2026-05-27T14:00:52.246Z] Fee check: 0.0003 USDC accumulated (0.0003 USDC in escrow)
[2026-05-27T14:01:22.719Z] Fee check: 0.0003 USDC accumulated (0.0003 USDC in escrow)
[2026-05-27T14:01:52.545Z] Fee check: 0.0003 USDC accumulated (0.0003 USDC in escrow)
[2026-05-27T14:02:22.316Z] Fee check: 0.0003 USDC accumulated (0.0003 USDC in escrow)
[2026-05-27T14:02:52.326Z] Fee check: 0.0003 USDC accumulated (0.0003 USDC in escrow)
[2026-05-27T14:03:22.352Z] Fee check: 0.0003 USDC accumulated (0.0003 USDC in escrow)
[2026-05-27T14:03:52.383Z] Fee check: 0.0003 USDC accumulated (0.0003 USDC in escrow)
[2026-05-27T14:04:22.412Z] Fee check: 0.0003 USDC accumulated (0.0003 USDC in escrow)
[2026-05-27T14:04:52.442Z] Fee check: 0.0003 USDC accumulated (0.0003 USDC in escrow)
[2026-05-27T14:05:22.474Z] Fee check: 0.0003 USDC accumulated (0.0003 USDC in escrow)
[2026-05-27T14:05:52.474Z] Fee check: 0.0003 USDC accumulated (0.0003 USDC in escrow)
[2026-05-27T14:06:22.622Z] Fee check: 0.0003 USDC accumulated (0.0003 USDC in escrow)
[2026-05-27T14:06:52.647Z] Fee check: 0.0003 USDC accumulated (0.0003 USDC in escrow)
[2026-05-27T14:07:22.563Z] Fee check: 0.0003 USDC accumulated (0.0003 USDC in escrow)
[2026-05-27T14:07:52.597Z] Fee check: 0.0003 USDC accumulated (0.0003 USDC in escrow)
[2026-05-27T14:08:22.597Z] Fee check: 0.0003 USDC accumulated (0.0003 USDC in escrow)
[2026-05-27T14:08:52.638Z] Fee check: 0.0003 USDC accumulated (0.0003 USDC in escrow)
[2026-05-27T14:09:22.626Z] Fee check: 0.0003 USDC accumulated (0.0003 USDC in escrow)
[2026-05-27T14:09:52.693Z] Fee check: 0.0003 USDC accumulated (0.0003 USDC in escrow)
[2026-05-27T14:10:22.690Z] Fee check: 0.0003 USDC accumulated (0.0003 USDC in escrow)
[2026-05-27T14:10:52.709Z] Fee check: 0.0003 USDC accumulated (0.0003 USDC in escrow)
[2026-05-27T14:11:22.860Z] Fee check: 0.0003 USDC accumulated (0.0003 USDC in escrow)
[2026-05-27T14:11:53.013Z] Fee check: 0.0003 USDC accumulated (0.0003 USDC in escrow)
[2026-05-27T14:12:22.941Z] Fee check: 0.0003 USDC accumulated (0.0003 USDC in escrow)
[2026-05-27T14:12:52.816Z] Fee check: 0.0003 USDC accumulated (0.0003 USDC in escrow)
[2026-05-27T14:13:22.901Z] Fee check: 0.0003 USDC accumulated (0.0003 USDC in escrow)
[2026-05-27T14:13:52.885Z] Fee check: 0.0003 USDC accumulated (0.0003 USDC in escrow)
[2026-05-27T14:14:22.894Z] Fee check: 0.0003 USDC accumulated (0.0003 USDC in escrow)
[2026-05-27T14:14:52.896Z] Fee check: 0.0003 USDC accumulated (0.0003 USDC in escrow)
[2026-05-27T14:15:22.933Z] Fee check: 0.0003 USDC accumulated (0.0003 USDC in escrow)
[2026-05-27T14:15:52.941Z] Fee check: 0.0003 USDC accumulated (0.0003 USDC in escrow)
[2026-05-27T14:16:23.095Z] Fee check: 0.0003 USDC accumulated (0.0003 USDC in escrow)
[2026-05-27T14:16:53.152Z] Fee check: 0.0003 USDC accumulated (0.0003 USDC in escrow)
[2026-05-27T14:17:23.042Z] Fee check: 0.0003 USDC accumulated (0.0003 USDC in escrow)
[2026-05-27T14:17:53.062Z] Fee check: 0.0003 USDC accumulated (0.0003 USDC in escrow)
[2026-05-27T14:18:23.072Z] Fee check: 0.0003 USDC accumulated (0.0003 USDC in escrow)
[2026-05-27T14:18:53.114Z] Fee check: 0.0003 USDC accumulated (0.0003 USDC in escrow)
[2026-05-27T14:19:23.154Z] Fee check: 0.0003 USDC accumulated (0.0003 USDC in escrow)
[2026-05-27T14:19:53.168Z] Fee check: 0.0003 USDC accumulated (0.0003 USDC in escrow)
[2026-05-27T14:20:23.176Z] Fee check: 0.0003 USDC accumulated (0.0003 USDC in escrow)
[2026-05-27T14:20:53.186Z] Fee check: 0.0003 USDC accumulated (0.0003 USDC in escrow)
[2026-05-27T14:21:23.359Z] Fee check: 0.0003 USDC accumulated (0.0003 USDC in escrow)
[2026-05-27T14:21:53.489Z] Fee check: 0.0003 USDC accumulated (0.0003 USDC in escrow)
[2026-05-27T14:22:23.407Z] Fee check: 0.0003 USDC accumulated (0.0003 USDC in escrow)
[2026-05-27T14:22:53.300Z] Fee check: 0.0003 USDC accumulated (0.0003 USDC in escrow)
[2026-05-27T14:23:23.304Z] Fee check: 0.0003 USDC accumulated (0.0003 USDC in escrow)
[2026-05-27T14:23:53.347Z] Fee check: 0.0003 USDC accumulated (0.0003 USDC in escrow)
[2026-05-27T14:24:23.347Z] Fee check: 0.0003 USDC accumulated (0.0003 USDC in escrow)
[2026-05-27T14:24:53.401Z] Fee check: 0.0003 USDC accumulated (0.0003 USDC in escrow)
[2026-05-27T14:25:23.465Z] Fee check: 0.0003 USDC accumulated (0.0003 USDC in escrow)
[2026-05-27T14:25:53.430Z] Fee check: 0.0003 USDC accumulated (0.0003 USDC in escrow)
[2026-05-27T14:26:23.593Z] Fee check: 0.0003 USDC accumulated (0.0003 USDC in escrow)
[2026-05-27T14:26:53.697Z] Fee check: 0.0003 USDC accumulated (0.0003 USDC in escrow)
[2026-05-27T14:27:23.683Z] Fee check: 0.0003 USDC accumulated (0.0003 USDC in escrow)
[2026-05-27T14:27:53.532Z] Fee check: 0.0003 USDC accumulated (0.0003 USDC in escrow)
[2026-05-27T14:28:23.595Z] Fee check: 0.0003 USDC accumulated (0.0003 USDC in escrow)
[2026-05-27T14:28:53.582Z] Fee check: 0.0003 USDC accumulated (0.0003 USDC in escrow)
[2026-05-27T14:29:23.604Z] Fee check: 0.0003 USDC accumulated (0.0003 USDC in escrow)
[2026-05-27T14:29:53.636Z] Fee check: 0.0003 USDC accumulated (0.0003 USDC in escrow)
[2026-05-27T14:30:23.667Z] Fee check: 0.0003 USDC accumulated (0.0003 USDC in escrow)
[2026-05-27T14:30:53.664Z] Fee check: 0.0003 USDC accumulated (0.0003 USDC in escrow)
[2026-05-27T14:31:23.815Z] Fee check: 0.0003 USDC accumulated (0.0003 USDC in escrow)
[2026-05-27T14:31:54.136Z] Fee check: 0.0003 USDC accumulated (0.0003 USDC in escrow)
[2026-05-27T14:32:23.873Z] Fee check: 0.0003 USDC accumulated (0.0003 USDC in escrow)
[2026-05-27T14:32:53.768Z] Fee check: 0.0003 USDC accumulated (0.0003 USDC in escrow)
[2026-05-27T14:33:23.792Z] Fee check: 0.0003 USDC accumulated (0.0003 USDC in escrow)
[2026-05-27T14:33:53.847Z] Fee check: 0.0003 USDC accumulated (0.0003 USDC in escrow)
[2026-05-27T14:34:23.949Z] Fee check: 0.0003 USDC accumulated (0.0003 USDC in escrow)
[2026-05-27T14:34:53.876Z] Fee check: 0.0003 USDC accumulated (0.0003 USDC in escrow)
[2026-05-27T14:35:23.885Z] Fee check: 0.0003 USDC accumulated (0.0003 USDC in escrow)
[2026-05-27T14:35:53.937Z] Fee check: 0.0003 USDC accumulated (0.0003 USDC in escrow)
[2026-05-27T14:36:24.075Z] Fee check: 0.0003 USDC accumulated (0.0003 USDC in escrow)
[2026-05-27T14:36:54.098Z] Fee check: 0.0003 USDC accumulated (0.0003 USDC in escrow)
[2026-05-27T14:37:23.993Z] Fee check: 0.0003 USDC accumulated (0.0003 USDC in escrow)
[2026-05-27T14:37:54.040Z] Fee check: 0.0003 USDC accumulated (0.0003 USDC in escrow)
[2026-05-27T14:38:24.068Z] Fee check: 0.0003 USDC accumulated (0.0003 USDC in escrow)
[2026-05-27T14:38:54.046Z] Fee check: 0.0003 USDC accumulated (0.0003 USDC in escrow)
[2026-05-27T14:39:24.084Z] Fee check: 0.0003 USDC accumulated (0.0003 USDC in escrow)
[2026-05-27T14:39:54.145Z] Fee check: 0.0003 USDC accumulated (0.0003 USDC in escrow)
[2026-05-27T14:40:24.125Z] Fee check: 0.0003 USDC accumulated (0.0003 USDC in escrow)
[2026-05-27T14:40:54.234Z] Fee check: 0.0003 USDC accumulated (0.0003 USDC in escrow)
[2026-05-27T14:41:24.295Z] Fee check: 0.0003 USDC accumulated (0.0003 USDC in escrow)
[2026-05-27T14:41:54.441Z] Fee check: 0.0003 USDC accumulated (0.0003 USDC in escrow)
[2026-05-27T14:42:24.346Z] Fee check: 0.0003 USDC accumulated (0.0003 USDC in escrow)
[2026-05-27T14:42:54.341Z] Fee check: 0.0003 USDC accumulated (0.0003 USDC in escrow)
[2026-05-27T14:43:24.284Z] Fee check: 0.0003 USDC accumulated (0.0003 USDC in escrow)
[2026-05-27T14:43:54.318Z] Fee check: 0.0003 USDC accumulated (0.0003 USDC in escrow)
[2026-05-27T14:44:24.329Z] Fee check: 0.0003 USDC accumulated (0.0003 USDC in escrow)
[2026-05-27T14:44:54.338Z] Fee check: 0.0003 USDC accumulated (0.0003 USDC in escrow)
[2026-05-27T14:45:24.391Z] Fee check: 0.0003 USDC accumulated (0.0003 USDC in escrow)
[2026-05-27T14:45:54.390Z] Fee check: 0.0003 USDC accumulated (0.0003 USDC in escrow)
[2026-05-27T14:46:24.573Z] Fee check: 0.0003 USDC accumulated (0.0003 USDC in escrow)
[2026-05-27T14:46:54.598Z] Fee check: 0.0003 USDC accumulated (0.0003 USDC in escrow)
[2026-05-27T14:47:24.595Z] Fee check: 0.0003 USDC accumulated (0.0003 USDC in escrow)
[2026-05-27T14:47:54.498Z] Fee check: 0.0003 USDC accumulated (0.0003 USDC in escrow)
[2026-05-27T14:48:24.533Z] Fee check: 0.0003 USDC accumulated (0.0003 USDC in escrow)
[2026-05-27T14:48:54.533Z] Fee check: 0.0003 USDC accumulated (0.0003 USDC in escrow)
[2026-05-27T14:49:24.574Z] Fee check: 0.0003 USDC accumulated (0.0003 USDC in escrow)
[2026-05-27T14:49:54.577Z] Fee check: 0.0003 USDC accumulated (0.0003 USDC in escrow)
[2026-05-27T14:50:24.602Z] Fee check: 0.0003 USDC accumulated (0.0003 USDC in escrow)
[2026-05-27T14:50:54.629Z] Fee check: 0.0003 USDC accumulated (0.0003 USDC in escrow)
[2026-05-27T14:51:24.777Z] Fee check: 0.0003 USDC accumulated (0.0003 USDC in escrow)
[2026-05-27T14:51:54.931Z] Fee check: 0.0003 USDC accumulated (0.0003 USDC in escrow)
[2026-05-27T14:52:24.835Z] Fee check: 0.0003 USDC accumulated (0.0003 USDC in escrow)
[2026-05-27T14:52:54.759Z] Fee check: 0.0003 USDC accumulated (0.0003 USDC in escrow)
[2026-05-27T14:53:24.749Z] Fee check: 0.0003 USDC accumulated (0.0003 USDC in escrow)
[2026-05-27T14:53:54.798Z] Fee check: 0.0003 USDC accumulated (0.0003 USDC in escrow)
[2026-05-27T14:54:24.793Z] Fee check: 0.0003 USDC accumulated (0.0003 USDC in escrow)
[2026-05-27T14:54:54.814Z] Fee check: 0.0003 USDC accumulated (0.0003 USDC in escrow)
[2026-05-27T14:55:24.853Z] Fee check: 0.0003 USDC accumulated (0.0003 USDC in escrow)
[2026-05-27T14:55:54.883Z] Fee check: 0.0003 USDC accumulated (0.0003 USDC in escrow)
[2026-05-27T14:56:25.045Z] Fee check: 0.0003 USDC accumulated (0.0003 USDC in escrow)
[2026-05-27T14:56:55.056Z] Fee check: 0.0003 USDC accumulated (0.0003 USDC in escrow)
[2026-05-27T14:57:24.948Z] Fee check: 0.0003 USDC accumulated (0.0003 USDC in escrow)
[2026-05-27T14:57:55.588Z] Fee check: 0.0003 USDC accumulated (0.0003 USDC in escrow)
[2026-05-27T14:58:24.998Z] Fee check: 0.0003 USDC accumulated (0.0003 USDC in escrow)
[2026-05-27T14:58:55.288Z] Fee check: 0.0003 USDC accumulated (0.0003 USDC in escrow)
[2026-05-27T14:59:25.038Z] Fee check: 0.0003 USDC accumulated (0.0003 USDC in escrow)
[2026-05-27T14:59:55.071Z] Fee check: 0.0003 USDC accumulated (0.0003 USDC in escrow)
[2026-05-27T15:00:25.077Z] Fee check: 0.0003 USDC accumulated (0.0003 USDC in escrow)
[2026-05-27T15:00:55.105Z] Fee check: 0.0003 USDC accumulated (0.0003 USDC in escrow)
[2026-05-27T15:01:25.273Z] Fee check: 0.0003 USDC accumulated (0.0003 USDC in escrow)
[2026-05-27T15:01:55.540Z] Fee check: 0.0003 USDC accumulated (0.0003 USDC in escrow)
[2026-05-27T15:02:25.304Z] Fee check: 0.0003 USDC accumulated (0.0003 USDC in escrow)
[2026-05-27T15:02:55.226Z] Fee check: 0.0003 USDC accumulated (0.0003 USDC in escrow)
[2026-05-27T15:03:25.332Z] Fee check: 0.0003 USDC accumulated (0.0003 USDC in escrow)
[2026-05-27T15:03:55.325Z] Fee check: 0.0003 USDC accumulated (0.0003 USDC in escrow)
[2026-05-27T15:04:25.296Z] Fee check: 0.0003 USDC accumulated (0.0003 USDC in escrow)
[2026-05-27T15:04:55.346Z] Fee check: 0.0003 USDC accumulated (0.0003 USDC in escrow)
[2026-05-27T15:05:25.334Z] Fee check: 0.0003 USDC accumulated (0.0003 USDC in escrow)
[2026-05-27T15:05:55.375Z] Fee check: 0.0003 USDC accumulated (0.0003 USDC in escrow)
[2026-05-27T15:06:25.517Z] Fee check: 0.0003 USDC accumulated (0.0003 USDC in escrow)
[2026-05-27T15:06:55.545Z] Fee check: 0.0003 USDC accumulated (0.0003 USDC in escrow)
[2026-05-27T15:07:25.556Z] Fee check: 0.0003 USDC accumulated (0.0003 USDC in escrow)
[2026-05-27T15:07:55.798Z] Fee check: 0.0003 USDC accumulated (0.0003 USDC in escrow)
[2026-05-27T15:08:25.515Z] Fee check: 0.0003 USDC accumulated (0.0003 USDC in escrow)
[2026-05-27T15:08:55.595Z] Fee check: 0.0003 USDC accumulated (0.0003 USDC in escrow)
[2026-05-27T15:09:25.539Z] Fee check: 0.0003 USDC accumulated (0.0003 USDC in escrow)
[2026-05-27T15:09:55.601Z] Fee check: 0.0003 USDC accumulated (0.0003 USDC in escrow)
[2026-05-27T15:10:25.568Z] Fee check: 0.0003 USDC accumulated (0.0003 USDC in escrow)
[2026-05-27T15:10:55.642Z] Fee check: 0.0003 USDC accumulated (0.0003 USDC in escrow)
[2026-05-27T15:11:25.866Z] Fee check: 0.0003 USDC accumulated (0.0003 USDC in escrow)
[2026-05-27T15:11:55.937Z] Fee check: 0.0003 USDC accumulated (0.0003 USDC in escrow)
[2026-05-27T15:12:25.814Z] Fee check: 0.0003 USDC accumulated (0.0003 USDC in escrow)
[2026-05-27T15:12:55.757Z] Fee check: 0.0003 USDC accumulated (0.0003 USDC in escrow)
[2026-05-27T15:13:25.719Z] Fee check: 0.0003 USDC accumulated (0.0003 USDC in escrow)
[2026-05-27T15:13:55.734Z] Fee check: 0.0003 USDC accumulated (0.0003 USDC in escrow)
[2026-05-27T15:14:25.758Z] Fee check: 0.0003 USDC accumulated (0.0003 USDC in escrow)
[2026-05-27T15:14:55.800Z] Fee check: 0.0003 USDC accumulated (0.0003 USDC in escrow)
[2026-05-27T15:15:25.808Z] Fee check: 0.0003 USDC accumulated (0.0003 USDC in escrow)
[2026-05-27T15:15:55.827Z] Fee check: 0.0003 USDC accumulated (0.0003 USDC in escrow)
[2026-05-27T15:16:25.975Z] Fee check: 0.0003 USDC accumulated (0.0003 USDC in escrow)
[2026-05-27T15:16:55.995Z] Fee check: 0.0003 USDC accumulated (0.0003 USDC in escrow)
[2026-05-27T15:17:26.005Z] Fee check: 0.0003 USDC accumulated (0.0003 USDC in escrow)
[2026-05-27T15:17:56.192Z] Fee check: 0.0003 USDC accumulated (0.0003 USDC in escrow)
[2026-05-27T15:18:25.952Z] Fee check: 0.0003 USDC accumulated (0.0003 USDC in escrow)
[2026-05-27T15:18:55.963Z] Fee check: 0.0003 USDC accumulated (0.0003 USDC in escrow)
[2026-05-27T15:19:26.007Z] Fee check: 0.0003 USDC accumulated (0.0003 USDC in escrow)
[2026-05-27T15:19:56.036Z] Fee check: 0.0003 USDC accumulated (0.0003 USDC in escrow)
[2026-05-27T15:20:26.165Z] Fee check: 0.0003 USDC accumulated (0.0003 USDC in escrow)
[2026-05-27T15:20:56.069Z] Fee check: 0.0003 USDC accumulated (0.0003 USDC in escrow)
[2026-05-27T15:21:26.206Z] Fee check: 0.0003 USDC accumulated (0.0003 USDC in escrow)
[2026-05-27T15:21:56.244Z] Fee check: 0.0003 USDC accumulated (0.0003 USDC in escrow)
[2026-05-27T15:22:26.154Z] Fee check: 0.0003 USDC accumulated (0.0003 USDC in escrow)
[2026-05-27T15:22:56.168Z] Fee check: 0.0003 USDC accumulated (0.0003 USDC in escrow)
[2026-05-27T15:23:26.232Z] Fee check: 0.0003 USDC accumulated (0.0003 USDC in escrow)
[2026-05-27T15:23:56.206Z] Fee check: 0.0003 USDC accumulated (0.0003 USDC in escrow)
[2026-05-27T15:24:26.250Z] Fee check: 0.0003 USDC accumulated (0.0003 USDC in escrow)
[2026-05-27T15:24:56.525Z] Fee check: 0.0003 USDC accumulated (0.0003 USDC in escrow)
[2026-05-27T15:25:26.571Z] Fee check: 0.0003 USDC accumulated (0.0003 USDC in escrow)
[2026-05-27T15:25:56.312Z] Fee check: 0.0003 USDC accumulated (0.0003 USDC in escrow)
[2026-05-27T15:26:26.450Z] Fee check: 0.0003 USDC accumulated (0.0003 USDC in escrow)
[2026-05-27T15:26:56.484Z] Fee check: 0.0003 USDC accumulated (0.0003 USDC in escrow)
[2026-05-27T15:27:26.817Z] Fee check: 0.0003 USDC accumulated (0.0003 USDC in escrow)
[2026-05-27T15:27:56.383Z] Fee check: 0.0003 USDC accumulated (0.0003 USDC in escrow)
[2026-05-27T15:28:26.416Z] Fee check: 0.0003 USDC accumulated (0.0003 USDC in escrow)
[2026-05-27T15:28:56.431Z] Fee check: 0.0003 USDC accumulated (0.0003 USDC in escrow)
[2026-05-27T15:29:26.468Z] Fee check: 0.0003 USDC accumulated (0.0003 USDC in escrow)
[2026-05-27T15:29:56.532Z] Fee check: 0.0003 USDC accumulated (0.0003 USDC in escrow)
[2026-05-27T15:30:26.524Z] Fee check: 0.0003 USDC accumulated (0.0003 USDC in escrow)
[2026-05-27T15:30:56.540Z] Fee check: 0.0003 USDC accumulated (0.0003 USDC in escrow)
[2026-05-27T15:31:26.724Z] Fee check: 0.0003 USDC accumulated (0.0003 USDC in escrow)
[2026-05-27T15:31:56.829Z] Fee check: 0.0003 USDC accumulated (0.0003 USDC in escrow)
[2026-05-27T15:32:26.745Z] Fee check: 0.0003 USDC accumulated (0.0003 USDC in escrow)
[2026-05-27T15:32:56.638Z] Fee check: 0.0003 USDC accumulated (0.0003 USDC in escrow)
[2026-05-27T15:33:26.677Z] Fee check: 0.0003 USDC accumulated (0.0003 USDC in escrow)
[2026-05-27T15:33:56.677Z] Fee check: 0.0003 USDC accumulated (0.0003 USDC in escrow)
[2026-05-27T15:34:26.706Z] Fee check: 0.0003 USDC accumulated (0.0003 USDC in escrow)
[2026-05-27T15:34:56.733Z] Fee check: 0.0003 USDC accumulated (0.0003 USDC in escrow)
[2026-05-27T15:35:26.760Z] Fee check: 0.0003 USDC accumulated (0.0003 USDC in escrow)
[2026-05-27T15:35:56.785Z] Fee check: 0.0003 USDC accumulated (0.0003 USDC in escrow)
[2026-05-27T15:36:26.973Z] Fee check: 0.0003 USDC accumulated (0.0003 USDC in escrow)
[2026-05-27T15:36:56.950Z] Fee check: 0.0003 USDC accumulated (0.0003 USDC in escrow)
[2026-05-27T15:37:26.963Z] Fee check: 0.0003 USDC accumulated (0.0003 USDC in escrow)
[2026-05-27T15:37:56.870Z] Fee check: 0.0003 USDC accumulated (0.0003 USDC in escrow)
[2026-05-27T15:38:26.907Z] Fee check: 0.0003 USDC accumulated (0.0003 USDC in escrow)
[2026-05-27T15:38:56.939Z] Fee check: 0.0003 USDC accumulated (0.0003 USDC in escrow)
[2026-05-27T15:39:26.946Z] Fee check: 0.0003 USDC accumulated (0.0003 USDC in escrow)
[2026-05-27T15:39:57.007Z] Fee check: 0.0003 USDC accumulated (0.0003 USDC in escrow)
[2026-05-27T15:40:26.985Z] Fee check: 0.0003 USDC accumulated (0.0003 USDC in escrow)
[2026-05-27T15:40:57.036Z] Fee check: 0.0003 USDC accumulated (0.0003 USDC in escrow)
[2026-05-27T15:41:27.167Z] Fee check: 0.0003 USDC accumulated (0.0003 USDC in escrow)
[2026-05-27T15:41:57.185Z] Fee check: 0.0003 USDC accumulated (0.0003 USDC in escrow)
[2026-05-27T15:42:27.093Z] Fee check: 0.0003 USDC accumulated (0.0003 USDC in escrow)
[2026-05-27T15:42:57.111Z] Fee check: 0.0003 USDC accumulated (0.0003 USDC in escrow)
[2026-05-27T15:43:27.138Z] Fee check: 0.0003 USDC accumulated (0.0003 USDC in escrow)
[2026-05-27T15:43:57.167Z] Fee check: 0.0003 USDC accumulated (0.0003 USDC in escrow)
[2026-05-27T15:44:27.189Z] Fee check: 0.0003 USDC accumulated (0.0003 USDC in escrow)
[2026-05-27T15:44:57.223Z] Fee check: 0.0003 USDC accumulated (0.0003 USDC in escrow)
[2026-05-27T15:45:27.259Z] Fee check: 0.0003 USDC accumulated (0.0003 USDC in escrow)
[2026-05-27T15:45:57.262Z] Fee check: 0.0003 USDC accumulated (0.0003 USDC in escrow)
[2026-05-27T15:46:27.398Z] Fee check: 0.0003 USDC accumulated (0.0003 USDC in escrow)
[2026-05-27T15:46:57.436Z] Fee check: 0.0003 USDC accumulated (0.0003 USDC in escrow)
[2026-05-27T15:47:27.478Z] Fee check: 0.0003 USDC accumulated (0.0003 USDC in escrow)
[2026-05-27T15:47:57.334Z] Fee check: 0.0003 USDC accumulated (0.0003 USDC in escrow)
[2026-05-27T15:48:27.391Z] Fee check: 0.0003 USDC accumulated (0.0003 USDC in escrow)
[2026-05-27T15:48:57.395Z] Fee check: 0.0003 USDC accumulated (0.0003 USDC in escrow)
[2026-05-27T15:49:27.421Z] Fee check: 0.0003 USDC accumulated (0.0003 USDC in escrow)
[2026-05-27T15:49:57.554Z] Fee check: 0.0003 USDC accumulated (0.0003 USDC in escrow)
[2026-05-27T15:50:27.512Z] Fee check: 0.0003 USDC accumulated (0.0003 USDC in escrow)
[2026-05-27T15:50:57.490Z] Fee check: 0.0003 USDC accumulated (0.0003 USDC in escrow)
[2026-05-27T15:51:27.660Z] Fee check: 0.0003 USDC accumulated (0.0003 USDC in escrow)
[2026-05-27T15:51:57.796Z] Fee check: 0.0003 USDC accumulated (0.0003 USDC in escrow)
[2026-05-27T15:52:27.690Z] Fee check: 0.0003 USDC accumulated (0.0003 USDC in escrow)
[2026-05-27T15:52:57.586Z] Fee check: 0.0003 USDC accumulated (0.0003 USDC in escrow)
[2026-05-27T15:53:27.608Z] Fee check: 0.0003 USDC accumulated (0.0003 USDC in escrow)
[2026-05-27T15:53:57.640Z] Fee check: 0.0003 USDC accumulated (0.0003 USDC in escrow)
[2026-05-27T15:54:27.669Z] Fee check: 0.0003 USDC accumulated (0.0003 USDC in escrow)
[2026-05-27T15:54:57.690Z] Fee check: 0.0003 USDC accumulated (0.0003 USDC in escrow)
[2026-05-27T15:55:27.715Z] Fee check: 0.0003 USDC accumulated (0.0003 USDC in escrow)
[2026-05-27T15:55:57.741Z] Fee check: 0.0003 USDC accumulated (0.0003 USDC in escrow)
[2026-05-27T15:56:27.981Z] Fee check: 0.0003 USDC accumulated (0.0003 USDC in escrow)
[2026-05-27T15:56:57.912Z] Fee check: 0.0003 USDC accumulated (0.0003 USDC in escrow)
[2026-05-27T15:57:27.929Z] Fee check: 0.0003 USDC accumulated (0.0003 USDC in escrow)
[2026-05-27T15:57:57.836Z] Fee check: 0.0003 USDC accumulated (0.0003 USDC in escrow)
[2026-05-27T15:58:27.841Z] Fee check: 0.0003 USDC accumulated (0.0003 USDC in escrow)
[2026-05-27T15:58:57.870Z] Fee check: 0.0003 USDC accumulated (0.0003 USDC in escrow)
[2026-05-27T15:59:27.909Z] Fee check: 0.0003 USDC accumulated (0.0003 USDC in escrow)
[2026-05-27T15:59:57.951Z] Fee check: 0.0003 USDC accumulated (0.0003 USDC in escrow)
[2026-05-27T16:00:27.941Z] Fee check: 0.0003 USDC accumulated (0.0003 USDC in escrow)
[2026-05-27T16:00:57.992Z] Fee check: 0.0003 USDC accumulated (0.0003 USDC in escrow)
[2026-05-27T16:01:28.130Z] Fee check: 0.0003 USDC accumulated (0.0003 USDC in escrow)
[2026-05-27T16:01:58.145Z] Fee check: 0.0003 USDC accumulated (0.0003 USDC in escrow)
[2026-05-27T16:02:28.057Z] Fee check: 0.0003 USDC accumulated (0.0003 USDC in escrow)
[2026-05-27T16:02:58.084Z] Fee check: 0.0003 USDC accumulated (0.0003 USDC in escrow)
[2026-05-27T16:03:28.104Z] Fee check: 0.0003 USDC accumulated (0.0003 USDC in escrow)
[2026-05-27T16:03:58.118Z] Fee check: 0.0003 USDC accumulated (0.0003 USDC in escrow)
[2026-05-27T16:04:28.147Z] Fee check: 0.0003 USDC accumulated (0.0003 USDC in escrow)
[2026-05-27T16:04:58.166Z] Fee check: 0.0003 USDC accumulated (0.0003 USDC in escrow)
[2026-05-27T16:05:28.194Z] Fee check: 0.0003 USDC accumulated (0.0003 USDC in escrow)
[2026-05-27T16:05:58.234Z] Fee check: 0.0003 USDC accumulated (0.0003 USDC in escrow)
[2026-05-27T16:06:28.390Z] Fee check: 0.0003 USDC accumulated (0.0003 USDC in escrow)
[2026-05-27T16:06:58.403Z] Fee check: 0.0003 USDC accumulated (0.0003 USDC in escrow)
[2026-05-27T16:07:28.424Z] Fee check: 0.0003 USDC accumulated (0.0003 USDC in escrow)
[2026-05-27T16:07:58.312Z] Fee check: 0.0003 USDC accumulated (0.0003 USDC in escrow)
[2026-05-27T16:08:28.347Z] Fee check: 0.0003 USDC accumulated (0.0003 USDC in escrow)
[2026-05-27T16:08:58.374Z] Fee check: 0.0003 USDC accumulated (0.0003 USDC in escrow)
[2026-05-27T16:09:28.408Z] Fee check: 0.0003 USDC accumulated (0.0003 USDC in escrow)
[2026-05-27T16:09:58.407Z] Fee check: 0.0003 USDC accumulated (0.0003 USDC in escrow)
[2026-05-27T16:10:28.435Z] Fee check: 0.0003 USDC accumulated (0.0003 USDC in escrow)
[2026-05-27T16:10:58.445Z] Fee check: 0.0003 USDC accumulated (0.0003 USDC in escrow)
[2026-05-27T16:11:28.639Z] Fee check: 0.0003 USDC accumulated (0.0003 USDC in escrow)
[2026-05-27T16:11:58.756Z] Fee check: 0.0003 USDC accumulated (0.0003 USDC in escrow)
[2026-05-27T16:12:28.648Z] Fee check: 0.0003 USDC accumulated (0.0003 USDC in escrow)
[2026-05-27T16:12:58.615Z] Fee check: 0.0003 USDC accumulated (0.0003 USDC in escrow)
[2026-05-27T16:13:28.564Z] Fee check: 0.0003 USDC accumulated (0.0003 USDC in escrow)
[2026-05-27T16:13:58.611Z] Fee check: 0.0003 USDC accumulated (0.0003 USDC in escrow)
[2026-05-27T16:14:28.620Z] Fee check: 0.0003 USDC accumulated (0.0003 USDC in escrow)
[2026-05-27T16:14:58.643Z] Fee check: 0.0003 USDC accumulated (0.0003 USDC in escrow)
[2026-05-27T16:15:28.671Z] Fee check: 0.0003 USDC accumulated (0.0003 USDC in escrow)
[2026-05-27T16:15:58.699Z] Fee check: 0.0003 USDC accumulated (0.0003 USDC in escrow)
[2026-05-27T16:16:28.834Z] Fee check: 0.0003 USDC accumulated (0.0003 USDC in escrow)
[2026-05-27T16:16:58.877Z] Fee check: 0.0003 USDC accumulated (0.0003 USDC in escrow)
[2026-05-27T16:17:28.891Z] Fee check: 0.0003 USDC accumulated (0.0003 USDC in escrow)
[2026-05-27T16:17:58.783Z] Fee check: 0.0003 USDC accumulated (0.0003 USDC in escrow)
[2026-05-27T16:18:28.811Z] Fee check: 0.0003 USDC accumulated (0.0003 USDC in escrow)
[2026-05-27T16:18:58.824Z] Fee check: 0.0003 USDC accumulated (0.0003 USDC in escrow)
[2026-05-27T16:19:28.863Z] Fee check: 0.0003 USDC accumulated (0.0003 USDC in escrow)
[2026-05-27T16:19:58.894Z] Fee check: 0.0003 USDC accumulated (0.0003 USDC in escrow)
[2026-05-27T16:20:28.904Z] Fee check: 0.0003 USDC accumulated (0.0003 USDC in escrow)
[2026-05-27T16:20:58.943Z] Fee check: 0.0003 USDC accumulated (0.0003 USDC in escrow)
[2026-05-27T16:21:29.079Z] Fee check: 0.0003 USDC accumulated (0.0003 USDC in escrow)
[2026-05-27T16:21:59.119Z] Fee check: 0.0003 USDC accumulated (0.0003 USDC in escrow)
[2026-05-27T16:22:29.036Z] Fee check: 0.0003 USDC accumulated (0.0003 USDC in escrow)
[2026-05-27T16:22:59.619Z] Fee check: 0.0003 USDC accumulated (0.0003 USDC in escrow)
[2026-05-27T16:23:29.062Z] Fee check: 0.0003 USDC accumulated (0.0003 USDC in escrow)
[2026-05-27T16:23:59.062Z] Fee check: 0.0003 USDC accumulated (0.0003 USDC in escrow)
[2026-05-27T16:24:29.097Z] Fee check: 0.0003 USDC accumulated (0.0003 USDC in escrow)
[2026-05-27T16:24:59.125Z] Fee check: 0.0003 USDC accumulated (0.0003 USDC in escrow)
[2026-05-27T16:25:29.135Z] Fee check: 0.0003 USDC accumulated (0.0003 USDC in escrow)
[2026-05-27T16:25:59.191Z] Fee check: 0.0003 USDC accumulated (0.0003 USDC in escrow)
[2026-05-27T16:26:29.332Z] Fee check: 0.0003 USDC accumulated (0.0003 USDC in escrow)
[2026-05-27T16:26:59.357Z] Fee check: 0.0003 USDC accumulated (0.0003 USDC in escrow)
[2026-05-27T16:27:29.365Z] Fee check: 0.0003 USDC accumulated (0.0003 USDC in escrow)
[2026-05-27T16:27:59.277Z] Fee check: 0.0003 USDC accumulated (0.0003 USDC in escrow)
[2026-05-27T16:28:29.292Z] Fee check: 0.0003 USDC accumulated (0.0003 USDC in escrow)
[2026-05-27T16:28:59.307Z] Fee check: 0.0003 USDC accumulated (0.0003 USDC in escrow)
[2026-05-27T16:29:29.345Z] Fee check: 0.0003 USDC accumulated (0.0003 USDC in escrow)
[2026-05-27T16:29:59.360Z] Fee check: 0.0003 USDC accumulated (0.0003 USDC in escrow)
[2026-05-27T16:30:29.412Z] Fee check: 0.0003 USDC accumulated (0.0003 USDC in escrow)
[2026-05-27T16:30:59.412Z] Fee check: 0.0003 USDC accumulated (0.0003 USDC in escrow)
[2026-05-27T16:31:29.575Z] Fee check: 0.0003 USDC accumulated (0.0003 USDC in escrow)
[2026-05-27T16:31:59.716Z] Fee check: 0.0003 USDC accumulated (0.0003 USDC in escrow)
[2026-05-27T16:32:29.621Z] Fee check: 0.0003 USDC accumulated (0.0003 USDC in escrow)
[2026-05-27T16:32:59.500Z] Fee check: 0.0003 USDC accumulated (0.0003 USDC in escrow)
[2026-05-27T16:33:29.518Z] Fee check: 0.0003 USDC accumulated (0.0003 USDC in escrow)
[2026-05-27T16:33:59.573Z] Fee check: 0.0003 USDC accumulated (0.0003 USDC in escrow)
[2026-05-27T16:34:29.573Z] Fee check: 0.0003 USDC accumulated (0.0003 USDC in escrow)
[2026-05-27T16:34:59.611Z] Fee check: 0.0003 USDC accumulated (0.0003 USDC in escrow)
[2026-05-27T16:35:29.630Z] Fee check: 0.0003 USDC accumulated (0.0003 USDC in escrow)
[2026-05-27T16:35:59.663Z] Fee check: 0.0003 USDC accumulated (0.0003 USDC in escrow)
[2026-05-27T16:36:29.797Z] Fee check: 0.0003 USDC accumulated (0.0003 USDC in escrow)
[2026-05-27T16:36:59.826Z] Fee check: 0.0003 USDC accumulated (0.0003 USDC in escrow)
[2026-05-27T16:37:29.866Z] Fee check: 0.0003 USDC accumulated (0.0003 USDC in escrow)
[2026-05-27T16:37:59.753Z] Fee check: 0.0003 USDC accumulated (0.0003 USDC in escrow)
[2026-05-27T16:38:29.763Z] Fee check: 0.0003 USDC accumulated (0.0003 USDC in escrow)
[2026-05-27T16:38:59.805Z] Fee check: 0.0003 USDC accumulated (0.0003 USDC in escrow)
[2026-05-27T16:39:29.838Z] Fee check: 0.0003 USDC accumulated (0.0003 USDC in escrow)
[2026-05-27T16:39:59.856Z] Fee check: 0.0003 USDC accumulated (0.0003 USDC in escrow)
[2026-05-27T16:40:29.860Z] Fee check: 0.0003 USDC accumulated (0.0003 USDC in escrow)
[2026-05-27T16:41:00.014Z] Fee check: 0.0003 USDC accumulated (0.0003 USDC in escrow)
[2026-05-27T16:41:30.057Z] Fee check: 0.0003 USDC accumulated (0.0003 USDC in escrow)
[2026-05-27T16:42:00.061Z] Fee check: 0.0003 USDC accumulated (0.0003 USDC in escrow)
[2026-05-27T16:42:29.952Z] Fee check: 0.0003 USDC accumulated (0.0003 USDC in escrow)
[2026-05-27T16:42:59.988Z] Fee check: 0.0003 USDC accumulated (0.0003 USDC in escrow)
[2026-05-27T16:43:30.012Z] Fee check: 0.0003 USDC accumulated (0.0003 USDC in escrow)
[2026-05-27T16:44:00.027Z] Fee check: 0.0003 USDC accumulated (0.0003 USDC in escrow)
[2026-05-27T16:44:30.083Z] Fee check: 0.0003 USDC accumulated (0.0003 USDC in escrow)
[2026-05-27T16:45:00.108Z] Fee check: 0.0003 USDC accumulated (0.0003 USDC in escrow)
[2026-05-27T16:45:30.113Z] Fee check: 0.0003 USDC accumulated (0.0003 USDC in escrow)
[2026-05-27T16:46:00.125Z] Fee check: 0.0003 USDC accumulated (0.0003 USDC in escrow)
[2026-05-27T16:46:30.290Z] Fee check: 0.0003 USDC accumulated (0.0003 USDC in escrow)
[2026-05-27T16:47:00.313Z] Fee check: 0.0003 USDC accumulated (0.0003 USDC in escrow)
[2026-05-27T16:47:30.381Z] Fee check: 0.0003 USDC accumulated (0.0003 USDC in escrow)
[2026-05-27T16:48:00.226Z] Fee check: 0.0003 USDC accumulated (0.0003 USDC in escrow)
[2026-05-27T16:48:30.250Z] Fee check: 0.0003 USDC accumulated (0.0003 USDC in escrow)
[2026-05-27T16:49:00.271Z] Fee check: 0.0003 USDC accumulated (0.0003 USDC in escrow)
[2026-05-27T16:49:30.288Z] Fee check: 0.0003 USDC accumulated (0.0003 USDC in escrow)
[2026-05-27T16:50:00.444Z] Fee check: 0.0003 USDC accumulated (0.0003 USDC in escrow)
[2026-05-27T16:50:30.345Z] Fee check: 0.0003 USDC accumulated (0.0003 USDC in escrow)
[2026-05-27T16:51:00.393Z] Fee check: 0.0003 USDC accumulated (0.0003 USDC in escrow)
[2026-05-27T16:51:30.519Z] Fee check: 0.0003 USDC accumulated (0.0003 USDC in escrow)
[2026-05-27T16:52:00.889Z] Fee check: 0.0003 USDC accumulated (0.0003 USDC in escrow)
[2026-05-27T16:52:30.562Z] Fee check: 0.0003 USDC accumulated (0.0003 USDC in escrow)
[2026-05-27T16:53:00.457Z] Fee check: 0.0003 USDC accumulated (0.0003 USDC in escrow)
[2026-05-27T16:53:30.635Z] Fee check: 0.0003 USDC accumulated (0.0003 USDC in escrow)
[2026-05-27T16:54:00.525Z] Fee check: 0.0003 USDC accumulated (0.0003 USDC in escrow)
[2026-05-27T16:54:30.552Z] Fee check: 0.0003 USDC accumulated (0.0003 USDC in escrow)
[2026-05-27T16:55:00.557Z] Fee check: 0.0003 USDC accumulated (0.0003 USDC in escrow)
[2026-05-27T16:55:30.581Z] Fee check: 0.0003 USDC accumulated (0.0003 USDC in escrow)
[2026-05-27T16:56:00.607Z] Fee check: 0.0003 USDC accumulated (0.0003 USDC in escrow)
[2026-05-27T16:56:30.619Z] Fee check: 0.0003 USDC accumulated (0.0003 USDC in escrow)
[2026-05-27T16:57:01.006Z] Fee check: 0.0003 USDC accumulated (0.0003 USDC in escrow)
[2026-05-27T16:57:30.805Z] Fee check: 0.0003 USDC accumulated (0.0003 USDC in escrow)
[2026-05-27T16:58:00.703Z] Fee check: 0.0003 USDC accumulated (0.0003 USDC in escrow)
[2026-05-27T16:58:30.722Z] Fee check: 0.0003 USDC accumulated (0.0003 USDC in escrow)
[2026-05-27T16:59:00.938Z] Fee check: 0.0003 USDC accumulated (0.0003 USDC in escrow)
[2026-05-27T16:59:30.777Z] Fee check: 0.0003 USDC accumulated (0.0003 USDC in escrow)
[2026-05-27T17:00:00.808Z] Fee check: 0.0003 USDC accumulated (0.0003 USDC in escrow)
[2026-05-27T17:00:30.829Z] Fee check: 0.0003 USDC accumulated (0.0003 USDC in escrow)
[2026-05-27T17:01:00.868Z] Fee check: 0.0003 USDC accumulated (0.0003 USDC in escrow)
[2026-05-27T17:01:30.861Z] Fee check: 0.0003 USDC accumulated (0.0003 USDC in escrow)
[2026-05-27T17:02:01.142Z] Fee check: 0.0003 USDC accumulated (0.0003 USDC in escrow)
[2026-05-27T17:02:31.020Z] Fee check: 0.0003 USDC accumulated (0.0003 USDC in escrow)
[2026-05-27T17:03:00.920Z] Fee check: 0.0003 USDC accumulated (0.0003 USDC in escrow)
[2026-05-27T17:03:30.941Z] Fee check: 0.0003 USDC accumulated (0.0003 USDC in escrow)
[2026-05-27T17:04:00.965Z] Fee check: 0.0003 USDC accumulated (0.0003 USDC in escrow)
[2026-05-27T17:04:30.990Z] Fee check: 0.0003 USDC accumulated (0.0003 USDC in escrow)
[2026-05-27T17:05:01.014Z] Fee check: 0.0003 USDC accumulated (0.0003 USDC in escrow)
[2026-05-27T17:05:31.052Z] Fee check: 0.0003 USDC accumulated (0.0003 USDC in escrow)
[2026-05-27T17:06:01.088Z] Fee check: 0.0003 USDC accumulated (0.0003 USDC in escrow)
[2026-05-27T17:06:31.057Z] Fee check: 0.0003 USDC accumulated (0.0003 USDC in escrow)
[2026-05-27T17:07:01.244Z] Fee check: 0.0003 USDC accumulated (0.0003 USDC in escrow)
[2026-05-27T17:07:31.255Z] Fee check: 0.0003 USDC accumulated (0.0003 USDC in escrow)
[2026-05-27T17:08:01.135Z] Fee check: 0.0003 USDC accumulated (0.0003 USDC in escrow)
[2026-05-27T17:08:31.162Z] Fee check: 0.0003 USDC accumulated (0.0003 USDC in escrow)
[2026-05-27T17:09:01.182Z] Fee check: 0.0003 USDC accumulated (0.0003 USDC in escrow)
[2026-05-27T17:09:31.246Z] Fee check: 0.0003 USDC accumulated (0.0003 USDC in escrow)
[2026-05-27T17:10:01.460Z] Fee check: 0.0003 USDC accumulated (0.0003 USDC in escrow)
[2026-05-27T17:10:31.253Z] Fee check: 0.0003 USDC accumulated (0.0003 USDC in escrow)
[2026-05-27T17:11:01.303Z] Fee check: 0.0003 USDC accumulated (0.0003 USDC in escrow)
[2026-05-27T17:11:31.284Z] Fee check: 0.0003 USDC accumulated (0.0003 USDC in escrow)
[2026-05-27T17:12:01.453Z] Fee check: 0.0003 USDC accumulated (0.0003 USDC in escrow)
[2026-05-27T17:12:31.498Z] Fee check: 0.0003 USDC accumulated (0.0003 USDC in escrow)
[2026-05-27T17:13:01.481Z] Fee check: 0.0003 USDC accumulated (0.0003 USDC in escrow)
[2026-05-27T17:13:31.382Z] Fee check: 0.0003 USDC accumulated (0.0003 USDC in escrow)
[2026-05-27T17:14:01.413Z] Fee check: 0.0003 USDC accumulated (0.0003 USDC in escrow)
[2026-05-27T17:14:31.461Z] Fee check: 0.0003 USDC accumulated (0.0003 USDC in escrow)
[2026-05-27T17:15:01.468Z] Fee check: 0.0003 USDC accumulated (0.0003 USDC in escrow)
[2026-05-27T17:15:31.481Z] Fee check: 0.0003 USDC accumulated (0.0003 USDC in escrow)
[2026-05-27T17:16:01.507Z] Fee check: 0.0003 USDC accumulated (0.0003 USDC in escrow)
[2026-05-27T17:16:31.502Z] Fee check: 0.0003 USDC accumulated (0.0003 USDC in escrow)
[2026-05-27T17:17:01.644Z] Fee check: 0.0003 USDC accumulated (0.0003 USDC in escrow)
[2026-05-27T17:17:31.666Z] Fee check: 0.0003 USDC accumulated (0.0003 USDC in escrow)
[2026-05-27T17:18:01.689Z] Fee check: 0.0003 USDC accumulated (0.0003 USDC in escrow)
[2026-05-27T17:18:31.607Z] Fee check: 0.0003 USDC accumulated (0.0003 USDC in escrow)
[2026-05-27T17:19:01.623Z] Fee check: 0.0003 USDC accumulated (0.0003 USDC in escrow)
[2026-05-27T17:19:31.649Z] Fee check: 0.0003 USDC accumulated (0.0003 USDC in escrow)
[2026-05-27T17:20:01.691Z] Fee check: 0.0003 USDC accumulated (0.0003 USDC in escrow)
[2026-05-27T17:20:31.686Z] Fee check: 0.0003 USDC accumulated (0.0003 USDC in escrow)
[2026-05-27T17:21:01.711Z] Fee check: 0.0003 USDC accumulated (0.0003 USDC in escrow)
[2026-05-27T17:21:31.721Z] Fee check: 0.0003 USDC accumulated (0.0003 USDC in escrow)
[2026-05-27T17:22:01.877Z] Fee check: 0.0003 USDC accumulated (0.0003 USDC in escrow)
[2026-05-27T17:22:31.894Z] Fee check: 0.0003 USDC accumulated (0.0003 USDC in escrow)
[2026-05-27T17:23:01.960Z] Fee check: 0.0003 USDC accumulated (0.0003 USDC in escrow)
[2026-05-27T17:23:31.799Z] Fee check: 0.0003 USDC accumulated (0.0003 USDC in escrow)
[2026-05-27T17:24:01.846Z] Fee check: 0.0003 USDC accumulated (0.0003 USDC in escrow)
[2026-05-27T17:24:31.863Z] Fee check: 0.0003 USDC accumulated (0.0003 USDC in escrow)
[2026-05-27T17:25:01.883Z] Fee check: 0.0003 USDC accumulated (0.0003 USDC in escrow)
[2026-05-27T17:25:31.902Z] Fee check: 0.0003 USDC accumulated (0.0003 USDC in escrow)
[2026-05-27T17:26:01.946Z] Fee check: 0.0003 USDC accumulated (0.0003 USDC in escrow)
[2026-05-27T17:26:31.929Z] Fee check: 0.0003 USDC accumulated (0.0003 USDC in escrow)
[2026-05-27T17:27:02.110Z] Fee check: 0.0003 USDC accumulated (0.0003 USDC in escrow)
[2026-05-27T17:27:32.161Z] Fee check: 0.0003 USDC accumulated (0.0003 USDC in escrow)
[2026-05-27T17:28:01.996Z] Fee check: 0.0003 USDC accumulated (0.0003 USDC in escrow)
[2026-05-27T17:28:32.019Z] Fee check: 0.0003 USDC accumulated (0.0003 USDC in escrow)
[2026-05-27T17:29:02.063Z] Fee check: 0.0003 USDC accumulated (0.0003 USDC in escrow)
[2026-05-27T17:29:32.077Z] Fee check: 0.0003 USDC accumulated (0.0003 USDC in escrow)
[2026-05-27T17:30:02.104Z] Fee check: 0.0003 USDC accumulated (0.0003 USDC in escrow)
[2026-05-27T17:30:32.108Z] Fee check: 0.0003 USDC accumulated (0.0003 USDC in escrow)
[2026-05-27T17:31:02.135Z] Fee check: 0.0003 USDC accumulated (0.0003 USDC in escrow)
[2026-05-27T17:31:32.151Z] Fee check: 0.0003 USDC accumulated (0.0003 USDC in escrow)
[2026-05-27T17:32:02.290Z] Fee check: 0.0003 USDC accumulated (0.0003 USDC in escrow)
[2026-05-27T17:32:32.306Z] Fee check: 0.0003 USDC accumulated (0.0003 USDC in escrow)
[2026-05-27T17:33:02.647Z] Fee check: 0.0003 USDC accumulated (0.0003 USDC in escrow)
[2026-05-27T17:33:32.343Z] Fee check: 0.0003 USDC accumulated (0.0003 USDC in escrow)
[2026-05-27T17:34:02.267Z] Fee check: 0.0003 USDC accumulated (0.0003 USDC in escrow)
[2026-05-27T17:34:32.280Z] Fee check: 0.0003 USDC accumulated (0.0003 USDC in escrow)
[2026-05-27T17:35:02.339Z] Fee check: 0.0003 USDC accumulated (0.0003 USDC in escrow)
[2026-05-27T17:35:32.351Z] Fee check: 0.0003 USDC accumulated (0.0003 USDC in escrow)
[2026-05-27T17:36:02.354Z] Fee check: 0.0003 USDC accumulated (0.0003 USDC in escrow)
[2026-05-27T17:36:32.363Z] Fee check: 0.0003 USDC accumulated (0.0003 USDC in escrow)
[2026-05-27T17:37:02.542Z] Fee check: 0.0003 USDC accumulated (0.0003 USDC in escrow)
[2026-05-27T17:37:32.538Z] Fee check: 0.0003 USDC accumulated (0.0003 USDC in escrow)
[2026-05-27T17:38:02.565Z] Fee check: 0.0003 USDC accumulated (0.0003 USDC in escrow)
[2026-05-27T17:38:32.450Z] Fee check: 0.0003 USDC accumulated (0.0003 USDC in escrow)
[2026-05-27T17:39:02.506Z] Fee check: 0.0003 USDC accumulated (0.0003 USDC in escrow)
[2026-05-27T17:39:32.503Z] Fee check: 0.0003 USDC accumulated (0.0003 USDC in escrow)
[2026-05-27T17:40:02.537Z] Fee check: 0.0003 USDC accumulated (0.0003 USDC in escrow)
[2026-05-27T17:40:32.554Z] Fee check: 0.0003 USDC accumulated (0.0003 USDC in escrow)
[2026-05-27T17:41:02.572Z] Fee check: 0.0003 USDC accumulated (0.0003 USDC in escrow)
[2026-05-27T17:41:32.579Z] Fee check: 0.0003 USDC accumulated (0.0003 USDC in escrow)
[2026-05-27T17:42:02.726Z] Fee check: 0.0003 USDC accumulated (0.0003 USDC in escrow)
[2026-05-27T17:42:32.740Z] Fee check: 0.0003 USDC accumulated (0.0003 USDC in escrow)
[2026-05-27T17:43:02.775Z] Fee check: 0.0003 USDC accumulated (0.0003 USDC in escrow)
[2026-05-27T17:43:32.806Z] Fee check: 0.0003 USDC accumulated (0.0003 USDC in escrow)
[2026-05-27T17:44:02.710Z] Fee check: 0.0003 USDC accumulated (0.0003 USDC in escrow)
[2026-05-27T17:44:32.751Z] Fee check: 0.0003 USDC accumulated (0.0003 USDC in escrow)
[2026-05-27T17:45:02.766Z] Fee check: 0.0003 USDC accumulated (0.0003 USDC in escrow)
[2026-05-27T17:45:32.810Z] Fee check: 0.0003 USDC accumulated (0.0003 USDC in escrow)
[2026-05-27T17:46:02.853Z] Fee check: 0.0003 USDC accumulated (0.0003 USDC in escrow)
[2026-05-27T17:46:32.780Z] Fee check: 0.0003 USDC accumulated (0.0003 USDC in escrow)
[2026-05-27T17:47:03.340Z] Fee check: 0.0003 USDC accumulated (0.0003 USDC in escrow)
[2026-05-27T17:47:32.855Z] Fee check: 0.0003 USDC accumulated (0.0003 USDC in escrow)
[2026-05-27T17:48:03.172Z] Fee check: 0.0003 USDC accumulated (0.0003 USDC in escrow)
[2026-05-27T17:48:33.031Z] Fee check: 0.0003 USDC accumulated (0.0003 USDC in escrow)
[2026-05-27T17:49:02.899Z] Fee check: 0.0003 USDC accumulated (0.0003 USDC in escrow)
[2026-05-27T17:49:32.937Z] Fee check: 0.0003 USDC accumulated (0.0003 USDC in escrow)
[2026-05-27T17:50:02.981Z] Fee check: 0.0003 USDC accumulated (0.0003 USDC in escrow)
[2026-05-27T17:50:32.975Z] Fee check: 0.0003 USDC accumulated (0.0003 USDC in escrow)
[2026-05-27T17:51:03.013Z] Fee check: 0.0003 USDC accumulated (0.0003 USDC in escrow)
[2026-05-27T17:51:33.006Z] Fee check: 0.0003 USDC accumulated (0.0003 USDC in escrow)
[2026-05-27T17:52:03.075Z] Fee check: 0.0003 USDC accumulated (0.0003 USDC in escrow)
[2026-05-27T17:52:33.193Z] Fee check: 0.0003 USDC accumulated (0.0003 USDC in escrow)
[2026-05-27T17:53:03.194Z] Fee check: 0.0003 USDC accumulated (0.0003 USDC in escrow)
[2026-05-27T17:53:33.104Z] Fee check: 0.0003 USDC accumulated (0.0003 USDC in escrow)
[2026-05-27T17:54:03.139Z] Fee check: 0.0003 USDC accumulated (0.0003 USDC in escrow)
[2026-05-27T17:54:33.186Z] Fee check: 0.0003 USDC accumulated (0.0003 USDC in escrow)
[2026-05-27T17:55:03.173Z] Fee check: 0.0003 USDC accumulated (0.0003 USDC in escrow)
[2026-05-27T17:55:33.206Z] Fee check: 0.0003 USDC accumulated (0.0003 USDC in escrow)
[2026-05-27T17:56:03.223Z] Fee check: 0.0003 USDC accumulated (0.0003 USDC in escrow)
[2026-05-27T17:56:33.251Z] Fee check: 0.0003 USDC accumulated (0.0003 USDC in escrow)
[2026-05-27T17:57:03.249Z] Fee check: 0.0003 USDC accumulated (0.0003 USDC in escrow)
[2026-05-27T17:57:33.383Z] Fee check: 0.0003 USDC accumulated (0.0003 USDC in escrow)
[2026-05-27T17:58:03.540Z] Fee check: 0.0003 USDC accumulated (0.0003 USDC in escrow)
[2026-05-27T17:58:33.443Z] Fee check: 0.0003 USDC accumulated (0.0003 USDC in escrow)
[2026-05-27T17:59:03.342Z] Fee check: 0.0003 USDC accumulated (0.0003 USDC in escrow)
[2026-05-27T17:59:33.356Z] Fee check: 0.0003 USDC accumulated (0.0003 USDC in escrow)
[2026-05-27T18:00:03.419Z] Fee check: 0.0003 USDC accumulated (0.0003 USDC in escrow)
[2026-05-27T18:00:33.418Z] Fee check: 0.0003 USDC accumulated (0.0003 USDC in escrow)
[2026-05-27T18:01:03.436Z] Fee check: 0.0003 USDC accumulated (0.0003 USDC in escrow)
[2026-05-27T18:01:33.452Z] Fee check: 0.0003 USDC accumulated (0.0003 USDC in escrow)
[2026-05-27T18:02:03.462Z] Fee check: 0.0003 USDC accumulated (0.0003 USDC in escrow)
[2026-05-27T18:02:33.588Z] Fee check: 0.0003 USDC accumulated (0.0003 USDC in escrow)
[2026-05-27T18:03:03.641Z] Fee check: 0.0003 USDC accumulated (0.0003 USDC in escrow)
[2026-05-27T18:03:33.668Z] Fee check: 0.0003 USDC accumulated (0.0003 USDC in escrow)
[2026-05-27T18:04:03.553Z] Fee check: 0.0003 USDC accumulated (0.0003 USDC in escrow)
[2026-05-27T18:04:33.632Z] Fee check: 0.0003 USDC accumulated (0.0003 USDC in escrow)
[2026-05-27T18:05:03.606Z] Fee check: 0.0003 USDC accumulated (0.0003 USDC in escrow)
[2026-05-27T18:05:33.616Z] Fee check: 0.0003 USDC accumulated (0.0003 USDC in escrow)
[2026-05-27T18:06:03.664Z] Fee check: 0.0003 USDC accumulated (0.0003 USDC in escrow)
[2026-05-27T18:06:33.673Z] Fee check: 0.0003 USDC accumulated (0.0003 USDC in escrow)
[2026-05-27T18:07:03.686Z] Fee check: 0.0003 USDC accumulated (0.0003 USDC in escrow)
[2026-05-27T18:07:33.838Z] Fee check: 0.0003 USDC accumulated (0.0003 USDC in escrow)
[2026-05-27T18:08:03.964Z] Fee check: 0.0003 USDC accumulated (0.0003 USDC in escrow)
[2026-05-27T18:08:33.870Z] Fee check: 0.0003 USDC accumulated (0.0003 USDC in escrow)
[2026-05-27T18:09:03.772Z] Fee check: 0.0003 USDC accumulated (0.0003 USDC in escrow)
[2026-05-27T18:09:33.791Z] Fee check: 0.0003 USDC accumulated (0.0003 USDC in escrow)
[2026-05-27T18:10:03.833Z] Fee check: 0.0003 USDC accumulated (0.0003 USDC in escrow)
[2026-05-27T18:10:33.841Z] Fee check: 0.0003 USDC accumulated (0.0003 USDC in escrow)
[2026-05-27T18:11:03.877Z] Fee check: 0.0003 USDC accumulated (0.0003 USDC in escrow)
[2026-05-27T18:11:33.868Z] Fee check: 0.0003 USDC accumulated (0.0003 USDC in escrow)
[2026-05-27T18:12:03.882Z] Fee check: 0.0003 USDC accumulated (0.0003 USDC in escrow)
[2026-05-27T18:12:34.050Z] Fee check: 0.0003 USDC accumulated (0.0003 USDC in escrow)
[2026-05-27T18:13:04.062Z] Fee check: 0.0003 USDC accumulated (0.0003 USDC in escrow)
[2026-05-27T18:13:33.964Z] Fee check: 0.0003 USDC accumulated (0.0003 USDC in escrow)
[2026-05-27T18:14:03.993Z] Fee check: 0.0003 USDC accumulated (0.0003 USDC in escrow)
[2026-05-27T18:14:34.026Z] Fee check: 0.0003 USDC accumulated (0.0003 USDC in escrow)
[2026-05-27T18:15:04.032Z] Fee check: 0.0003 USDC accumulated (0.0003 USDC in escrow)
[2026-05-27T18:15:34.051Z] Fee check: 0.0003 USDC accumulated (0.0003 USDC in escrow)
[2026-05-27T18:16:04.093Z] Fee check: 0.0003 USDC accumulated (0.0003 USDC in escrow)
[2026-05-27T18:16:34.080Z] Fee check: 0.0003 USDC accumulated (0.0003 USDC in escrow)
[2026-05-27T18:17:04.121Z] Fee check: 0.0003 USDC accumulated (0.0003 USDC in escrow)
[2026-05-27T18:17:34.255Z] Fee check: 0.0003 USDC accumulated (0.0003 USDC in escrow)
[2026-05-27T18:18:04.416Z] Fee check: 0.0003 USDC accumulated (0.0003 USDC in escrow)
[2026-05-27T18:18:34.293Z] Fee check: 0.0003 USDC accumulated (0.0003 USDC in escrow)
[2026-05-27T18:19:04.217Z] Fee check: 0.0003 USDC accumulated (0.0003 USDC in escrow)
[2026-05-27T18:19:34.219Z] Fee check: 0.0003 USDC accumulated (0.0003 USDC in escrow)
[2026-05-27T18:20:04.243Z] Fee check: 0.0003 USDC accumulated (0.0003 USDC in escrow)
[2026-05-27T18:20:34.301Z] Fee check: 0.0003 USDC accumulated (0.0003 USDC in escrow)
[2026-05-27T18:21:04.301Z] Fee check: 0.0003 USDC accumulated (0.0003 USDC in escrow)
[2026-05-27T18:21:34.310Z] Fee check: 0.0003 USDC accumulated (0.0003 USDC in escrow)
[2026-05-27T18:22:04.324Z] Fee check: 0.0003 USDC accumulated (0.0003 USDC in escrow)
[2026-05-27T18:22:34.458Z] Fee check: 0.0003 USDC accumulated (0.0003 USDC in escrow)
[2026-05-27T18:23:04.487Z] Fee check: 0.0003 USDC accumulated (0.0003 USDC in escrow)
[2026-05-27T18:23:34.508Z] Fee check: 0.0003 USDC accumulated (0.0003 USDC in escrow)
[2026-05-27T18:24:04.414Z] Fee check: 0.0003 USDC accumulated (0.0003 USDC in escrow)
[2026-05-27T18:24:34.438Z] Fee check: 0.0003 USDC accumulated (0.0003 USDC in escrow)
[2026-05-27T18:25:04.717Z] Fee check: 0.0003 USDC accumulated (0.0003 USDC in escrow)
[2026-05-27T18:25:34.483Z] Fee check: 0.0003 USDC accumulated (0.0003 USDC in escrow)
[2026-05-27T18:26:04.515Z] Fee check: 0.0003 USDC accumulated (0.0003 USDC in escrow)
[2026-05-27T18:26:34.523Z] Fee check: 0.0003 USDC accumulated (0.0003 USDC in escrow)
[2026-05-27T18:27:04.577Z] Fee check: 0.0003 USDC accumulated (0.0003 USDC in escrow)
[2026-05-27T18:27:34.688Z] Fee check: 0.0003 USDC accumulated (0.0003 USDC in escrow)
[2026-05-27T18:28:04.861Z] Fee check: 0.0003 USDC accumulated (0.0003 USDC in escrow)
[2026-05-27T18:28:34.728Z] Fee check: 0.0003 USDC accumulated (0.0003 USDC in escrow)
[2026-05-27T18:29:04.640Z] Fee check: 0.0003 USDC accumulated (0.0003 USDC in escrow)
[2026-05-27T18:29:34.647Z] Fee check: 0.0003 USDC accumulated (0.0003 USDC in escrow)
[2026-05-27T18:30:04.710Z] Fee check: 0.0003 USDC accumulated (0.0003 USDC in escrow)
[2026-05-27T18:30:34.712Z] Fee check: 0.0003 USDC accumulated (0.0003 USDC in escrow)
[2026-05-27T18:31:04.725Z] Fee check: 0.0003 USDC accumulated (0.0003 USDC in escrow)
[2026-05-27T18:31:34.712Z] Fee check: 0.0003 USDC accumulated (0.0003 USDC in escrow)
[2026-05-27T18:32:04.747Z] Fee check: 0.0003 USDC accumulated (0.0003 USDC in escrow)
[2026-05-27T18:32:34.897Z] Fee check: 0.0003 USDC accumulated (0.0003 USDC in escrow)
[2026-05-27T18:33:04.928Z] Fee check: 0.0003 USDC accumulated (0.0003 USDC in escrow)
[2026-05-27T18:33:35.221Z] Fee check: 0.0003 USDC accumulated (0.0003 USDC in escrow)
[2026-05-27T18:34:04.855Z] Fee check: 0.0003 USDC accumulated (0.0003 USDC in escrow)
[2026-05-27T18:34:34.870Z] Fee check: 0.0003 USDC accumulated (0.0003 USDC in escrow)
[2026-05-27T18:35:04.899Z] Fee check: 0.0003 USDC accumulated (0.0003 USDC in escrow)
[2026-05-27T18:35:34.919Z] Fee check: 0.0003 USDC accumulated (0.0003 USDC in escrow)
[2026-05-27T18:36:04.976Z] Fee check: 0.0003 USDC accumulated (0.0003 USDC in escrow)
[2026-05-27T18:36:34.955Z] Fee check: 0.0003 USDC accumulated (0.0003 USDC in escrow)
[2026-05-27T18:37:04.976Z] Fee check: 0.0003 USDC accumulated (0.0003 USDC in escrow)
[2026-05-27T18:37:35.479Z] Fee check: 0.0003 USDC accumulated (0.0003 USDC in escrow)
[2026-05-27T18:38:05.136Z] Fee check: 0.0003 USDC accumulated (0.0003 USDC in escrow)
[2026-05-27T18:38:35.026Z] Fee check: 0.0003 USDC accumulated (0.0003 USDC in escrow)
[2026-05-27T18:39:05.061Z] Fee check: 0.0003 USDC accumulated (0.0003 USDC in escrow)
[2026-05-27T18:39:35.092Z] Fee check: 0.0003 USDC accumulated (0.0003 USDC in escrow)
[2026-05-27T18:40:05.126Z] Fee check: 0.0003 USDC accumulated (0.0003 USDC in escrow)
[2026-05-27T18:40:35.137Z] Fee check: 0.0003 USDC accumulated (0.0003 USDC in escrow)
[2026-05-27T18:41:05.176Z] Fee check: 0.0003 USDC accumulated (0.0003 USDC in escrow)
[2026-05-27T18:41:35.164Z] Fee check: 0.0003 USDC accumulated (0.0003 USDC in escrow)
[2026-05-27T18:42:05.209Z] Fee check: 0.0003 USDC accumulated (0.0003 USDC in escrow)
[2026-05-27T18:42:35.212Z] Fee check: 0.0003 USDC accumulated (0.0003 USDC in escrow)
[2026-05-27T18:43:05.386Z] Fee check: 0.0003 USDC accumulated (0.0003 USDC in escrow)
[2026-05-27T18:43:35.377Z] Fee check: 0.0003 USDC accumulated (0.0003 USDC in escrow)
[2026-05-27T18:44:05.276Z] Fee check: 0.0003 USDC accumulated (0.0003 USDC in escrow)
[2026-05-27T18:44:35.307Z] Fee check: 0.0003 USDC accumulated (0.0003 USDC in escrow)
[2026-05-27T18:45:05.345Z] Fee check: 0.0003 USDC accumulated (0.0003 USDC in escrow)
[2026-05-27T18:45:35.359Z] Fee check: 0.0003 USDC accumulated (0.0003 USDC in escrow)
[2026-05-27T18:46:05.405Z] Fee check: 0.0003 USDC accumulated (0.0003 USDC in escrow)
[2026-05-27T18:46:35.708Z] Fee check: 0.0003 USDC accumulated (0.0003 USDC in escrow)
[2026-05-27T18:47:05.410Z] Fee check: 0.0003 USDC accumulated (0.0003 USDC in escrow)
[2026-05-27T18:47:35.425Z] Fee check: 0.0003 USDC accumulated (0.0003 USDC in escrow)
[2026-05-27T18:48:05.708Z] Fee check: 0.0003 USDC accumulated (0.0003 USDC in escrow)
[2026-05-27T18:48:35.599Z] Fee check: 0.0003 USDC accumulated (0.0003 USDC in escrow)
[2026-05-27T18:49:05.500Z] Fee check: 0.0003 USDC accumulated (0.0003 USDC in escrow)
[2026-05-27T18:49:35.517Z] Fee check: 0.0003 USDC accumulated (0.0003 USDC in escrow)
[2026-05-27T18:50:05.563Z] Fee check: 0.0003 USDC accumulated (0.0003 USDC in escrow)
[2026-05-27T18:50:35.579Z] Fee check: 0.0003 USDC accumulated (0.0003 USDC in escrow)
[2026-05-27T18:51:05.587Z] Fee check: 0.0003 USDC accumulated (0.0003 USDC in escrow)
[2026-05-27T18:51:35.589Z] Fee check: 0.0003 USDC accumulated (0.0003 USDC in escrow)
[2026-05-27T18:52:05.606Z] Fee check: 0.0003 USDC accumulated (0.0003 USDC in escrow)
[2026-05-27T18:52:35.644Z] Fee check: 0.0003 USDC accumulated (0.0003 USDC in escrow)
[2026-05-27T18:53:05.796Z] Fee check: 0.0003 USDC accumulated (0.0003 USDC in escrow)
[2026-05-27T18:53:35.811Z] Fee check: 0.0003 USDC accumulated (0.0003 USDC in escrow)
[2026-05-27T18:54:05.710Z] Fee check: 0.0003 USDC accumulated (0.0003 USDC in escrow)
[2026-05-27T18:54:35.726Z] Fee check: 0.0003 USDC accumulated (0.0003 USDC in escrow)
[2026-05-27T18:55:05.761Z] Fee check: 0.0003 USDC accumulated (0.0003 USDC in escrow)
[2026-05-27T18:55:35.785Z] Fee check: 0.0003 USDC accumulated (0.0003 USDC in escrow)
[2026-05-27T18:56:05.817Z] Fee check: 0.0003 USDC accumulated (0.0003 USDC in escrow)
[2026-05-27T18:56:35.803Z] Fee check: 0.0003 USDC accumulated (0.0003 USDC in escrow)
[2026-05-27T18:57:05.839Z] Fee check: 0.0003 USDC accumulated (0.0003 USDC in escrow)
[2026-05-27T18:57:35.860Z] Fee check: 0.0003 USDC accumulated (0.0003 USDC in escrow)
[2026-05-27T18:58:06.149Z] Fee check: 0.0003 USDC accumulated (0.0003 USDC in escrow)
[2026-05-27T18:58:36.023Z] Fee check: 0.0003 USDC accumulated (0.0003 USDC in escrow)
[2026-05-27T18:59:05.925Z] Fee check: 0.0003 USDC accumulated (0.0003 USDC in escrow)
[2026-05-27T18:59:35.942Z] Fee check: 0.0003 USDC accumulated (0.0003 USDC in escrow)
[2026-05-27T19:00:05.991Z] Fee check: 0.0003 USDC accumulated (0.0003 USDC in escrow)
[2026-05-27T19:00:36.043Z] Fee check: 0.0003 USDC accumulated (0.0003 USDC in escrow)
[2026-05-27T19:01:06.040Z] Fee check: 0.0003 USDC accumulated (0.0003 USDC in escrow)
[2026-05-27T19:01:36.098Z] Fee check: 0.0003 USDC accumulated (0.0003 USDC in escrow)
[2026-05-27T19:02:06.079Z] Fee check: 0.0003 USDC accumulated (0.0003 USDC in escrow)
[2026-05-27T19:02:36.085Z] Fee check: 0.0003 USDC accumulated (0.0003 USDC in escrow)
[2026-05-27T19:03:06.485Z] Fee check: 0.0003 USDC accumulated (0.0003 USDC in escrow)
[2026-05-27T19:03:36.236Z] Fee check: 0.0003 USDC accumulated (0.0003 USDC in escrow)
[2026-05-27T19:04:06.134Z] Fee check: 0.0003 USDC accumulated (0.0003 USDC in escrow)
[2026-05-27T19:04:36.181Z] Fee check: 0.0003 USDC accumulated (0.0003 USDC in escrow)
[2026-05-27T19:05:06.488Z] Fee check: 0.0003 USDC accumulated (0.0003 USDC in escrow)
[2026-05-27T19:05:36.220Z] Fee check: 0.0003 USDC accumulated (0.0003 USDC in escrow)
[2026-05-27T19:06:06.242Z] Fee check: 0.0003 USDC accumulated (0.0003 USDC in escrow)
[2026-05-27T19:06:36.229Z] Fee check: 0.0003 USDC accumulated (0.0003 USDC in escrow)
[2026-05-27T19:07:06.243Z] Fee check: 0.0003 USDC accumulated (0.0003 USDC in escrow)
[2026-05-27T19:07:36.308Z] Fee check: 0.0003 USDC accumulated (0.0003 USDC in escrow)
[2026-05-27T19:08:06.451Z] Fee check: 0.0003 USDC accumulated (0.0003 USDC in escrow)
[2026-05-27T19:08:36.480Z] Fee check: 0.0003 USDC accumulated (0.0003 USDC in escrow)
[2026-05-27T19:09:06.479Z] Fee check: 0.0003 USDC accumulated (0.0003 USDC in escrow)
[2026-05-27T19:09:36.396Z] Fee check: 0.0003 USDC accumulated (0.0003 USDC in escrow)
[2026-05-27T19:10:06.399Z] Fee check: 0.0003 USDC accumulated (0.0003 USDC in escrow)
[2026-05-27T19:10:36.801Z] Fee check: 0.0003 USDC accumulated (0.0003 USDC in escrow)
[2026-05-27T19:11:06.471Z] Fee check: 0.0003 USDC accumulated (0.0003 USDC in escrow)
[2026-05-27T19:11:36.722Z] Fee check: 0.0003 USDC accumulated (0.0003 USDC in escrow)
[2026-05-27T19:12:06.495Z] Fee check: 0.0003 USDC accumulated (0.0003 USDC in escrow)
[2026-05-27T19:12:36.493Z] Fee check: 0.0003 USDC accumulated (0.0003 USDC in escrow)
[2026-05-27T19:13:06.913Z] Fee check: 0.0003 USDC accumulated (0.0003 USDC in escrow)
[2026-05-27T19:13:36.687Z] Fee check: 0.0003 USDC accumulated (0.0003 USDC in escrow)
[2026-05-27T19:14:06.717Z] Fee check: 0.0003 USDC accumulated (0.0003 USDC in escrow)
[2026-05-27T19:14:36.847Z] Fee check: 0.0003 USDC accumulated (0.0003 USDC in escrow)
[2026-05-27T19:15:06.606Z] Fee check: 0.0003 USDC accumulated (0.0003 USDC in escrow)
[2026-05-27T19:15:36.654Z] Fee check: 0.0003 USDC accumulated (0.0003 USDC in escrow)
[2026-05-27T19:16:06.657Z] Fee check: 0.0003 USDC accumulated (0.0003 USDC in escrow)
[2026-05-27T19:16:36.660Z] Fee check: 0.0003 USDC accumulated (0.0003 USDC in escrow)
[2026-05-27T19:17:06.711Z] Fee check: 0.0003 USDC accumulated (0.0003 USDC in escrow)
[2026-05-27T19:17:36.711Z] Fee check: 0.0003 USDC accumulated (0.0003 USDC in escrow)
[2026-05-27T19:18:06.882Z] Fee check: 0.0003 USDC accumulated (0.0003 USDC in escrow)
[2026-05-27T19:18:37.163Z] Fee check: 0.0003 USDC accumulated (0.0003 USDC in escrow)
[2026-05-27T19:19:06.937Z] Fee check: 0.0003 USDC accumulated (0.0003 USDC in escrow)
[2026-05-27T19:19:36.846Z] Fee check: 0.0003 USDC accumulated (0.0003 USDC in escrow)
[2026-05-27T19:20:06.847Z] Fee check: 0.0003 USDC accumulated (0.0003 USDC in escrow)
[2026-05-27T19:20:37.119Z] Fee check: 0.0003 USDC accumulated (0.0003 USDC in escrow)
[2026-05-27T19:21:06.869Z] Fee check: 0.0003 USDC accumulated (0.0003 USDC in escrow)
[2026-05-27T19:21:36.890Z] Fee check: 0.0003 USDC accumulated (0.0003 USDC in escrow)
[2026-05-27T19:22:06.928Z] Fee check: 0.0003 USDC accumulated (0.0003 USDC in escrow)
[2026-05-27T19:22:36.936Z] Fee check: 0.0003 USDC accumulated (0.0003 USDC in escrow)
[2026-05-27T19:23:07.079Z] Fee check: 0.0003 USDC accumulated (0.0003 USDC in escrow)
[2026-05-27T19:23:37.114Z] Fee check: 0.0003 USDC accumulated (0.0003 USDC in escrow)
[2026-05-27T19:24:07.016Z] Fee check: 0.0003 USDC accumulated (0.0003 USDC in escrow)
[2026-05-27T19:24:37.017Z] Fee check: 0.0003 USDC accumulated (0.0003 USDC in escrow)
[2026-05-27T19:25:07.052Z] Fee check: 0.0003 USDC accumulated (0.0003 USDC in escrow)
[2026-05-27T19:25:37.070Z] Fee check: 0.0003 USDC accumulated (0.0003 USDC in escrow)
[2026-05-27T19:26:07.101Z] Fee check: 0.0003 USDC accumulated (0.0003 USDC in escrow)
[2026-05-27T19:26:37.097Z] Fee check: 0.0003 USDC accumulated (0.0003 USDC in escrow)
[2026-05-27T19:27:07.111Z] Fee check: 0.0003 USDC accumulated (0.0003 USDC in escrow)
[2026-05-27T19:27:37.164Z] Fee check: 0.0003 USDC accumulated (0.0003 USDC in escrow)
[2026-05-27T19:28:07.657Z] Fee check: 0.0003 USDC accumulated (0.0003 USDC in escrow)
[2026-05-27T19:28:37.322Z] Fee check: 0.0003 USDC accumulated (0.0003 USDC in escrow)
[2026-05-27T19:29:07.365Z] Fee check: 0.0003 USDC accumulated (0.0003 USDC in escrow)
[2026-05-27T19:29:37.244Z] Fee check: 0.0003 USDC accumulated (0.0003 USDC in escrow)
[2026-05-27T19:30:07.830Z] Fee check: 0.0003 USDC accumulated (0.0003 USDC in escrow)
[2026-05-27T19:30:37.536Z] Fee check: 0.0003 USDC accumulated (0.0003 USDC in escrow)
[2026-05-27T19:31:07.299Z] Fee check: 0.0003 USDC accumulated (0.0003 USDC in escrow)
[2026-05-27T19:31:37.301Z] Fee check: 0.0003 USDC accumulated (0.0003 USDC in escrow)
[2026-05-27T19:32:07.322Z] Fee check: 0.0003 USDC accumulated (0.0003 USDC in escrow)
[2026-05-27T19:32:37.372Z] Fee check: 0.0003 USDC accumulated (0.0003 USDC in escrow)
[2026-05-27T19:33:07.531Z] Fee check: 0.0003 USDC accumulated (0.0003 USDC in escrow)
[2026-05-27T19:33:37.543Z] Fee check: 0.0003 USDC accumulated (0.0003 USDC in escrow)
[2026-05-27T19:34:07.814Z] Fee check: 0.0003 USDC accumulated (0.0003 USDC in escrow)
[2026-05-27T19:34:37.461Z] Fee check: 0.0003 USDC accumulated (0.0003 USDC in escrow)
[2026-05-27T19:35:07.462Z] Fee check: 0.0003 USDC accumulated (0.0003 USDC in escrow)
[2026-05-27T19:35:37.489Z] Fee check: 0.0003 USDC accumulated (0.0003 USDC in escrow)
[2026-05-27T19:36:07.533Z] Fee check: 0.0003 USDC accumulated (0.0003 USDC in escrow)
[2026-05-27T19:36:37.539Z] Fee check: 0.0003 USDC accumulated (0.0003 USDC in escrow)
[2026-05-27T19:37:07.683Z] Fee check: 0.0003 USDC accumulated (0.0003 USDC in escrow)
[2026-05-27T19:37:37.822Z] Fee check: 0.0003 USDC accumulated (0.0003 USDC in escrow)
[2026-05-27T19:38:07.742Z] Fee check: 0.0003 USDC accumulated (0.0003 USDC in escrow)
[2026-05-27T19:38:37.742Z] Fee check: 0.0003 USDC accumulated (0.0003 USDC in escrow)
[2026-05-27T19:39:07.853Z] Fee check: 0.0003 USDC accumulated (0.0003 USDC in escrow)
[2026-05-27T19:39:37.663Z] Fee check: 0.0003 USDC accumulated (0.0003 USDC in escrow)
[2026-05-27T19:40:07.715Z] Fee check: 0.0003 USDC accumulated (0.0003 USDC in escrow)
[2026-05-27T19:40:37.717Z] Fee check: 0.0003 USDC accumulated (0.0003 USDC in escrow)
[2026-05-27T19:41:07.769Z] Fee check: 0.0003 USDC accumulated (0.0003 USDC in escrow)
[2026-05-27T19:41:37.746Z] Fee check: 0.0003 USDC accumulated (0.0003 USDC in escrow)
[2026-05-27T19:42:07.776Z] Fee check: 0.0003 USDC accumulated (0.0003 USDC in escrow)
[2026-05-27T19:42:37.785Z] Fee check: 0.0003 USDC accumulated (0.0003 USDC in escrow)
[2026-05-27T19:43:07.970Z] Fee check: 0.0003 USDC accumulated (0.0003 USDC in escrow)
[2026-05-27T19:43:38.232Z] Fee check: 0.0003 USDC accumulated (0.0003 USDC in escrow)
[2026-05-27T19:44:07.994Z] Fee check: 0.0003 USDC accumulated (0.0003 USDC in escrow)
[2026-05-27T19:44:37.878Z] Fee check: 0.0003 USDC accumulated (0.0003 USDC in escrow)
[2026-05-27T19:45:07.921Z] Fee check: 0.0003 USDC accumulated (0.0003 USDC in escrow)
[2026-05-27T19:45:37.937Z] Fee check: 0.0003 USDC accumulated (0.0003 USDC in escrow)
[2026-05-27T19:46:07.964Z] Fee check: 0.0003 USDC accumulated (0.0003 USDC in escrow)
[2026-05-27T19:46:37.971Z] Fee check: 0.0003 USDC accumulated (0.0003 USDC in escrow)
[2026-05-27T19:47:08.258Z] Fee check: 0.0003 USDC accumulated (0.0003 USDC in escrow)
[2026-05-27T19:47:37.990Z] Fee check: 0.0003 USDC accumulated (0.0003 USDC in escrow)
[2026-05-27T19:48:08.143Z] Fee check: 0.0003 USDC accumulated (0.0003 USDC in escrow)
[2026-05-27T19:48:38.186Z] Fee check: 0.0003 USDC accumulated (0.0003 USDC in escrow)
[2026-05-27T19:49:08.095Z] Fee check: 0.0003 USDC accumulated (0.0003 USDC in escrow)
[2026-05-27T19:49:38.100Z] Fee check: 0.0003 USDC accumulated (0.0003 USDC in escrow)
[2026-05-27T19:50:08.131Z] Fee check: 0.0003 USDC accumulated (0.0003 USDC in escrow)
[2026-05-27T19:50:38.154Z] Fee check: 0.0003 USDC accumulated (0.0003 USDC in escrow)
[2026-05-27T19:51:08.184Z] Fee check: 0.0003 USDC accumulated (0.0003 USDC in escrow)
[2026-05-27T19:51:38.190Z] Fee check: 0.0003 USDC accumulated (0.0003 USDC in escrow)
[2026-05-27T19:52:08.441Z] Fee check: 0.0003 USDC accumulated (0.0003 USDC in escrow)
[2026-05-27T19:52:38.201Z] Fee check: 0.0003 USDC accumulated (0.0003 USDC in escrow)
[2026-05-27T19:53:08.376Z] Fee check: 0.0003 USDC accumulated (0.0003 USDC in escrow)
[2026-05-27T19:53:38.403Z] Fee check: 0.0003 USDC accumulated (0.0003 USDC in escrow)
[2026-05-27T19:54:08.435Z] Fee check: 0.0003 USDC accumulated (0.0003 USDC in escrow)
[2026-05-27T19:54:38.306Z] Fee check: 0.0003 USDC accumulated (0.0003 USDC in escrow)
[2026-05-27T19:55:08.358Z] Fee check: 0.0003 USDC accumulated (0.0003 USDC in escrow)
[2026-05-27T19:55:38.391Z] Fee check: 0.0003 USDC accumulated (0.0003 USDC in escrow)
[2026-05-27T19:56:08.495Z] Fee check: 0.0003 USDC accumulated (0.0003 USDC in escrow)
[2026-05-27T19:56:38.375Z] Fee check: 0.0003 USDC accumulated (0.0003 USDC in escrow)
[2026-05-27T19:57:08.446Z] Fee check: 0.0003 USDC accumulated (0.0003 USDC in escrow)
[2026-05-27T19:57:38.448Z] Fee check: 0.0003 USDC accumulated (0.0003 USDC in escrow)
[2026-05-27T19:58:08.585Z] Fee check: 0.0003 USDC accumulated (0.0003 USDC in escrow)
[2026-05-27T19:58:38.611Z] Fee check: 0.0003 USDC accumulated (0.0003 USDC in escrow)
[2026-05-27T19:59:08.720Z] Fee check: 0.0003 USDC accumulated (0.0003 USDC in escrow)
[2026-05-27T19:59:38.520Z] Fee check: 0.0003 USDC accumulated (0.0003 USDC in escrow)
[2026-05-27T20:00:08.565Z] Fee check: 0.0003 USDC accumulated (0.0003 USDC in escrow)
[2026-05-27T20:00:38.597Z] Fee check: 0.0003 USDC accumulated (0.0003 USDC in escrow)
[2026-05-27T20:01:09.068Z] Fee check: 0.0003 USDC accumulated (0.0003 USDC in escrow)
[2026-05-27T20:01:38.599Z] Fee check: 0.0003 USDC accumulated (0.0003 USDC in escrow)
[2026-05-27T20:02:08.624Z] Fee check: 0.0003 USDC accumulated (0.0003 USDC in escrow)
[2026-05-27T20:02:38.654Z] Fee check: 0.0003 USDC accumulated (0.0003 USDC in escrow)
[2026-05-27T20:03:08.801Z] Fee check: 0.0003 USDC accumulated (0.0003 USDC in escrow)
[2026-05-27T20:03:38.837Z] Fee check: 0.0003 USDC accumulated (0.0003 USDC in escrow)
[2026-05-27T20:04:08.987Z] Fee check: 0.0003 USDC accumulated (0.0003 USDC in escrow)
[2026-05-27T20:04:39.031Z] Fee check: 0.0003 USDC accumulated (0.0003 USDC in escrow)
[2026-05-27T20:05:09.046Z] Fee check: 0.0003 USDC accumulated (0.0003 USDC in escrow)
[2026-05-27T20:05:38.792Z] Fee check: 0.0003 USDC accumulated (0.0003 USDC in escrow)
[2026-05-27T20:06:08.829Z] Fee check: 0.0003 USDC accumulated (0.0003 USDC in escrow)
[2026-05-27T20:06:38.840Z] Fee check: 0.0003 USDC accumulated (0.0003 USDC in escrow)
[2026-05-27T20:07:09.105Z] Fee check: 0.0003 USDC accumulated (0.0003 USDC in escrow)
[2026-05-27T20:07:38.870Z] Fee check: 0.0003 USDC accumulated (0.0003 USDC in escrow)
[2026-05-27T20:08:09.004Z] Fee check: 0.0003 USDC accumulated (0.0003 USDC in escrow)
[2026-05-27T20:08:39.030Z] Fee check: 0.0003 USDC accumulated (0.0003 USDC in escrow)
[2026-05-27T20:09:09.070Z] Fee check: 0.0003 USDC accumulated (0.0003 USDC in escrow)
[2026-05-27T20:09:39.561Z] Fee check: 0.0003 USDC accumulated (0.0003 USDC in escrow)
[2026-05-27T20:10:08.976Z] Fee check: 0.0003 USDC accumulated (0.0003 USDC in escrow)
[2026-05-27T20:10:39.266Z] Fee check: 0.0003 USDC accumulated (0.0003 USDC in escrow)
[2026-05-27T20:11:09.043Z] Fee check: 0.0003 USDC accumulated (0.0003 USDC in escrow)
[2026-05-27T20:11:39.023Z] Fee check: 0.0003 USDC accumulated (0.0003 USDC in escrow)
[2026-05-27T20:12:09.046Z] Fee check: 0.0003 USDC accumulated (0.0003 USDC in escrow)
[2026-05-27T20:12:39.075Z] Fee check: 0.0003 USDC accumulated (0.0003 USDC in escrow)
[2026-05-27T20:13:09.238Z] Fee check: 0.0003 USDC accumulated (0.0003 USDC in escrow)
[2026-05-27T20:13:39.407Z] Fee check: 0.0003 USDC accumulated (0.0003 USDC in escrow)
[2026-05-27T20:14:09.268Z] Fee check: 0.0003 USDC accumulated (0.0003 USDC in escrow)
[2026-05-27T20:14:39.464Z] Fee check: 0.0003 USDC accumulated (0.0003 USDC in escrow)
[2026-05-27T20:15:09.195Z] Fee check: 0.0003 USDC accumulated (0.0003 USDC in escrow)
[2026-05-27T20:15:39.209Z] Fee check: 0.0003 USDC accumulated (0.0003 USDC in escrow)
[2026-05-27T20:16:09.539Z] Fee check: 0.0003 USDC accumulated (0.0003 USDC in escrow)
[2026-05-27T20:16:39.241Z] Fee check: 0.0003 USDC accumulated (0.0003 USDC in escrow)
[2026-05-27T20:17:09.281Z] Fee check: 0.0003 USDC accumulated (0.0003 USDC in escrow)
[2026-05-27T20:17:39.291Z] Fee check: 0.0003 USDC accumulated (0.0003 USDC in escrow)
[2026-05-27T20:18:09.711Z] Fee check: 0.0003 USDC accumulated (0.0003 USDC in escrow)
[2026-05-27T20:18:39.468Z] Fee check: 0.0003 USDC accumulated (0.0003 USDC in escrow)
[2026-05-27T20:19:09.492Z] Fee check: 0.0003 USDC accumulated (0.0003 USDC in escrow)
[2026-05-27T20:19:39.512Z] Fee check: 0.0003 USDC accumulated (0.0003 USDC in escrow)
[2026-05-27T20:20:09.435Z] Fee check: 0.0003 USDC accumulated (0.0003 USDC in escrow)
[2026-05-27T20:20:39.418Z] Fee check: 0.0003 USDC accumulated (0.0003 USDC in escrow)
[2026-05-27T20:21:09.726Z] Fee check: 0.0003 USDC accumulated (0.0003 USDC in escrow)
[2026-05-27T20:21:39.456Z] Fee check: 0.0003 USDC accumulated (0.0003 USDC in escrow)
[2026-05-27T20:22:09.476Z] Fee check: 0.0003 USDC accumulated (0.0003 USDC in escrow)
[2026-05-27T20:22:39.548Z] Fee check: 0.0003 USDC accumulated (0.0003 USDC in escrow)
[2026-05-27T20:23:09.907Z] Fee check: 0.0003 USDC accumulated (0.0003 USDC in escrow)
[2026-05-27T20:23:39.670Z] Fee check: 0.0003 USDC accumulated (0.0003 USDC in escrow)
[2026-05-27T20:24:09.709Z] Fee check: 0.0003 USDC accumulated (0.0003 USDC in escrow)
[2026-05-27T20:24:39.722Z] Fee check: 0.0003 USDC accumulated (0.0003 USDC in escrow)
[2026-05-27T20:25:09.620Z] Fee check: 0.0003 USDC accumulated (0.0003 USDC in escrow)
[2026-05-27T20:25:39.925Z] Fee check: 0.0003 USDC accumulated (0.0003 USDC in escrow)
[2026-05-27T20:26:09.669Z] Fee check: 0.0003 USDC accumulated (0.0003 USDC in escrow)
[2026-05-27T20:26:39.653Z] Fee check: 0.0003 USDC accumulated (0.0003 USDC in escrow)
[2026-05-27T20:27:09.687Z] Fee check: 0.0003 USDC accumulated (0.0003 USDC in escrow)
[2026-05-27T20:27:39.714Z] Fee check: 0.0003 USDC accumulated (0.0003 USDC in escrow)
[2026-05-27T20:28:09.865Z] Fee check: 0.0003 USDC accumulated (0.0003 USDC in escrow)
[2026-05-27T20:28:39.869Z] Fee check: 0.0003 USDC accumulated (0.0003 USDC in escrow)
[2026-05-27T20:29:09.923Z] Fee check: 0.0003 USDC accumulated (0.0003 USDC in escrow)
[2026-05-27T20:29:39.940Z] Fee check: 0.0003 USDC accumulated (0.0003 USDC in escrow)
[2026-05-27T20:30:10.098Z] Fee check: 0.0003 USDC accumulated (0.0003 USDC in escrow)
[2026-05-27T20:30:39.895Z] Fee check: 0.0003 USDC accumulated (0.0003 USDC in escrow)
[2026-05-27T20:31:09.887Z] Fee check: 0.0003 USDC accumulated (0.0003 USDC in escrow)
[2026-05-27T20:31:39.878Z] Fee check: 0.0003 USDC accumulated (0.0003 USDC in escrow)
[2026-05-27T20:32:09.895Z] Fee check: 0.0003 USDC accumulated (0.0003 USDC in escrow)
[2026-05-27T20:32:39.943Z] Fee check: 0.0003 USDC accumulated (0.0003 USDC in escrow)
[2026-05-27T20:33:10.095Z] Fee check: 0.0003 USDC accumulated (0.0003 USDC in escrow)
[2026-05-27T20:33:40.005Z] Fee check: 0.0003 USDC accumulated (0.0003 USDC in escrow)
[2026-05-27T20:34:10.397Z] Fee check: 0.0003 USDC accumulated (0.0003 USDC in escrow)
[2026-05-27T20:34:40.030Z] Fee check: 0.0003 USDC accumulated (0.0003 USDC in escrow)
[2026-05-27T20:35:10.054Z] Fee check: 0.0003 USDC accumulated (0.0003 USDC in escrow)
[2026-05-27T20:35:40.066Z] Fee check: 0.0003 USDC accumulated (0.0003 USDC in escrow)
[2026-05-27T20:36:10.103Z] Fee check: 0.0003 USDC accumulated (0.0003 USDC in escrow)
[2026-05-27T20:36:40.101Z] Fee check: 0.0003 USDC accumulated (0.0003 USDC in escrow)
[2026-05-27T20:37:10.109Z] Fee check: 0.0003 USDC accumulated (0.0003 USDC in escrow)
[2026-05-27T20:37:40.153Z] Fee check: 0.0003 USDC accumulated (0.0003 USDC in escrow)
[2026-05-27T20:38:10.290Z] Fee check: 0.0003 USDC accumulated (0.0003 USDC in escrow)
[2026-05-27T20:38:40.303Z] Fee check: 0.0003 USDC accumulated (0.0003 USDC in escrow)
[2026-05-27T20:39:10.354Z] Fee check: 0.0003 USDC accumulated (0.0003 USDC in escrow)
[2026-05-27T20:39:40.353Z] Fee check: 0.0003 USDC accumulated (0.0003 USDC in escrow)
[2026-05-27T20:40:10.265Z] Fee check: 0.0003 USDC accumulated (0.0003 USDC in escrow)
[2026-05-27T20:40:40.340Z] Fee check: 0.0003 USDC accumulated (0.0003 USDC in escrow)
[2026-05-27T20:41:10.309Z] Fee check: 0.0003 USDC accumulated (0.0003 USDC in escrow)
[2026-05-27T20:41:40.581Z] Fee check: 0.0003 USDC accumulated (0.0003 USDC in escrow)
[2026-05-27T20:42:10.332Z] Fee check: 0.0003 USDC accumulated (0.0003 USDC in escrow)
[2026-05-27T20:42:40.373Z] Fee check: 0.0003 USDC accumulated (0.0003 USDC in escrow)
[2026-05-27T20:43:10.768Z] Fee check: 0.0003 USDC accumulated (0.0003 USDC in escrow)
[2026-05-27T20:43:40.555Z] Fee check: 0.0003 USDC accumulated (0.0003 USDC in escrow)
[2026-05-27T20:44:10.553Z] Fee check: 0.0003 USDC accumulated (0.0003 USDC in escrow)
[2026-05-27T20:44:40.594Z] Fee check: 0.0003 USDC accumulated (0.0003 USDC in escrow)
[2026-05-27T20:45:10.479Z] Fee check: 0.0003 USDC accumulated (0.0003 USDC in escrow)
[2026-05-27T20:45:40.539Z] Fee check: 0.0003 USDC accumulated (0.0003 USDC in escrow)
[2026-05-27T20:46:10.823Z] Fee check: 0.0003 USDC accumulated (0.0003 USDC in escrow)
[2026-05-27T20:46:40.585Z] Fee check: 0.0003 USDC accumulated (0.0003 USDC in escrow)
[2026-05-27T20:47:10.552Z] Fee check: 0.0003 USDC accumulated (0.0003 USDC in escrow)
[2026-05-27T20:47:40.846Z] Fee check: 0.0003 USDC accumulated (0.0003 USDC in escrow)
[2026-05-27T20:48:10.743Z] Fee check: 0.0003 USDC accumulated (0.0003 USDC in escrow)
[2026-05-27T20:48:41.023Z] Fee check: 0.0003 USDC accumulated (0.0003 USDC in escrow)
[2026-05-27T20:49:10.808Z] Fee check: 0.0003 USDC accumulated (0.0003 USDC in escrow)
[2026-05-27T20:49:40.816Z] Fee check: 0.0003 USDC accumulated (0.0003 USDC in escrow)
[2026-05-27T20:50:10.692Z] Fee check: 0.0003 USDC accumulated (0.0003 USDC in escrow)
[2026-05-27T20:50:41.000Z] Fee check: 0.0003 USDC accumulated (0.0003 USDC in escrow)
[2026-05-27T20:51:10.745Z] Fee check: 0.0003 USDC accumulated (0.0003 USDC in escrow)
[2026-05-27T20:51:40.773Z] Fee check: 0.0003 USDC accumulated (0.0003 USDC in escrow)
[2026-05-27T20:52:10.760Z] Fee check: 0.0003 USDC accumulated (0.0003 USDC in escrow)
[2026-05-27T20:52:40.813Z] Fee check: 0.0003 USDC accumulated (0.0003 USDC in escrow)
[2026-05-27T20:53:11.205Z] Fee check: 0.0003 USDC accumulated (0.0003 USDC in escrow)
[2026-05-27T20:53:41.061Z] Fee check: 0.0003 USDC accumulated (0.0003 USDC in escrow)
[2026-05-27T20:54:10.991Z] Fee check: 0.0003 USDC accumulated (0.0003 USDC in escrow)
[2026-05-27T20:54:41.013Z] Fee check: 0.0003 USDC accumulated (0.0003 USDC in escrow)
[2026-05-27T20:55:11.168Z] Fee check: 0.0003 USDC accumulated (0.0003 USDC in escrow)
[2026-05-27T20:55:40.913Z] Fee check: 0.0003 USDC accumulated (0.0003 USDC in escrow)
[2026-05-27T20:56:10.958Z] Fee check: 0.0003 USDC accumulated (0.0003 USDC in escrow)
[2026-05-27T20:56:40.954Z] Fee check: 0.0003 USDC accumulated (0.0003 USDC in escrow)
[2026-05-27T20:57:10.968Z] Fee check: 0.0003 USDC accumulated (0.0003 USDC in escrow)
[2026-05-27T20:57:41.013Z] Fee check: 0.0003 USDC accumulated (0.0003 USDC in escrow)
[2026-05-27T20:58:11.170Z] Fee check: 0.0003 USDC accumulated (0.0003 USDC in escrow)
[2026-05-27T20:58:41.323Z] Fee check: 0.0003 USDC accumulated (0.0003 USDC in escrow)
[2026-05-27T20:59:11.212Z] Fee check: 0.0003 USDC accumulated (0.0003 USDC in escrow)
[2026-05-27T20:59:41.101Z] Fee check: 0.0003 USDC accumulated (0.0003 USDC in escrow)
[2026-05-27T21:00:11.113Z] Fee check: 0.0003 USDC accumulated (0.0003 USDC in escrow)
[2026-05-27T21:00:41.401Z] Fee check: 0.0003 USDC accumulated (0.0003 USDC in escrow)
[2026-05-27T21:01:11.179Z] Fee check: 0.0003 USDC accumulated (0.0003 USDC in escrow)
[2026-05-27T21:01:41.163Z] Fee check: 0.0003 USDC accumulated (0.0003 USDC in escrow)
[2026-05-27T21:02:11.181Z] Fee check: 0.0003 USDC accumulated (0.0003 USDC in escrow)
[2026-05-27T21:02:41.211Z] Fee check: 0.0003 USDC accumulated (0.0003 USDC in escrow)
[2026-05-27T21:03:11.369Z] Fee check: 0.0003 USDC accumulated (0.0003 USDC in escrow)
[2026-05-27T21:03:41.380Z] Fee check: 0.0003 USDC accumulated (0.0003 USDC in escrow)
[2026-05-27T21:04:11.684Z] Fee check: 0.0003 USDC accumulated (0.0003 USDC in escrow)
[2026-05-27T21:04:41.501Z] Fee check: 0.0003 USDC accumulated (0.0003 USDC in escrow)
[2026-05-27T21:05:11.341Z] Fee check: 0.0003 USDC accumulated (0.0003 USDC in escrow)
[2026-05-27T21:05:41.375Z] Fee check: 0.0003 USDC accumulated (0.0003 USDC in escrow)
[2026-05-27T21:06:11.401Z] Fee check: 0.0003 USDC accumulated (0.0003 USDC in escrow)
[2026-05-27T21:06:41.397Z] Fee check: 0.0003 USDC accumulated (0.0003 USDC in escrow)
[2026-05-27T21:07:11.417Z] Fee check: 0.0003 USDC accumulated (0.0003 USDC in escrow)
[2026-05-27T21:07:41.457Z] Fee check: 0.0003 USDC accumulated (0.0003 USDC in escrow)
[2026-05-27T21:08:11.636Z] Fee check: 0.0003 USDC accumulated (0.0003 USDC in escrow)
[2026-05-27T21:08:41.610Z] Fee check: 0.0003 USDC accumulated (0.0003 USDC in escrow)
[2026-05-27T21:09:11.912Z] Fee check: 0.0003 USDC accumulated (0.0003 USDC in escrow)
[2026-05-27T21:09:41.645Z] Fee check: 0.0003 USDC accumulated (0.0003 USDC in escrow)
[2026-05-27T21:10:11.559Z] Fee check: 0.0003 USDC accumulated (0.0003 USDC in escrow)
[2026-05-27T21:10:41.648Z] Fee check: 0.0003 USDC accumulated (0.0003 USDC in escrow)
[2026-05-27T21:11:11.879Z] Fee check: 0.0003 USDC accumulated (0.0003 USDC in escrow)
[2026-05-27T21:11:41.617Z] Fee check: 0.0003 USDC accumulated (0.0003 USDC in escrow)
[2026-05-27T21:12:11.618Z] Fee check: 0.0003 USDC accumulated (0.0003 USDC in escrow)
[2026-05-27T21:12:41.675Z] Fee check: 0.0003 USDC accumulated (0.0003 USDC in escrow)
[2026-05-27T21:13:11.813Z] Fee check: 0.0003 USDC accumulated (0.0003 USDC in escrow)
[2026-05-27T21:13:41.838Z] Fee check: 0.0003 USDC accumulated (0.0003 USDC in escrow)
[2026-05-27T21:14:11.844Z] Fee check: 0.0003 USDC accumulated (0.0003 USDC in escrow)
[2026-05-27T21:14:41.851Z] Fee check: 0.0003 USDC accumulated (0.0003 USDC in escrow)
[2026-05-27T21:15:11.770Z] Fee check: 0.0003 USDC accumulated (0.0003 USDC in escrow)
[2026-05-27T21:15:41.808Z] Fee check: 0.0003 USDC accumulated (0.0003 USDC in escrow)
[2026-05-27T21:16:12.090Z] Fee check: 0.0003 USDC accumulated (0.0003 USDC in escrow)
[2026-05-27T21:16:41.829Z] Fee check: 0.0003 USDC accumulated (0.0003 USDC in escrow)
[2026-05-27T21:17:11.870Z] Fee check: 0.0003 USDC accumulated (0.0003 USDC in escrow)
[2026-05-27T21:17:41.869Z] Fee check: 0.0003 USDC accumulated (0.0003 USDC in escrow)
[2026-05-27T21:18:11.898Z] Fee check: 0.0003 USDC accumulated (0.0003 USDC in escrow)
[2026-05-27T21:18:42.050Z] Fee check: 0.0003 USDC accumulated (0.0003 USDC in escrow)
[2026-05-27T21:19:12.057Z] Fee check: 0.0003 USDC accumulated (0.0003 USDC in escrow)
[2026-05-27T21:19:41.959Z] Fee check: 0.0003 USDC accumulated (0.0003 USDC in escrow)
[2026-05-27T21:20:11.989Z] Fee check: 0.0003 USDC accumulated (0.0003 USDC in escrow)
[2026-05-27T21:20:42.028Z] Fee check: 0.0003 USDC accumulated (0.0003 USDC in escrow)
[2026-05-27T21:21:12.285Z] Fee check: 0.0003 USDC accumulated (0.0003 USDC in escrow)
[2026-05-27T21:21:42.045Z] Fee check: 0.0003 USDC accumulated (0.0003 USDC in escrow)
[2026-05-27T21:22:12.053Z] Fee check: 0.0003 USDC accumulated (0.0003 USDC in escrow)
[2026-05-27T21:22:42.071Z] Fee check: 0.0003 USDC accumulated (0.0003 USDC in escrow)
[2026-05-27T21:23:12.315Z] Fee check: 0.0003 USDC accumulated (0.0003 USDC in escrow)
[2026-05-27T21:23:42.671Z] Fee check: 0.0003 USDC accumulated (0.0003 USDC in escrow)
[2026-05-27T21:24:12.416Z] Fee check: 0.0003 USDC accumulated (0.0003 USDC in escrow)
[2026-05-27T21:24:42.275Z] Fee check: 0.0003 USDC accumulated (0.0003 USDC in escrow)
[2026-05-27T21:25:12.226Z] Fee check: 0.0003 USDC accumulated (0.0003 USDC in escrow)
[2026-05-27T21:25:42.234Z] Fee check: 0.0003 USDC accumulated (0.0003 USDC in escrow)
[2026-05-27T21:26:12.243Z] Fee check: 0.0003 USDC accumulated (0.0003 USDC in escrow)
[2026-05-27T21:26:42.285Z] Fee check: 0.0003 USDC accumulated (0.0003 USDC in escrow)
[2026-05-27T21:27:12.273Z] Fee check: 0.0003 USDC accumulated (0.0003 USDC in escrow)
[2026-05-27T21:27:42.295Z] Fee check: 0.0003 USDC accumulated (0.0003 USDC in escrow)
[2026-05-27T21:28:12.329Z] Fee check: 0.0003 USDC accumulated (0.0003 USDC in escrow)
[2026-05-27T21:28:42.472Z] Fee check: 0.0003 USDC accumulated (0.0003 USDC in escrow)
[2026-05-27T21:29:12.490Z] Fee check: 0.0003 USDC accumulated (0.0003 USDC in escrow)
[2026-05-27T21:29:42.506Z] Fee check: 0.0003 USDC accumulated (0.0003 USDC in escrow)
[2026-05-27T21:30:12.413Z] Fee check: 0.0003 USDC accumulated (0.0003 USDC in escrow)
[2026-05-27T21:30:42.456Z] Fee check: 0.0003 USDC accumulated (0.0003 USDC in escrow)
[2026-05-27T21:31:12.443Z] Fee check: 0.0003 USDC accumulated (0.0003 USDC in escrow)
[2026-05-27T21:31:42.457Z] Fee check: 0.0003 USDC accumulated (0.0003 USDC in escrow)
[2026-05-27T21:32:12.760Z] Fee check: 0.0003 USDC accumulated (0.0003 USDC in escrow)
[2026-05-27T21:32:42.519Z] Fee check: 0.0003 USDC accumulated (0.0003 USDC in escrow)
[2026-05-27T21:33:12.518Z] Fee check: 0.0003 USDC accumulated (0.0003 USDC in escrow)
[2026-05-27T21:33:42.670Z] Fee check: 0.0003 USDC accumulated (0.0003 USDC in escrow)
[2026-05-27T21:34:12.823Z] Fee check: 0.0003 USDC accumulated (0.0003 USDC in escrow)
[2026-05-27T21:34:42.739Z] Fee check: 0.0003 USDC accumulated (0.0003 USDC in escrow)
[2026-05-27T21:35:12.622Z] Fee check: 0.0003 USDC accumulated (0.0003 USDC in escrow)
[2026-05-27T21:35:42.681Z] Fee check: 0.0003 USDC accumulated (0.0003 USDC in escrow)
[2026-05-27T21:36:12.956Z] Fee check: 0.0003 USDC accumulated (0.0003 USDC in escrow)
[2026-05-27T21:36:42.712Z] Fee check: 0.0003 USDC accumulated (0.0003 USDC in escrow)
[2026-05-27T21:37:12.684Z] Fee check: 0.0003 USDC accumulated (0.0003 USDC in escrow)
[2026-05-27T21:37:48.006Z] Fee check: 0.0003 USDC accumulated (0.0003 USDC in escrow)
[2026-05-27T21:38:12.729Z] Fee check: 0.0003 USDC accumulated (0.0003 USDC in escrow)
[2026-05-27T21:38:42.889Z] Fee check: 0.0003 USDC accumulated (0.0003 USDC in escrow)
[2026-05-27T21:39:12.915Z] Fee check: 0.0003 USDC accumulated (0.0003 USDC in escrow)
[2026-05-27T21:39:43.213Z] Fee check: 0.0003 USDC accumulated (0.0003 USDC in escrow)
[2026-05-27T21:40:12.845Z] Fee check: 0.0003 USDC accumulated (0.0003 USDC in escrow)
[2026-05-27T21:40:42.879Z] Fee check: 0.0003 USDC accumulated (0.0003 USDC in escrow)
[2026-05-27T21:41:12.866Z] Fee check: 0.0003 USDC accumulated (0.0003 USDC in escrow)
[2026-05-27T21:41:42.878Z] Fee check: 0.0003 USDC accumulated (0.0003 USDC in escrow)
[2026-05-27T21:42:12.924Z] Fee check: 0.0003 USDC accumulated (0.0003 USDC in escrow)
[2026-05-27T21:42:42.908Z] Fee check: 0.0003 USDC accumulated (0.0003 USDC in escrow)
[2026-05-27T21:43:13.231Z] Fee check: 0.0003 USDC accumulated (0.0003 USDC in escrow)
[2026-05-27T21:43:43.099Z] Fee check: 0.0003 USDC accumulated (0.0003 USDC in escrow)
[2026-05-27T21:44:13.146Z] Fee check: 0.0003 USDC accumulated (0.0003 USDC in escrow)
[2026-05-27T21:44:43.279Z] Fee check: 0.0003 USDC accumulated (0.0003 USDC in escrow)
[2026-05-27T21:45:13.060Z] Fee check: 0.0003 USDC accumulated (0.0003 USDC in escrow)
[2026-05-27T21:45:43.087Z] Fee check: 0.0003 USDC accumulated (0.0003 USDC in escrow)
[2026-05-27T21:46:13.086Z] Fee check: 0.0003 USDC accumulated (0.0003 USDC in escrow)
[2026-05-27T21:46:43.110Z] Fee check: 0.0003 USDC accumulated (0.0003 USDC in escrow)
[2026-05-27T21:47:13.126Z] Fee check: 0.0003 USDC accumulated (0.0003 USDC in escrow)
[2026-05-27T21:47:43.146Z] Fee check: 0.0003 USDC accumulated (0.0003 USDC in escrow)
[2026-05-27T21:48:13.159Z] Fee check: 0.0003 USDC accumulated (0.0003 USDC in escrow)
[2026-05-27T21:48:43.318Z] Fee check: 0.0003 USDC accumulated (0.0003 USDC in escrow)
[2026-05-27T21:49:13.602Z] Fee check: 0.0003 USDC accumulated (0.0003 USDC in escrow)
[2026-05-27T21:49:43.355Z] Fee check: 0.0003 USDC accumulated (0.0003 USDC in escrow)
[2026-05-27T21:50:13.256Z] Fee check: 0.0003 USDC accumulated (0.0003 USDC in escrow)
[2026-05-27T21:50:43.278Z] Fee check: 0.0003 USDC accumulated (0.0003 USDC in escrow)
[2026-05-27T21:51:13.303Z] Fee check: 0.0003 USDC accumulated (0.0003 USDC in escrow)
[2026-05-27T21:51:43.594Z] Fee check: 0.0003 USDC accumulated (0.0003 USDC in escrow)
[2026-05-27T21:52:13.357Z] Fee check: 0.0003 USDC accumulated (0.0003 USDC in escrow)
[2026-05-27T21:52:43.344Z] Fee check: 0.0003 USDC accumulated (0.0003 USDC in escrow)
[2026-05-27T21:53:13.399Z] Fee check: 0.0003 USDC accumulated (0.0003 USDC in escrow)
[2026-05-27T21:53:43.837Z] Fee check: 0.0003 USDC accumulated (0.0003 USDC in escrow)
[2026-05-27T21:54:13.681Z] Fee check: 0.0003 USDC accumulated (0.0003 USDC in escrow)
[2026-05-27T21:54:43.583Z] Fee check: 0.0003 USDC accumulated (0.0003 USDC in escrow)
[2026-05-27T21:55:13.585Z] Fee check: 0.0003 USDC accumulated (0.0003 USDC in escrow)
[2026-05-27T21:55:43.490Z] Fee check: 0.0003 USDC accumulated (0.0003 USDC in escrow)
[2026-05-27T21:56:13.532Z] Fee check: 0.0003 USDC accumulated (0.0003 USDC in escrow)
[2026-05-27T21:56:43.801Z] Fee check: 0.0003 USDC accumulated (0.0003 USDC in escrow)
[2026-05-27T21:57:13.559Z] Fee check: 0.0003 USDC accumulated (0.0003 USDC in escrow)
[2026-05-27T21:57:43.571Z] Fee check: 0.0003 USDC accumulated (0.0003 USDC in escrow)
[2026-05-27T21:58:13.590Z] Fee check: 0.0003 USDC accumulated (0.0003 USDC in escrow)
[2026-05-27T21:58:43.740Z] Fee check: 0.0003 USDC accumulated (0.0003 USDC in escrow)
[2026-05-27T21:59:14.037Z] Fee check: 0.0003 USDC accumulated (0.0003 USDC in escrow)
[2026-05-27T21:59:43.811Z] Fee check: 0.0003 USDC accumulated (0.0003 USDC in escrow)
[2026-05-27T22:00:13.723Z] Fee check: 0.0003 USDC accumulated (0.0003 USDC in escrow)
[2026-05-27T22:00:43.700Z] Fee check: 0.0003 USDC accumulated (0.0003 USDC in escrow)
[2026-05-27T22:01:13.724Z] Fee check: 0.0003 USDC accumulated (0.0003 USDC in escrow)
[2026-05-27T22:01:44.005Z] Fee check: 0.0003 USDC accumulated (0.0003 USDC in escrow)
[2026-05-27T22:02:13.745Z] Fee check: 0.0003 USDC accumulated (0.0003 USDC in escrow)
[2026-05-27T22:02:44.115Z] Fee check: 0.0003 USDC accumulated (0.0003 USDC in escrow)
[2026-05-27T22:03:13.838Z] Fee check: 0.0003 USDC accumulated (0.0003 USDC in escrow)
[2026-05-27T22:03:43.972Z] Fee check: 0.0003 USDC accumulated (0.0003 USDC in escrow)
[2026-05-27T22:04:14.104Z] Fee check: 0.0003 USDC accumulated (0.0003 USDC in escrow)
[2026-05-27T22:04:43.872Z] Fee check: 0.0003 USDC accumulated (0.0003 USDC in escrow)
[2026-05-27T22:05:13.891Z] Fee check: 0.0003 USDC accumulated (0.0003 USDC in escrow)
[2026-05-27T22:05:43.918Z] Fee check: 0.0003 USDC accumulated (0.0003 USDC in escrow)
[2026-05-27T22:06:13.948Z] Fee check: 0.0003 USDC accumulated (0.0003 USDC in escrow)
[2026-05-27T22:06:43.954Z] Fee check: 0.0003 USDC accumulated (0.0003 USDC in escrow)
[2026-05-27T22:07:13.997Z] Fee check: 0.0003 USDC accumulated (0.0003 USDC in escrow)
[2026-05-27T22:07:44.009Z] Fee check: 0.0003 USDC accumulated (0.0003 USDC in escrow)
[2026-05-27T22:08:14.012Z] Fee check: 0.0003 USDC accumulated (0.0003 USDC in escrow)
[2026-05-27T22:08:44.451Z] Fee check: 0.0003 USDC accumulated (0.0003 USDC in escrow)
[2026-05-27T22:09:14.070Z] Fee check: 0.0003 USDC accumulated (0.0003 USDC in escrow)
[2026-05-27T22:09:44.256Z] Fee check: 0.0003 USDC accumulated (0.0003 USDC in escrow)
[2026-05-27T22:10:14.147Z] Fee check: 0.0003 USDC accumulated (0.0003 USDC in escrow)
[2026-05-27T22:10:44.137Z] Fee check: 0.0003 USDC accumulated (0.0003 USDC in escrow)
[2026-05-27T22:11:14.445Z] Fee check: 0.0003 USDC accumulated (0.0003 USDC in escrow)
[2026-05-27T22:11:44.177Z] Fee check: 0.0003 USDC accumulated (0.0003 USDC in escrow)
[2026-05-27T22:12:14.182Z] Fee check: 0.0003 USDC accumulated (0.0003 USDC in escrow)
[2026-05-27T22:12:44.204Z] Fee check: 0.0003 USDC accumulated (0.0003 USDC in escrow)
[2026-05-27T22:13:14.513Z] Fee check: 0.0003 USDC accumulated (0.0003 USDC in escrow)
[2026-05-27T22:13:44.375Z] Fee check: 0.0003 USDC accumulated (0.0003 USDC in escrow)
[2026-05-27T22:14:14.407Z] Fee check: 0.0003 USDC accumulated (0.0003 USDC in escrow)
[2026-05-27T22:14:44.431Z] Fee check: 0.0003 USDC accumulated (0.0003 USDC in escrow)
[2026-05-27T22:15:14.458Z] Fee check: 0.0003 USDC accumulated (0.0003 USDC in escrow)
[2026-05-27T22:15:44.632Z] Fee check: 0.0003 USDC accumulated (0.0003 USDC in escrow)
[2026-05-27T22:16:14.378Z] Fee check: 0.0003 USDC accumulated (0.0003 USDC in escrow)
[2026-05-27T22:16:44.375Z] Fee check: 0.0003 USDC accumulated (0.0003 USDC in escrow)
[2026-05-27T22:17:14.693Z] Fee check: 0.0003 USDC accumulated (0.0003 USDC in escrow)
[2026-05-27T22:17:44.419Z] Fee check: 0.0003 USDC accumulated (0.0003 USDC in escrow)
[2026-05-27T22:18:14.440Z] Fee check: 0.0003 USDC accumulated (0.0003 USDC in escrow)
[2026-05-27T22:18:44.595Z] Fee check: 0.0003 USDC accumulated (0.0003 USDC in escrow)
[2026-05-27T22:19:14.701Z] Fee check: 0.0003 USDC accumulated (0.0003 USDC in escrow)
[2026-05-27T22:19:44.637Z] Fee check: 0.0003 USDC accumulated (0.0003 USDC in escrow)
[2026-05-27T22:20:14.669Z] Fee check: 0.0003 USDC accumulated (0.0003 USDC in escrow)
[2026-05-27T22:20:44.854Z] Fee check: 0.0003 USDC accumulated (0.0003 USDC in escrow)
[2026-05-27T22:21:14.609Z] Fee check: 0.0003 USDC accumulated (0.0003 USDC in escrow)
[2026-05-27T22:21:44.691Z] Fee check: 0.0003 USDC accumulated (0.0003 USDC in escrow)
[2026-05-27T22:22:14.634Z] Fee check: 0.0003 USDC accumulated (0.0003 USDC in escrow)
[2026-05-27T22:22:44.899Z] Fee check: 0.0003 USDC accumulated (0.0003 USDC in escrow)
[2026-05-27T22:23:14.661Z] Fee check: 0.0003 USDC accumulated (0.0003 USDC in escrow)
[2026-05-27T22:23:44.838Z] Fee check: 0.0003 USDC accumulated (0.0003 USDC in escrow)
[2026-05-27T22:24:14.831Z] Fee check: 0.0003 USDC accumulated (0.0003 USDC in escrow)
[2026-05-27T22:24:44.882Z] Fee check: 0.0003 USDC accumulated (0.0003 USDC in escrow)
[2026-05-27T22:25:15.175Z] Fee check: 0.0003 USDC accumulated (0.0003 USDC in escrow)
[2026-05-27T22:25:44.777Z] Fee check: 0.0003 USDC accumulated (0.0003 USDC in escrow)
[2026-05-27T22:26:14.798Z] Fee check: 0.0003 USDC accumulated (0.0003 USDC in escrow)
[2026-05-27T22:26:44.832Z] Fee check: 0.0003 USDC accumulated (0.0003 USDC in escrow)
[2026-05-27T22:27:14.848Z] Fee check: 0.0003 USDC accumulated (0.0003 USDC in escrow)
[2026-05-27T22:27:45.131Z] Fee check: 0.0003 USDC accumulated (0.0003 USDC in escrow)
[2026-05-27T22:28:14.892Z] Fee check: 0.0003 USDC accumulated (0.0003 USDC in escrow)
[2026-05-27T22:28:45.056Z] Fee check: 0.0003 USDC accumulated (0.0003 USDC in escrow)
[2026-05-27T22:29:14.944Z] Fee check: 0.0003 USDC accumulated (0.0003 USDC in escrow)
[2026-05-27T22:29:45.078Z] Fee check: 0.0003 USDC accumulated (0.0003 USDC in escrow)
[2026-05-27T22:30:15.003Z] Fee check: 0.0003 USDC accumulated (0.0003 USDC in escrow)
[2026-05-27T22:30:45.013Z] Fee check: 0.0003 USDC accumulated (0.0003 USDC in escrow)
[2026-05-27T22:31:15.280Z] Fee check: 0.0003 USDC accumulated (0.0003 USDC in escrow)
[2026-05-27T22:31:45.017Z] Fee check: 0.0003 USDC accumulated (0.0003 USDC in escrow)
[2026-05-27T22:32:15.064Z] Fee check: 0.0003 USDC accumulated (0.0003 USDC in escrow)
[2026-05-27T22:32:45.347Z] Fee check: 0.0003 USDC accumulated (0.0003 USDC in escrow)
[2026-05-27T22:33:15.091Z] Fee check: 0.0003 USDC accumulated (0.0003 USDC in escrow)
[2026-05-27T22:33:45.264Z] Fee check: 0.0003 USDC accumulated (0.0003 USDC in escrow)
[2026-05-27T22:34:15.290Z] Fee check: 0.0003 USDC accumulated (0.0003 USDC in escrow)
[2026-05-27T22:34:45.286Z] Fee check: 0.0003 USDC accumulated (0.0003 USDC in escrow)
[2026-05-27T22:35:15.628Z] Fee check: 0.0003 USDC accumulated (0.0003 USDC in escrow)
[2026-05-27T22:35:45.216Z] Fee check: 0.0003 USDC accumulated (0.0003 USDC in escrow)
[2026-05-27T22:36:15.237Z] Fee check: 0.0003 USDC accumulated (0.0003 USDC in escrow)
[2026-05-27T22:36:45.242Z] Fee check: 0.0003 USDC accumulated (0.0003 USDC in escrow)
[2026-05-27T22:37:15.534Z] Fee check: 0.0003 USDC accumulated (0.0003 USDC in escrow)
[2026-05-27T22:37:45.306Z] Fee check: 0.0003 USDC accumulated (0.0003 USDC in escrow)
[2026-05-27T22:38:15.316Z] Fee check: 0.0003 USDC accumulated (0.0003 USDC in escrow)
[2026-05-27T22:38:46.249Z] Fee check: 0.0003 USDC accumulated (0.0003 USDC in escrow)
[2026-05-27T22:39:15.509Z] Fee check: 0.0003 USDC accumulated (0.0003 USDC in escrow)
[2026-05-27T22:39:45.508Z] Fee check: 0.0003 USDC accumulated (0.0003 USDC in escrow)
[2026-05-27T22:40:15.562Z] Fee check: 0.0003 USDC accumulated (0.0003 USDC in escrow)
[2026-05-27T22:40:45.448Z] Fee check: 0.0003 USDC accumulated (0.0003 USDC in escrow)
[2026-05-27T22:41:15.434Z] Fee check: 0.0003 USDC accumulated (0.0003 USDC in escrow)
[2026-05-27T22:41:45.558Z] Fee check: 0.0003 USDC accumulated (0.0003 USDC in escrow)
[2026-05-27T22:42:15.475Z] Fee check: 0.0003 USDC accumulated (0.0003 USDC in escrow)
[2026-05-27T22:42:45.533Z] Fee check: 0.0003 USDC accumulated (0.0003 USDC in escrow)
[2026-05-27T22:43:15.513Z] Fee check: 0.0003 USDC accumulated (0.0003 USDC in escrow)
[2026-05-27T22:43:45.670Z] Fee check: 0.0003 USDC accumulated (0.0003 USDC in escrow)
[2026-05-27T22:44:15.687Z] Fee check: 0.0003 USDC accumulated (0.0003 USDC in escrow)
[2026-05-27T22:44:45.701Z] Fee check: 0.0003 USDC accumulated (0.0003 USDC in escrow)
[2026-05-27T22:45:15.737Z] Fee check: 0.0003 USDC accumulated (0.0003 USDC in escrow)
[2026-05-27T22:45:45.638Z] Fee check: 0.0003 USDC accumulated (0.0003 USDC in escrow)
[2026-05-27T22:46:16.221Z] Fee check: 0.0003 USDC accumulated (0.0003 USDC in escrow)
[2026-05-27T22:46:45.682Z] Fee check: 0.0003 USDC accumulated (0.0003 USDC in escrow)
[2026-05-27T22:47:15.721Z] Fee check: 0.0003 USDC accumulated (0.0003 USDC in escrow)
[2026-05-27T22:47:45.707Z] Fee check: 0.0003 USDC accumulated (0.0003 USDC in escrow)
[2026-05-27T22:48:15.739Z] Fee check: 0.0003 USDC accumulated (0.0003 USDC in escrow)
[2026-05-27T22:48:45.886Z] Fee check: 0.0003 USDC accumulated (0.0003 USDC in escrow)
[2026-05-27T22:49:16.206Z] Fee check: 0.0003 USDC accumulated (0.0003 USDC in escrow)
[2026-05-27T22:49:45.942Z] Fee check: 0.0003 USDC accumulated (0.0003 USDC in escrow)
[2026-05-27T22:50:15.953Z] Fee check: 0.0003 USDC accumulated (0.0003 USDC in escrow)
[2026-05-27T22:50:45.885Z] Fee check: 0.0003 USDC accumulated (0.0003 USDC in escrow)
[2026-05-27T22:51:15.887Z] Fee check: 0.0003 USDC accumulated (0.0003 USDC in escrow)
[2026-05-27T22:51:46.196Z] Fee check: 0.0003 USDC accumulated (0.0003 USDC in escrow)
[2026-05-27T22:52:15.910Z] Fee check: 0.0003 USDC accumulated (0.0003 USDC in escrow)
[2026-05-27T22:52:45.924Z] Fee check: 0.0003 USDC accumulated (0.0003 USDC in escrow)
[2026-05-27T22:53:15.952Z] Fee check: 0.0003 USDC accumulated (0.0003 USDC in escrow)
[2026-05-27T22:53:46.399Z] Fee check: 0.0003 USDC accumulated (0.0003 USDC in escrow)
[2026-05-27T22:54:16.009Z] Fee check: 0.0003 USDC accumulated (0.0003 USDC in escrow)
[2026-05-27T22:54:46.173Z] Fee check: 0.0003 USDC accumulated (0.0003 USDC in escrow)
[2026-05-27T22:55:16.065Z] Fee check: 0.0003 USDC accumulated (0.0003 USDC in escrow)
[2026-05-27T22:55:46.080Z] Fee check: 0.0003 USDC accumulated (0.0003 USDC in escrow)
[2026-05-27T22:56:16.366Z] Fee check: 0.0003 USDC accumulated (0.0003 USDC in escrow)
[2026-05-27T22:56:46.120Z] Fee check: 0.0003 USDC accumulated (0.0003 USDC in escrow)
[2026-05-27T22:57:16.109Z] Fee check: 0.0003 USDC accumulated (0.0003 USDC in escrow)
[2026-05-27T22:57:46.136Z] Fee check: 0.0003 USDC accumulated (0.0003 USDC in escrow)
[2026-05-27T22:58:16.446Z] Fee check: 0.0003 USDC accumulated (0.0003 USDC in escrow)
[2026-05-27T22:58:46.321Z] Fee check: 0.0003 USDC accumulated (0.0003 USDC in escrow)
[2026-05-27T22:59:16.393Z] Fee check: 0.0003 USDC accumulated (0.0003 USDC in escrow)
[2026-05-27T22:59:46.390Z] Fee check: 0.0003 USDC accumulated (0.0003 USDC in escrow)
[2026-05-27T23:00:16.409Z] Fee check: 0.0003 USDC accumulated (0.0003 USDC in escrow)
[2026-05-27T23:00:46.274Z] Fee check: 0.0003 USDC accumulated (0.0003 USDC in escrow)
[2026-05-27T23:01:16.315Z] Fee check: 0.0003 USDC accumulated (0.0003 USDC in escrow)
[2026-05-27T23:01:46.331Z] Fee check: 0.0003 USDC accumulated (0.0003 USDC in escrow)
[2026-05-27T23:02:16.612Z] Fee check: 0.0003 USDC accumulated (0.0003 USDC in escrow)
[2026-05-27T23:02:46.359Z] Fee check: 0.0003 USDC accumulated (0.0003 USDC in escrow)
[2026-05-27T23:03:16.397Z] Fee check: 0.0003 USDC accumulated (0.0003 USDC in escrow)
[2026-05-27T23:03:46.586Z] Fee check: 0.0003 USDC accumulated (0.0003 USDC in escrow)
[2026-05-27T23:04:16.605Z] Fee check: 0.0003 USDC accumulated (0.0003 USDC in escrow)
[2026-05-27T23:04:46.609Z] Fee check: 0.0003 USDC accumulated (0.0003 USDC in escrow)
[2026-05-27T23:05:16.707Z] Fee check: 0.0003 USDC accumulated (0.0003 USDC in escrow)
[2026-05-27T23:05:46.516Z] Fee check: 0.0003 USDC accumulated (0.0003 USDC in escrow)
[2026-05-27T23:06:16.522Z] Fee check: 0.0003 USDC accumulated (0.0003 USDC in escrow)
[2026-05-27T23:06:46.548Z] Fee check: 0.0003 USDC accumulated (0.0003 USDC in escrow)
[2026-05-27T23:07:16.578Z] Fee check: 0.0003 USDC accumulated (0.0003 USDC in escrow)
[2026-05-27T23:07:46.595Z] Fee check: 0.0003 USDC accumulated (0.0003 USDC in escrow)
[2026-05-27T23:08:16.865Z] Fee check: 0.0003 USDC accumulated (0.0003 USDC in escrow)
[2026-05-27T23:08:46.751Z] Fee check: 0.0003 USDC accumulated (0.0003 USDC in escrow)
[2026-05-27T23:09:16.760Z] Fee check: 0.0003 USDC accumulated (0.0003 USDC in escrow)
[2026-05-27T23:09:47.072Z] Fee check: 0.0003 USDC accumulated (0.0003 USDC in escrow)
[2026-05-27T23:10:16.807Z] Fee check: 0.0003 USDC accumulated (0.0003 USDC in escrow)
[2026-05-27T23:10:46.710Z] Fee check: 0.0003 USDC accumulated (0.0003 USDC in escrow)
[2026-05-27T23:11:16.740Z] Fee check: 0.0003 USDC accumulated (0.0003 USDC in escrow)
[2026-05-27T23:11:46.758Z] Fee check: 0.0003 USDC accumulated (0.0003 USDC in escrow)
[2026-05-27T23:12:16.772Z] Fee check: 0.0003 USDC accumulated (0.0003 USDC in escrow)
[2026-05-27T23:12:46.785Z] Fee check: 0.0003 USDC accumulated (0.0003 USDC in escrow)
[2026-05-27T23:13:16.808Z] Fee check: 0.0003 USDC accumulated (0.0003 USDC in escrow)
[2026-05-27T23:13:46.978Z] Fee check: 0.0003 USDC accumulated (0.0003 USDC in escrow)
[2026-05-27T23:14:16.988Z] Fee check: 0.0003 USDC accumulated (0.0003 USDC in escrow)
[2026-05-27T23:14:47.009Z] Fee check: 0.0003 USDC accumulated (0.0003 USDC in escrow)
[2026-05-27T23:15:17.064Z] Fee check: 0.0003 USDC accumulated (0.0003 USDC in escrow)
[2026-05-27T23:15:46.925Z] Fee check: 0.0003 USDC accumulated (0.0003 USDC in escrow)
[2026-05-27T23:16:17.227Z] Fee check: 0.0003 USDC accumulated (0.0003 USDC in escrow)
[2026-05-27T23:16:46.978Z] Fee check: 0.0003 USDC accumulated (0.0003 USDC in escrow)
[2026-05-27T23:17:16.990Z] Fee check: 0.0003 USDC accumulated (0.0003 USDC in escrow)
[2026-05-27T23:17:46.995Z] Fee check: 0.0003 USDC accumulated (0.0003 USDC in escrow)
[2026-05-27T23:18:17.020Z] Fee check: 0.0003 USDC accumulated (0.0003 USDC in escrow)
[2026-05-27T23:18:47.178Z] Fee check: 0.0003 USDC accumulated (0.0003 USDC in escrow)
[2026-05-27T23:19:17.086Z] Fee check: 0.0003 USDC accumulated (0.0003 USDC in escrow)
[2026-05-27T23:19:47.529Z] Fee check: 0.0003 USDC accumulated (0.0003 USDC in escrow)
[2026-05-27T23:20:17.134Z] Fee check: 0.0003 USDC accumulated (0.0003 USDC in escrow)
[2026-05-27T23:20:47.168Z] Fee check: 0.0003 USDC accumulated (0.0003 USDC in escrow)
[2026-05-27T23:21:17.201Z] Fee check: 0.0003 USDC accumulated (0.0003 USDC in escrow)
[2026-05-27T23:21:47.170Z] Fee check: 0.0003 USDC accumulated (0.0003 USDC in escrow)
[2026-05-27T23:22:17.194Z] Fee check: 0.0003 USDC accumulated (0.0003 USDC in escrow)
[2026-05-27T23:22:47.493Z] Fee check: 0.0003 USDC accumulated (0.0003 USDC in escrow)
[2026-05-27T23:23:17.239Z] Fee check: 0.0003 USDC accumulated (0.0003 USDC in escrow)
[2026-05-27T23:23:47.399Z] Fee check: 0.0003 USDC accumulated (0.0003 USDC in escrow)
[2026-05-27T23:24:17.415Z] Fee check: 0.0003 USDC accumulated (0.0003 USDC in escrow)
[2026-05-27T23:24:47.740Z] Fee check: 0.0003 USDC accumulated (0.0003 USDC in escrow)
[2026-05-27T23:25:17.477Z] Fee check: 0.0003 USDC accumulated (0.0003 USDC in escrow)
[2026-05-27T23:25:47.350Z] Fee check: 0.0003 USDC accumulated (0.0003 USDC in escrow)
[2026-05-27T23:26:17.386Z] Fee check: 0.0003 USDC accumulated (0.0003 USDC in escrow)
[2026-05-27T23:26:47.372Z] Fee check: 0.0003 USDC accumulated (0.0003 USDC in escrow)
[2026-05-27T23:27:17.436Z] Fee check: 0.0003 USDC accumulated (0.0003 USDC in escrow)
[2026-05-27T23:27:47.422Z] Fee check: 0.0003 USDC accumulated (0.0003 USDC in escrow)
[2026-05-27T23:28:17.707Z] Fee check: 0.0003 USDC accumulated (0.0003 USDC in escrow)
[2026-05-27T23:28:47.592Z] Fee check: 0.0003 USDC accumulated (0.0003 USDC in escrow)
[2026-05-27T23:29:17.680Z] Fee check: 0.0003 USDC accumulated (0.0003 USDC in escrow)
[2026-05-27T23:29:47.667Z] Fee check: 0.0003 USDC accumulated (0.0003 USDC in escrow)
[2026-05-27T23:30:17.685Z] Fee check: 0.0003 USDC accumulated (0.0003 USDC in escrow)
[2026-05-27T23:30:47.595Z] Fee check: 0.0003 USDC accumulated (0.0003 USDC in escrow)
[2026-05-27T23:31:17.604Z] Fee check: 0.0003 USDC accumulated (0.0003 USDC in escrow)
[2026-05-27T23:31:47.615Z] Fee check: 0.0003 USDC accumulated (0.0003 USDC in escrow)
[2026-05-27T23:32:17.620Z] Fee check: 0.0003 USDC accumulated (0.0003 USDC in escrow)
[2026-05-27T23:32:47.666Z] Fee check: 0.0003 USDC accumulated (0.0003 USDC in escrow)
[2026-05-27T23:33:17.689Z] Fee check: 0.0003 USDC accumulated (0.0003 USDC in escrow)
[2026-05-27T23:33:48.102Z] Fee check: 0.0003 USDC accumulated (0.0003 USDC in escrow)
[2026-05-27T23:34:17.844Z] Fee check: 0.0003 USDC accumulated (0.0003 USDC in escrow)
[2026-05-27T23:34:47.894Z] Fee check: 0.0003 USDC accumulated (0.0003 USDC in escrow)
[2026-05-27T23:35:17.995Z] Fee check: 0.0003 USDC accumulated (0.0003 USDC in escrow)
[2026-05-27T23:35:47.812Z] Fee check: 0.0003 USDC accumulated (0.0003 USDC in escrow)
[2026-05-27T23:36:17.823Z] Fee check: 0.0003 USDC accumulated (0.0003 USDC in escrow)
[2026-05-27T23:36:47.805Z] Fee check: 0.0003 USDC accumulated (0.0003 USDC in escrow)
[2026-05-27T23:37:17.845Z] Fee check: 0.0003 USDC accumulated (0.0003 USDC in escrow)
[2026-05-27T23:37:47.859Z] Fee check: 0.0003 USDC accumulated (0.0003 USDC in escrow)
[2026-05-27T23:38:17.917Z] Fee check: 0.0003 USDC accumulated (0.0003 USDC in escrow)
[2026-05-27T23:38:48.313Z] Fee check: 0.0003 USDC accumulated (0.0003 USDC in escrow)
[2026-05-27T23:39:17.943Z] Fee check: 0.0003 USDC accumulated (0.0003 USDC in escrow)
[2026-05-27T23:39:48.106Z] Fee check: 0.0003 USDC accumulated (0.0003 USDC in escrow)
[2026-05-27T23:40:17.980Z] Fee check: 0.0003 USDC accumulated (0.0003 USDC in escrow)
[2026-05-27T23:40:47.991Z] Fee check: 0.0003 USDC accumulated (0.0003 USDC in escrow)
[2026-05-27T23:41:18.024Z] Fee check: 0.0003 USDC accumulated (0.0003 USDC in escrow)
[2026-05-27T23:41:48.021Z] Fee check: 0.0003 USDC accumulated (0.0003 USDC in escrow)
[2026-05-27T23:42:18.042Z] Fee check: 0.0003 USDC accumulated (0.0003 USDC in escrow)
[2026-05-27T23:42:48.079Z] Fee check: 0.0003 USDC accumulated (0.0003 USDC in escrow)
[2026-05-27T23:43:18.113Z] Fee check: 0.0003 USDC accumulated (0.0003 USDC in escrow)
[2026-05-27T23:43:48.375Z] Fee check: 0.0003 USDC accumulated (0.0003 USDC in escrow)
[2026-05-27T23:44:18.289Z] Fee check: 0.0003 USDC accumulated (0.0003 USDC in escrow)
[2026-05-27T23:44:48.566Z] Fee check: 0.0003 USDC accumulated (0.0003 USDC in escrow)
[2026-05-27T23:45:18.334Z] Fee check: 0.0003 USDC accumulated (0.0003 USDC in escrow)
[2026-05-27T23:45:48.292Z] Fee check: 0.0003 USDC accumulated (0.0003 USDC in escrow)
[2026-05-27T23:46:18.510Z] Fee check: 0.0003 USDC accumulated (0.0003 USDC in escrow)
[2026-05-27T23:46:48.235Z] Fee check: 0.0003 USDC accumulated (0.0003 USDC in escrow)
[2026-05-27T23:47:18.258Z] Fee check: 0.0003 USDC accumulated (0.0003 USDC in escrow)
[2026-05-27T23:47:48.316Z] Fee check: 0.0003 USDC accumulated (0.0003 USDC in escrow)
[2026-05-27T23:48:18.324Z] Fee check: 0.0003 USDC accumulated (0.0003 USDC in escrow)
[2026-05-27T23:48:48.463Z] Fee check: 0.0003 USDC accumulated (0.0003 USDC in escrow)
[2026-05-27T23:49:18.479Z] Fee check: 0.0003 USDC accumulated (0.0003 USDC in escrow)
[2026-05-27T23:49:48.505Z] Fee check: 0.0003 USDC accumulated (0.0003 USDC in escrow)
[2026-05-27T23:50:18.528Z] Fee check: 0.0003 USDC accumulated (0.0003 USDC in escrow)
[2026-05-27T23:50:48.694Z] Fee check: 0.0003 USDC accumulated (0.0003 USDC in escrow)
[2026-05-27T23:51:18.457Z] Fee check: 0.0003 USDC accumulated (0.0003 USDC in escrow)
[2026-05-27T23:51:48.558Z] Fee check: 0.0003 USDC accumulated (0.0003 USDC in escrow)
[2026-05-27T23:52:18.749Z] Fee check: 0.0003 USDC accumulated (0.0003 USDC in escrow)
[2026-05-27T23:52:48.569Z] Fee check: 0.0003 USDC accumulated (0.0003 USDC in escrow)
[2026-05-27T23:53:18.537Z] Fee check: 0.0003 USDC accumulated (0.0003 USDC in escrow)
[2026-05-27T23:53:48.689Z] Fee check: 0.0003 USDC accumulated (0.0003 USDC in escrow)
[2026-05-27T23:54:18.692Z] Fee check: 0.0003 USDC accumulated (0.0003 USDC in escrow)
[2026-05-27T23:54:48.719Z] Fee check: 0.0003 USDC accumulated (0.0003 USDC in escrow)
[2026-05-27T23:55:18.753Z] Fee check: 0.0003 USDC accumulated (0.0003 USDC in escrow)
[2026-05-27T23:55:48.662Z] Fee check: 0.0003 USDC accumulated (0.0003 USDC in escrow)
[2026-05-27T23:56:18.666Z] Fee check: 0.0003 USDC accumulated (0.0003 USDC in escrow)
[2026-05-27T23:56:48.662Z] Fee check: 0.0003 USDC accumulated (0.0003 USDC in escrow)
[2026-05-27T23:57:18.963Z] Fee check: 0.0003 USDC accumulated (0.0003 USDC in escrow)
[2026-05-27T23:57:48.732Z] Fee check: 0.0003 USDC accumulated (0.0003 USDC in escrow)
[2026-05-27T23:58:18.751Z] Fee check: 0.0003 USDC accumulated (0.0003 USDC in escrow)
[2026-05-27T23:58:48.899Z] Fee check: 0.0003 USDC accumulated (0.0003 USDC in escrow)
[2026-05-27T23:59:18.923Z] Fee check: 0.0003 USDC accumulated (0.0003 USDC in escrow)
[2026-05-27T23:59:48.940Z] Fee check: 0.0003 USDC accumulated (0.0003 USDC in escrow)
[2026-05-28T00:00:19.220Z] Fee check: 0.0003 USDC accumulated (0.0003 USDC in escrow)
[2026-05-28T00:00:48.853Z] Fee check: 0.0003 USDC accumulated (0.0003 USDC in escrow)
[2026-05-28T00:01:18.996Z] Fee check: 0.0003 USDC accumulated (0.0003 USDC in escrow)
[2026-05-28T00:01:48.884Z] Fee check: 0.0003 USDC accumulated (0.0003 USDC in escrow)
[2026-05-28T00:02:18.922Z] Fee check: 0.0003 USDC accumulated (0.0003 USDC in escrow)
[2026-05-28T00:02:51.316Z] Fee check: 0.0003 USDC accumulated (0.0003 USDC in escrow)
[2026-05-28T00:03:19.602Z] Fee check: 0.0003 USDC accumulated (0.0003 USDC in escrow)
[2026-05-28T00:03:49.703Z] Fee check: 0.0003 USDC accumulated (0.0003 USDC in escrow)
[2026-05-28T00:04:18.992Z] Fee check: 0.0003 USDC accumulated (0.0003 USDC in escrow)
[2026-05-28T00:04:49.167Z] Fee check: 0.0003 USDC accumulated (0.0003 USDC in escrow)
[2026-05-28T00:05:19.051Z] Fee check: 0.0003 USDC accumulated (0.0003 USDC in escrow)
[2026-05-28T00:05:49.093Z] Fee check: 0.0003 USDC accumulated (0.0003 USDC in escrow)
[2026-05-28T00:06:19.105Z] Fee check: 0.0003 USDC accumulated (0.0003 USDC in escrow)
[2026-05-28T00:06:49.108Z] Fee check: 0.0003 USDC accumulated (0.0003 USDC in escrow)
[2026-05-28T00:07:19.123Z] Fee check: 0.0003 USDC accumulated (0.0003 USDC in escrow)
[2026-05-28T00:07:49.437Z] Fee check: 0.0003 USDC accumulated (0.0003 USDC in escrow)
[2026-05-28T00:08:19.170Z] Fee check: 0.0003 USDC accumulated (0.0003 USDC in escrow)
[2026-05-28T00:08:49.313Z] Fee check: 0.0003 USDC accumulated (0.0003 USDC in escrow)
[2026-05-28T00:09:19.335Z] Fee check: 0.0003 USDC accumulated (0.0003 USDC in escrow)
[2026-05-28T00:09:49.411Z] Fee check: 0.0003 USDC accumulated (0.0003 USDC in escrow)
[2026-05-28T00:10:19.686Z] Fee check: 0.0003 USDC accumulated (0.0003 USDC in escrow)
[2026-05-28T00:10:49.282Z] Fee check: 0.0003 USDC accumulated (0.0003 USDC in escrow)
[2026-05-28T00:11:19.320Z] Fee check: 0.0003 USDC accumulated (0.0003 USDC in escrow)
[2026-05-28T00:11:49.319Z] Fee check: 0.0003 USDC accumulated (0.0003 USDC in escrow)
[2026-05-28T00:12:19.426Z] Fee check: 0.0003 USDC accumulated (0.0003 USDC in escrow)
[2026-05-28T00:12:49.360Z] Fee check: 0.0003 USDC accumulated (0.0003 USDC in escrow)
[2026-05-28T00:13:19.670Z] Fee check: 0.0003 USDC accumulated (0.0003 USDC in escrow)
[2026-05-28T00:13:49.521Z] Fee check: 0.0003 USDC accumulated (0.0003 USDC in escrow)
[2026-05-28T00:14:19.571Z] Fee check: 0.0003 USDC accumulated (0.0003 USDC in escrow)
[2026-05-28T00:14:49.573Z] Fee check: 0.0003 USDC accumulated (0.0003 USDC in escrow)
[2026-05-28T00:15:19.627Z] Fee check: 0.0003 USDC accumulated (0.0003 USDC in escrow)
[2026-05-28T00:15:49.518Z] Fee check: 0.0003 USDC accumulated (0.0003 USDC in escrow)
[2026-05-28T00:16:19.559Z] Fee check: 0.0003 USDC accumulated (0.0003 USDC in escrow)
[2026-05-28T00:16:49.537Z] Fee check: 0.0003 USDC accumulated (0.0003 USDC in escrow)
[2026-05-28T00:17:19.559Z] Fee check: 0.0003 USDC accumulated (0.0003 USDC in escrow)
[2026-05-28T00:17:49.594Z] Fee check: 0.0003 USDC accumulated (0.0003 USDC in escrow)
[2026-05-28T00:18:19.590Z] Fee check: 0.0003 USDC accumulated (0.0003 USDC in escrow)
[2026-05-28T00:18:50.025Z] Fee check: 0.0003 USDC accumulated (0.0003 USDC in escrow)
[2026-05-28T00:19:19.828Z] Fee check: 0.0003 USDC accumulated (0.0003 USDC in escrow)
[2026-05-28T00:19:49.818Z] Fee check: 0.0003 USDC accumulated (0.0003 USDC in escrow)
[2026-05-28T00:20:19.855Z] Fee check: 0.0003 USDC accumulated (0.0003 USDC in escrow)
[2026-05-28T00:20:49.926Z] Fee check: 0.0003 USDC accumulated (0.0003 USDC in escrow)
[2026-05-28T00:21:19.746Z] Fee check: 0.0003 USDC accumulated (0.0003 USDC in escrow)
[2026-05-28T00:21:49.784Z] Fee check: 0.0003 USDC accumulated (0.0003 USDC in escrow)
[2026-05-28T00:22:19.776Z] Fee check: 0.0003 USDC accumulated (0.0003 USDC in escrow)
[2026-05-28T00:22:49.794Z] Fee check: 0.0003 USDC accumulated (0.0003 USDC in escrow)
[2026-05-28T00:23:19.848Z] Fee check: 0.0003 USDC accumulated (0.0003 USDC in escrow)
[2026-05-28T00:23:49.992Z] Fee check: 0.0003 USDC accumulated (0.0003 USDC in escrow)
[2026-05-28T00:24:20.004Z] Fee check: 0.0003 USDC accumulated (0.0003 USDC in escrow)
[2026-05-28T00:24:50.034Z] Fee check: 0.0003 USDC accumulated (0.0003 USDC in escrow)
[2026-05-28T00:25:20.055Z] Fee check: 0.0003 USDC accumulated (0.0003 USDC in escrow)
[2026-05-28T00:25:49.934Z] Fee check: 0.0003 USDC accumulated (0.0003 USDC in escrow)
[2026-05-28T00:26:19.954Z] Fee check: 0.0003 USDC accumulated (0.0003 USDC in escrow)
[2026-05-28T00:26:49.973Z] Fee check: 0.0003 USDC accumulated (0.0003 USDC in escrow)
[2026-05-28T00:27:19.985Z] Fee check: 0.0003 USDC accumulated (0.0003 USDC in escrow)
[2026-05-28T00:27:50.009Z] Fee check: 0.0003 USDC accumulated (0.0003 USDC in escrow)
[2026-05-28T00:28:20.045Z] Fee check: 0.0003 USDC accumulated (0.0003 USDC in escrow)
[2026-05-28T00:28:50.186Z] Fee check: 0.0003 USDC accumulated (0.0003 USDC in escrow)
[2026-05-28T00:29:20.090Z] Fee check: 0.0003 USDC accumulated (0.0003 USDC in escrow)
[2026-05-28T00:29:50.253Z] Fee check: 0.0003 USDC accumulated (0.0003 USDC in escrow)
[2026-05-28T00:30:20.148Z] Fee check: 0.0003 USDC accumulated (0.0003 USDC in escrow)
[2026-05-28T00:30:50.176Z] Fee check: 0.0003 USDC accumulated (0.0003 USDC in escrow)
[2026-05-28T00:31:20.183Z] Fee check: 0.0003 USDC accumulated (0.0003 USDC in escrow)
[2026-05-28T00:31:50.167Z] Fee check: 0.0003 USDC accumulated (0.0003 USDC in escrow)
[2026-05-28T00:32:20.491Z] Fee check: 0.0003 USDC accumulated (0.0003 USDC in escrow)
[2026-05-28T00:32:50.208Z] Fee check: 0.0003 USDC accumulated (0.0003 USDC in escrow)
[2026-05-28T00:33:20.245Z] Fee check: 0.0003 USDC accumulated (0.0003 USDC in escrow)
[2026-05-28T00:33:50.398Z] Fee check: 0.0003 USDC accumulated (0.0003 USDC in escrow)
[2026-05-28T00:34:20.670Z] Fee check: 0.0003 USDC accumulated (0.0003 USDC in escrow)
[2026-05-28T00:34:50.477Z] Fee check: 0.0003 USDC accumulated (0.0003 USDC in escrow)
[2026-05-28T00:35:20.478Z] Fee check: 0.0003 USDC accumulated (0.0003 USDC in escrow)
[2026-05-28T00:35:50.640Z] Fee check: 0.0003 USDC accumulated (0.0003 USDC in escrow)
[2026-05-28T00:36:20.398Z] Fee check: 0.0003 USDC accumulated (0.0003 USDC in escrow)
[2026-05-28T00:36:50.385Z] Fee check: 0.0003 USDC accumulated (0.0003 USDC in escrow)
[2026-05-28T00:37:20.506Z] Fee check: 0.0003 USDC accumulated (0.0003 USDC in escrow)
[2026-05-28T00:37:50.485Z] Fee check: 0.0003 USDC accumulated (0.0003 USDC in escrow)
[2026-05-28T00:38:20.718Z] Fee check: 0.0003 USDC accumulated (0.0003 USDC in escrow)
[2026-05-28T00:38:50.610Z] Fee check: 0.0003 USDC accumulated (0.0003 USDC in escrow)
[2026-05-28T00:39:20.666Z] Fee check: 0.0003 USDC accumulated (0.0003 USDC in escrow)
[2026-05-28T00:39:50.675Z] Fee check: 0.0003 USDC accumulated (0.0003 USDC in escrow)
[2026-05-28T00:40:20.954Z] Fee check: 0.0003 USDC accumulated (0.0003 USDC in escrow)
[2026-05-28T00:40:50.588Z] Fee check: 0.0003 USDC accumulated (0.0003 USDC in escrow)
[2026-05-28T00:41:20.617Z] Fee check: 0.0003 USDC accumulated (0.0003 USDC in escrow)
[2026-05-28T00:41:50.868Z] Fee check: 0.0003 USDC accumulated (0.0003 USDC in escrow)
[2026-05-28T00:42:20.630Z] Fee check: 0.0003 USDC accumulated (0.0003 USDC in escrow)
[2026-05-28T00:42:50.660Z] Fee check: 0.0003 USDC accumulated (0.0003 USDC in escrow)
[2026-05-28T00:43:20.673Z] Fee check: 0.0003 USDC accumulated (0.0003 USDC in escrow)
[2026-05-28T00:43:50.831Z] Fee check: 0.0003 USDC accumulated (0.0003 USDC in escrow)
[2026-05-28T00:44:20.878Z] Fee check: 0.0003 USDC accumulated (0.0003 USDC in escrow)
[2026-05-28T00:44:50.867Z] Fee check: 0.0003 USDC accumulated (0.0003 USDC in escrow)
[2026-05-28T00:45:20.933Z] Fee check: 0.0003 USDC accumulated (0.0003 USDC in escrow)
[2026-05-28T00:45:50.810Z] Fee check: 0.0003 USDC accumulated (0.0003 USDC in escrow)
[2026-05-28T00:46:21.076Z] Fee check: 0.0003 USDC accumulated (0.0003 USDC in escrow)
[2026-05-28T00:46:50.841Z] Fee check: 0.0003 USDC accumulated (0.0003 USDC in escrow)
[2026-05-28T00:47:20.848Z] Fee check: 0.0003 USDC accumulated (0.0003 USDC in escrow)
[2026-05-28T00:47:51.122Z] Fee check: 0.0003 USDC accumulated (0.0003 USDC in escrow)
[2026-05-28T00:48:20.894Z] Fee check: 0.0003 USDC accumulated (0.0003 USDC in escrow)
[2026-05-28T00:48:51.045Z] Fee check: 0.0003 USDC accumulated (0.0003 USDC in escrow)
[2026-05-28T00:49:20.944Z] Fee check: 0.0003 USDC accumulated (0.0003 USDC in escrow)
[2026-05-28T00:49:51.101Z] Fee check: 0.0003 USDC accumulated (0.0003 USDC in escrow)
[2026-05-28T00:50:20.984Z] Fee check: 0.0003 USDC accumulated (0.0003 USDC in escrow)
[2026-05-28T00:50:51.012Z] Fee check: 0.0003 USDC accumulated (0.0003 USDC in escrow)
[2026-05-28T00:51:21.038Z] Fee check: 0.0003 USDC accumulated (0.0003 USDC in escrow)
[2026-05-28T00:51:51.035Z] Fee check: 0.0003 USDC accumulated (0.0003 USDC in escrow)
[2026-05-28T00:52:21.050Z] Fee check: 0.0003 USDC accumulated (0.0003 USDC in escrow)
[2026-05-28T00:52:51.080Z] Fee check: 0.0003 USDC accumulated (0.0003 USDC in escrow)
[2026-05-28T00:53:21.134Z] Fee check: 0.0003 USDC accumulated (0.0003 USDC in escrow)
[2026-05-28T00:53:51.248Z] Fee check: 0.0003 USDC accumulated (0.0003 USDC in escrow)
[2026-05-28T00:54:21.293Z] Fee check: 0.0003 USDC accumulated (0.0003 USDC in escrow)
[2026-05-28T00:54:51.331Z] Fee check: 0.0003 USDC accumulated (0.0003 USDC in escrow)
[2026-05-28T00:55:21.330Z] Fee check: 0.0003 USDC accumulated (0.0003 USDC in escrow)
[2026-05-28T00:55:51.235Z] Fee check: 0.0003 USDC accumulated (0.0003 USDC in escrow)
[2026-05-28T00:56:21.509Z] Fee check: 0.0003 USDC accumulated (0.0003 USDC in escrow)
[2026-05-28T00:56:51.260Z] Fee check: 0.0003 USDC accumulated (0.0003 USDC in escrow)
[2026-05-28T00:57:21.282Z] Fee check: 0.0003 USDC accumulated (0.0003 USDC in escrow)
[2026-05-28T00:57:51.303Z] Fee check: 0.0003 USDC accumulated (0.0003 USDC in escrow)
[2026-05-28T00:58:21.400Z] Fee check: 0.0003 USDC accumulated (0.0003 USDC in escrow)
[2026-05-28T00:58:51.488Z] Fee check: 0.0003 USDC accumulated (0.0003 USDC in escrow)
[2026-05-28T00:59:21.485Z] Fee check: 0.0003 USDC accumulated (0.0003 USDC in escrow)
[2026-05-28T00:59:51.525Z] Fee check: 0.0003 USDC accumulated (0.0003 USDC in escrow)
[2026-05-28T01:00:21.530Z] Fee check: 0.0003 USDC accumulated (0.0003 USDC in escrow)
[2026-05-28T01:00:51.461Z] Fee check: 0.0003 USDC accumulated (0.0003 USDC in escrow)
[2026-05-28T01:01:21.470Z] Fee check: 0.0003 USDC accumulated (0.0003 USDC in escrow)
[2026-05-28T01:01:51.486Z] Fee check: 0.0003 USDC accumulated (0.0003 USDC in escrow)
[2026-05-28T01:02:21.487Z] Fee check: 0.0003 USDC accumulated (0.0003 USDC in escrow)
[2026-05-28T01:02:51.525Z] Fee check: 0.0003 USDC accumulated (0.0003 USDC in escrow)
[2026-05-28T01:03:21.546Z] Fee check: 0.0003 USDC accumulated (0.0003 USDC in escrow)
[2026-05-28T01:03:51.688Z] Fee check: 0.0003 USDC accumulated (0.0003 USDC in escrow)
[2026-05-28T01:04:21.714Z] Fee check: 0.0003 USDC accumulated (0.0003 USDC in escrow)
[2026-05-28T01:04:51.746Z] Fee check: 0.0003 USDC accumulated (0.0003 USDC in escrow)
[2026-05-28T01:05:21.788Z] Fee check: 0.0003 USDC accumulated (0.0003 USDC in escrow)
[2026-05-28T01:05:51.775Z] Fee check: 0.0003 USDC accumulated (0.0003 USDC in escrow)
[2026-05-28T01:06:21.722Z] Fee check: 0.0003 USDC accumulated (0.0003 USDC in escrow)
[2026-05-28T01:06:51.673Z] Fee check: 0.0003 USDC accumulated (0.0003 USDC in escrow)
[2026-05-28T01:07:21.709Z] Fee check: 0.0003 USDC accumulated (0.0003 USDC in escrow)
[2026-05-28T01:07:51.731Z] Fee check: 0.0003 USDC accumulated (0.0003 USDC in escrow)
[2026-05-28T01:08:21.757Z] Fee check: 0.0003 USDC accumulated (0.0003 USDC in escrow)
[2026-05-28T01:08:51.905Z] Fee check: 0.0003 USDC accumulated (0.0003 USDC in escrow)
[2026-05-28T01:09:21.941Z] Fee check: 0.0003 USDC accumulated (0.0003 USDC in escrow)
[2026-05-28T01:09:51.952Z] Fee check: 0.0003 USDC accumulated (0.0003 USDC in escrow)
[2026-05-28T01:10:21.962Z] Fee check: 0.0003 USDC accumulated (0.0003 USDC in escrow)
[2026-05-28T01:10:51.885Z] Fee check: 0.0003 USDC accumulated (0.0003 USDC in escrow)
[2026-05-28T01:11:21.900Z] Fee check: 0.0003 USDC accumulated (0.0003 USDC in escrow)
[2026-05-28T01:11:51.942Z] Fee check: 0.0003 USDC accumulated (0.0003 USDC in escrow)
[2026-05-28T01:12:21.935Z] Fee check: 0.0003 USDC accumulated (0.0003 USDC in escrow)
[2026-05-28T01:12:51.952Z] Fee check: 0.0003 USDC accumulated (0.0003 USDC in escrow)
[2026-05-28T01:13:21.962Z] Fee check: 0.0003 USDC accumulated (0.0003 USDC in escrow)
[2026-05-28T01:13:52.137Z] Fee check: 0.0003 USDC accumulated (0.0003 USDC in escrow)
[2026-05-28T01:14:22.006Z] Fee check: 0.0003 USDC accumulated (0.0003 USDC in escrow)
[2026-05-28T01:14:52.252Z] Fee check: 0.0003 USDC accumulated (0.0003 USDC in escrow)
[2026-05-28T01:15:22.064Z] Fee check: 0.0003 USDC accumulated (0.0003 USDC in escrow)
[2026-05-28T01:15:52.111Z] Fee check: 0.0003 USDC accumulated (0.0003 USDC in escrow)
[2026-05-28T01:16:22.122Z] Fee check: 0.0003 USDC accumulated (0.0003 USDC in escrow)
[2026-05-28T01:16:52.369Z] Fee check: 0.0003 USDC accumulated (0.0003 USDC in escrow)
[2026-05-28T01:17:22.142Z] Fee check: 0.0003 USDC accumulated (0.0003 USDC in escrow)
[2026-05-28T01:17:52.163Z] Fee check: 0.0003 USDC accumulated (0.0003 USDC in escrow)
[2026-05-28T01:18:22.230Z] Fee check: 0.0003 USDC accumulated (0.0003 USDC in escrow)
[2026-05-28T01:18:52.348Z] Fee check: 0.0003 USDC accumulated (0.0003 USDC in escrow)
[2026-05-28T01:19:22.641Z] Fee check: 0.0003 USDC accumulated (0.0003 USDC in escrow)
[2026-05-28T01:19:52.408Z] Fee check: 0.0003 USDC accumulated (0.0003 USDC in escrow)
[2026-05-28T01:20:22.401Z] Fee check: 0.0003 USDC accumulated (0.0003 USDC in escrow)
[2026-05-28T01:20:52.315Z] Fee check: 0.0003 USDC accumulated (0.0003 USDC in escrow)
[2026-05-28T01:21:22.337Z] Fee check: 0.0003 USDC accumulated (0.0003 USDC in escrow)
[2026-05-28T01:21:52.577Z] Fee check: 0.0003 USDC accumulated (0.0003 USDC in escrow)
[2026-05-28T01:22:22.344Z] Fee check: 0.0003 USDC accumulated (0.0003 USDC in escrow)
[2026-05-28T01:22:52.362Z] Fee check: 0.0003 USDC accumulated (0.0003 USDC in escrow)
[2026-05-28T01:23:22.433Z] Fee check: 0.0003 USDC accumulated (0.0003 USDC in escrow)
[2026-05-28T01:23:52.573Z] Fee check: 0.0003 USDC accumulated (0.0003 USDC in escrow)
[2026-05-28T01:24:22.584Z] Fee check: 0.0003 USDC accumulated (0.0003 USDC in escrow)
[2026-05-28T01:24:52.584Z] Fee check: 0.0003 USDC accumulated (0.0003 USDC in escrow)
[2026-05-28T01:25:22.618Z] Fee check: 0.0003 USDC accumulated (0.0003 USDC in escrow)
[2026-05-28T01:25:52.517Z] Fee check: 0.0003 USDC accumulated (0.0003 USDC in escrow)
[2026-05-28T01:26:22.531Z] Fee check: 0.0003 USDC accumulated (0.0003 USDC in escrow)
[2026-05-28T01:26:52.540Z] Fee check: 0.0003 USDC accumulated (0.0003 USDC in escrow)
[2026-05-28T01:27:22.567Z] Fee check: 0.0003 USDC accumulated (0.0003 USDC in escrow)
[2026-05-28T01:27:52.606Z] Fee check: 0.0003 USDC accumulated (0.0003 USDC in escrow)
[2026-05-28T01:28:22.867Z] Fee check: 0.0003 USDC accumulated (0.0003 USDC in escrow)
[2026-05-28T01:28:52.752Z] Fee check: 0.0003 USDC accumulated (0.0003 USDC in escrow)
[2026-05-28T01:29:22.795Z] Fee check: 0.0003 USDC accumulated (0.0003 USDC in escrow)
[2026-05-28T01:29:53.049Z] Fee check: 0.0003 USDC accumulated (0.0003 USDC in escrow)
[2026-05-28T01:30:22.825Z] Fee check: 0.0003 USDC accumulated (0.0003 USDC in escrow)
[2026-05-28T01:30:52.761Z] Fee check: 0.0003 USDC accumulated (0.0003 USDC in escrow)
[2026-05-28T01:31:22.771Z] Fee check: 0.0003 USDC accumulated (0.0003 USDC in escrow)
[2026-05-28T01:31:52.754Z] Fee check: 0.0003 USDC accumulated (0.0003 USDC in escrow)
[2026-05-28T01:32:22.770Z] Fee check: 0.0003 USDC accumulated (0.0003 USDC in escrow)
[2026-05-28T01:32:53.112Z] Fee check: 0.0003 USDC accumulated (0.0003 USDC in escrow)
[2026-05-28T01:33:22.911Z] Fee check: 0.0003 USDC accumulated (0.0003 USDC in escrow)
[2026-05-28T01:33:52.963Z] Fee check: 0.0003 USDC accumulated (0.0003 USDC in escrow)
[2026-05-28T01:34:23.278Z] Fee check: 0.0003 USDC accumulated (0.0003 USDC in escrow)
[2026-05-28T01:34:53.027Z] Fee check: 0.0003 USDC accumulated (0.0003 USDC in escrow)
[2026-05-28T01:35:23.154Z] Fee check: 0.0003 USDC accumulated (0.0003 USDC in escrow)
[2026-05-28T01:35:52.951Z] Fee check: 0.0003 USDC accumulated (0.0003 USDC in escrow)
[2026-05-28T01:36:22.955Z] Fee check: 0.0003 USDC accumulated (0.0003 USDC in escrow)
[2026-05-28T01:36:53.021Z] Fee check: 0.0003 USDC accumulated (0.0003 USDC in escrow)
[2026-05-28T01:37:22.990Z] Fee check: 0.0003 USDC accumulated (0.0003 USDC in escrow)
[2026-05-28T01:37:53.017Z] Fee check: 0.0003 USDC accumulated (0.0003 USDC in escrow)
[2026-05-28T01:38:23.443Z] Fee check: 0.0003 USDC accumulated (0.0003 USDC in escrow)
[2026-05-28T01:38:53.195Z] Fee check: 0.0003 USDC accumulated (0.0003 USDC in escrow)
[2026-05-28T01:39:23.114Z] Fee check: 0.0003 USDC accumulated (0.0003 USDC in escrow)
[2026-05-28T01:39:53.095Z] Fee check: 0.0003 USDC accumulated (0.0003 USDC in escrow)
[2026-05-28T01:40:23.248Z] Fee check: 0.0003 USDC accumulated (0.0003 USDC in escrow)
[2026-05-28T01:40:53.143Z] Fee check: 0.0003 USDC accumulated (0.0003 USDC in escrow)
[2026-05-28T01:41:23.445Z] Fee check: 0.0003 USDC accumulated (0.0003 USDC in escrow)
[2026-05-28T01:41:53.477Z] Fee check: 0.0003 USDC accumulated (0.0003 USDC in escrow)
[2026-05-28T01:42:23.202Z] Fee check: 0.0003 USDC accumulated (0.0003 USDC in escrow)
[2026-05-28T01:42:53.235Z] Fee check: 0.0003 USDC accumulated (0.0003 USDC in escrow)
[2026-05-28T01:43:23.253Z] Fee check: 0.0003 USDC accumulated (0.0003 USDC in escrow)
[2026-05-28T01:43:53.550Z] Fee check: 0.0003 USDC accumulated (0.0003 USDC in escrow)
[2026-05-28T01:44:23.679Z] Fee check: 0.0003 USDC accumulated (0.0003 USDC in escrow)
[2026-05-28T01:44:53.321Z] Fee check: 0.0003 USDC accumulated (0.0003 USDC in escrow)
[2026-05-28T01:45:23.461Z] Fee check: 0.0003 USDC accumulated (0.0003 USDC in escrow)
[2026-05-28T01:45:53.764Z] Fee check: 0.0003 USDC accumulated (0.0003 USDC in escrow)
[2026-05-28T01:46:23.391Z] Fee check: 0.0003 USDC accumulated (0.0003 USDC in escrow)
[2026-05-28T01:46:53.397Z] Fee check: 0.0003 USDC accumulated (0.0003 USDC in escrow)
[2026-05-28T01:47:23.410Z] Fee check: 0.0003 USDC accumulated (0.0003 USDC in escrow)
[2026-05-28T01:47:53.444Z] Fee check: 0.0003 USDC accumulated (0.0003 USDC in escrow)
[2026-05-28T01:48:23.729Z] Fee check: 0.0003 USDC accumulated (0.0003 USDC in escrow)
[2026-05-28T01:48:53.624Z] Fee check: 0.0003 USDC accumulated (0.0003 USDC in escrow)
[2026-05-28T01:49:23.633Z] Fee check: 0.0003 USDC accumulated (0.0003 USDC in escrow)
[2026-05-28T01:49:53.549Z] Fee check: 0.0003 USDC accumulated (0.0003 USDC in escrow)
[2026-05-28T01:50:23.716Z] Fee check: 0.0003 USDC accumulated (0.0003 USDC in escrow)
[2026-05-28T01:50:53.719Z] Fee check: 0.0003 USDC accumulated (0.0003 USDC in escrow)
[2026-05-28T01:51:23.632Z] Fee check: 0.0003 USDC accumulated (0.0003 USDC in escrow)
[2026-05-28T01:51:53.599Z] Fee check: 0.0003 USDC accumulated (0.0003 USDC in escrow)
[2026-05-28T01:52:23.649Z] Fee check: 0.0003 USDC accumulated (0.0003 USDC in escrow)
[2026-05-28T01:52:53.925Z] Fee check: 0.0003 USDC accumulated (0.0003 USDC in escrow)
[2026-05-28T01:53:23.720Z] Fee check: 0.0003 USDC accumulated (0.0003 USDC in escrow)
[2026-05-28T01:53:53.839Z] Fee check: 0.0003 USDC accumulated (0.0003 USDC in escrow)
[2026-05-28T01:54:23.851Z] Fee check: 0.0003 USDC accumulated (0.0003 USDC in escrow)
[2026-05-28T01:54:53.746Z] Fee check: 0.0003 USDC accumulated (0.0003 USDC in escrow)
[2026-05-28T01:55:24.063Z] Fee check: 0.0003 USDC accumulated (0.0003 USDC in escrow)
[2026-05-28T01:55:53.923Z] Fee check: 0.0003 USDC accumulated (0.0003 USDC in escrow)
[2026-05-28T01:56:23.824Z] Fee check: 0.0003 USDC accumulated (0.0003 USDC in escrow)
[2026-05-28T01:56:54.134Z] Fee check: 0.0003 USDC accumulated (0.0003 USDC in escrow)
[2026-05-28T01:57:23.849Z] Fee check: 0.0003 USDC accumulated (0.0003 USDC in escrow)
[2026-05-28T01:57:53.870Z] Fee check: 0.0003 USDC accumulated (0.0003 USDC in escrow)
[2026-05-28T01:58:23.892Z] Fee check: 0.0003 USDC accumulated (0.0003 USDC in escrow)
[2026-05-28T01:58:54.077Z] Fee check: 0.0003 USDC accumulated (0.0003 USDC in escrow)
[2026-05-28T01:59:23.950Z] Fee check: 0.0003 USDC accumulated (0.0003 USDC in escrow)
[2026-05-28T01:59:53.973Z] Fee check: 0.0003 USDC accumulated (0.0003 USDC in escrow)
[2026-05-28T02:00:24.121Z] Fee check: 0.0003 USDC accumulated (0.0003 USDC in escrow)
[2026-05-28T02:00:54.312Z] Fee check: 0.0003 USDC accumulated (0.0003 USDC in escrow)
[2026-05-28T02:01:24.042Z] Fee check: 0.0003 USDC accumulated (0.0003 USDC in escrow)
[2026-05-28T02:01:54.074Z] Fee check: 0.0003 USDC accumulated (0.0003 USDC in escrow)
[2026-05-28T02:02:24.328Z] Fee check: 0.0003 USDC accumulated (0.0003 USDC in escrow)
[2026-05-28T02:02:54.113Z] Fee check: 0.0003 USDC accumulated (0.0003 USDC in escrow)
[2026-05-28T02:03:24.117Z] Fee check: 0.0003 USDC accumulated (0.0003 USDC in escrow)
[2026-05-28T02:03:54.284Z] Fee check: 0.0003 USDC accumulated (0.0003 USDC in escrow)
[2026-05-28T02:04:24.372Z] Fee check: 0.0003 USDC accumulated (0.0003 USDC in escrow)
[2026-05-28T02:04:54.191Z] Fee check: 0.0003 USDC accumulated (0.0003 USDC in escrow)
[2026-05-28T02:05:24.326Z] Fee check: 0.0003 USDC accumulated (0.0003 USDC in escrow)
[2026-05-28T02:05:54.631Z] Fee check: 0.0003 USDC accumulated (0.0003 USDC in escrow)
[2026-05-28T02:06:24.251Z] Fee check: 0.0003 USDC accumulated (0.0003 USDC in escrow)
[2026-05-28T02:06:54.236Z] Fee check: 0.0003 USDC accumulated (0.0003 USDC in escrow)
[2026-05-28T02:07:24.291Z] Fee check: 0.0003 USDC accumulated (0.0003 USDC in escrow)
[2026-05-28T02:07:54.561Z] Fee check: 0.0003 USDC accumulated (0.0003 USDC in escrow)
[2026-05-28T02:08:24.392Z] Fee check: 0.0003 USDC accumulated (0.0003 USDC in escrow)
[2026-05-28T02:08:54.484Z] Fee check: 0.0003 USDC accumulated (0.0003 USDC in escrow)
[2026-05-28T02:09:24.498Z] Fee check: 0.0003 USDC accumulated (0.0003 USDC in escrow)
[2026-05-28T02:09:54.417Z] Fee check: 0.0003 USDC accumulated (0.0003 USDC in escrow)
[2026-05-28T02:10:24.559Z] Fee check: 0.0003 USDC accumulated (0.0003 USDC in escrow)
[2026-05-28T02:10:58.481Z] FEE MONITOR ERROR: request timeout (code=TIMEOUT, version=6.16.0)
[2026-05-28T02:10:58.481Z] Periodic check failed: request timeout (code=TIMEOUT, version=6.16.0)
[2026-05-28T02:11:24.459Z] Fee check: 0.0003 USDC accumulated (0.0003 USDC in escrow)
[2026-05-28T02:11:54.454Z] Fee check: 0.0003 USDC accumulated (0.0003 USDC in escrow)
[2026-05-28T02:12:24.751Z] Fee check: 0.0003 USDC accumulated (0.0003 USDC in escrow)
[2026-05-28T02:12:54.526Z] Fee check: 0.0003 USDC accumulated (0.0003 USDC in escrow)
[2026-05-28T02:13:24.528Z] Fee check: 0.0003 USDC accumulated (0.0003 USDC in escrow)
[2026-05-28T02:13:54.678Z] Fee check: 0.0003 USDC accumulated (0.0003 USDC in escrow)
[2026-05-28T02:14:24.716Z] Fee check: 0.0003 USDC accumulated (0.0003 USDC in escrow)
[2026-05-28T02:14:54.598Z] Fee check: 0.0003 USDC accumulated (0.0003 USDC in escrow)
[2026-05-28T02:15:24.761Z] Fee check: 0.0003 USDC accumulated (0.0003 USDC in escrow)
[2026-05-28T02:15:54.770Z] Fee check: 0.0003 USDC accumulated (0.0003 USDC in escrow)
[2026-05-28T02:16:24.670Z] Fee check: 0.0003 USDC accumulated (0.0003 USDC in escrow)
[2026-05-28T02:16:54.676Z] Fee check: 0.0003 USDC accumulated (0.0003 USDC in escrow)
[2026-05-28T02:17:24.967Z] Fee check: 0.0003 USDC accumulated (0.0003 USDC in escrow)
[2026-05-28T02:17:54.725Z] Fee check: 0.0003 USDC accumulated (0.0003 USDC in escrow)
[2026-05-28T02:18:24.754Z] Fee check: 0.0003 USDC accumulated (0.0003 USDC in escrow)
[2026-05-28T02:18:54.889Z] Fee check: 0.0003 USDC accumulated (0.0003 USDC in escrow)
[2026-05-28T02:19:25.187Z] Fee check: 0.0003 USDC accumulated (0.0003 USDC in escrow)
[2026-05-28T02:19:54.807Z] Fee check: 0.0003 USDC accumulated (0.0003 USDC in escrow)
[2026-05-28T02:20:24.970Z] Fee check: 0.0003 USDC accumulated (0.0003 USDC in escrow)
[2026-05-28T02:20:54.996Z] Fee check: 0.0003 USDC accumulated (0.0003 USDC in escrow)
[2026-05-28T02:21:24.903Z] Fee check: 0.0003 USDC accumulated (0.0003 USDC in escrow)
[2026-05-28T02:21:55.150Z] Fee check: 0.0003 USDC accumulated (0.0003 USDC in escrow)
[2026-05-28T02:22:24.917Z] Fee check: 0.0003 USDC accumulated (0.0003 USDC in escrow)
[2026-05-28T02:22:54.955Z] Fee check: 0.0003 USDC accumulated (0.0003 USDC in escrow)
[2026-05-28T02:23:24.965Z] Fee check: 0.0003 USDC accumulated (0.0003 USDC in escrow)
[2026-05-28T02:23:55.118Z] Fee check: 0.0003 USDC accumulated (0.0003 USDC in escrow)
[2026-05-28T02:24:25.011Z] Fee check: 0.0003 USDC accumulated (0.0003 USDC in escrow)
[2026-05-28T02:24:55.184Z] Fee check: 0.0003 USDC accumulated (0.0003 USDC in escrow)
[2026-05-28T02:25:25.206Z] Fee check: 0.0003 USDC accumulated (0.0003 USDC in escrow)
[2026-05-28T02:25:55.101Z] Fee check: 0.0003 USDC accumulated (0.0003 USDC in escrow)
[2026-05-28T02:26:25.102Z] Fee check: 0.0003 USDC accumulated (0.0003 USDC in escrow)
[2026-05-28T02:26:55.098Z] Fee check: 0.0003 USDC accumulated (0.0003 USDC in escrow)
[2026-05-28T02:27:25.143Z] Fee check: 0.0003 USDC accumulated (0.0003 USDC in escrow)
[2026-05-28T02:27:55.411Z] Fee check: 0.0003 USDC accumulated (0.0003 USDC in escrow)
[2026-05-28T02:28:25.183Z] Fee check: 0.0003 USDC accumulated (0.0003 USDC in escrow)
[2026-05-28T02:28:55.331Z] Fee check: 0.0003 USDC accumulated (0.0003 USDC in escrow)
[2026-05-28T02:29:25.359Z] Fee check: 0.0003 USDC accumulated (0.0003 USDC in escrow)
[2026-05-28T02:29:55.275Z] Fee check: 0.0003 USDC accumulated (0.0003 USDC in escrow)
[2026-05-28T02:30:25.411Z] Fee check: 0.0003 USDC accumulated (0.0003 USDC in escrow)
[2026-05-28T02:30:55.476Z] Fee check: 0.0003 USDC accumulated (0.0003 USDC in escrow)
[2026-05-28T02:31:25.338Z] Fee check: 0.0003 USDC accumulated (0.0003 USDC in escrow)
[2026-05-28T02:31:55.329Z] Fee check: 0.0003 USDC accumulated (0.0003 USDC in escrow)
[2026-05-28T02:32:25.347Z] Fee check: 0.0003 USDC accumulated (0.0003 USDC in escrow)
[2026-05-28T02:32:55.363Z] Fee check: 0.0003 USDC accumulated (0.0003 USDC in escrow)
[2026-05-28T02:33:25.386Z] Fee check: 0.0003 USDC accumulated (0.0003 USDC in escrow)
[2026-05-28T02:33:55.547Z] Fee check: 0.0003 USDC accumulated (0.0003 USDC in escrow)
[2026-05-28T02:34:25.595Z] Fee check: 0.0003 USDC accumulated (0.0003 USDC in escrow)
[2026-05-28T02:34:55.476Z] Fee check: 0.0003 USDC accumulated (0.0003 USDC in escrow)
[2026-05-28T02:35:25.617Z] Fee check: 0.0003 USDC accumulated (0.0003 USDC in escrow)
[2026-05-28T02:35:55.664Z] Fee check: 0.0003 USDC accumulated (0.0003 USDC in escrow)
[2026-05-28T02:36:25.559Z] Fee check: 0.0003 USDC accumulated (0.0003 USDC in escrow)
[2026-05-28T02:36:55.682Z] Fee check: 0.0003 USDC accumulated (0.0003 USDC in escrow)
[2026-05-28T02:37:25.548Z] Fee check: 0.0003 USDC accumulated (0.0003 USDC in escrow)
[2026-05-28T02:37:55.589Z] Fee check: 0.0003 USDC accumulated (0.0003 USDC in escrow)
[2026-05-28T02:38:25.603Z] Fee check: 0.0003 USDC accumulated (0.0003 USDC in escrow)
[2026-05-28T02:38:55.766Z] Fee check: 0.0003 USDC accumulated (0.0003 USDC in escrow)
[2026-05-28T02:39:25.769Z] Fee check: 0.0003 USDC accumulated (0.0003 USDC in escrow)
[2026-05-28T02:39:55.694Z] Fee check: 0.0003 USDC accumulated (0.0003 USDC in escrow)
[2026-05-28T02:40:25.818Z] Fee check: 0.0003 USDC accumulated (0.0003 USDC in escrow)
[2026-05-28T02:40:55.837Z] Fee check: 0.0003 USDC accumulated (0.0003 USDC in escrow)
[2026-05-28T02:41:25.753Z] Fee check: 0.0003 USDC accumulated (0.0003 USDC in escrow)
[2026-05-28T02:41:55.921Z] Fee check: 0.0003 USDC accumulated (0.0003 USDC in escrow)
[2026-05-28T02:42:25.788Z] Fee check: 0.0003 USDC accumulated (0.0003 USDC in escrow)
[2026-05-28T02:42:55.791Z] Fee check: 0.0003 USDC accumulated (0.0003 USDC in escrow)
[2026-05-28T02:43:25.826Z] Fee check: 0.0003 USDC accumulated (0.0003 USDC in escrow)
[2026-05-28T02:43:56.175Z] Fee check: 0.0003 USDC accumulated (0.0003 USDC in escrow)
[2026-05-28T02:44:26.254Z] Fee check: 0.0003 USDC accumulated (0.0003 USDC in escrow)
[2026-05-28T02:44:55.893Z] Fee check: 0.0003 USDC accumulated (0.0003 USDC in escrow)
[2026-05-28T02:45:26.141Z] Fee check: 0.0003 USDC accumulated (0.0003 USDC in escrow)
[2026-05-28T02:45:55.945Z] Fee check: 0.0003 USDC accumulated (0.0003 USDC in escrow)
[2026-05-28T02:46:25.977Z] Fee check: 0.0003 USDC accumulated (0.0003 USDC in escrow)
[2026-05-28T02:46:56.057Z] Fee check: 0.0003 USDC accumulated (0.0003 USDC in escrow)
[2026-05-28T02:47:25.993Z] Fee check: 0.0003 USDC accumulated (0.0003 USDC in escrow)
[2026-05-28T02:47:56.269Z] Fee check: 0.0003 USDC accumulated (0.0003 USDC in escrow)
[2026-05-28T02:48:26.032Z] Fee check: 0.0003 USDC accumulated (0.0003 USDC in escrow)
[2026-05-28T02:48:56.199Z] Fee check: 0.0003 USDC accumulated (0.0003 USDC in escrow)
[2026-05-28T02:49:26.358Z] Fee check: 0.0003 USDC accumulated (0.0003 USDC in escrow)
[2026-05-28T02:49:56.102Z] Fee check: 0.0003 USDC accumulated (0.0003 USDC in escrow)
[2026-05-28T02:50:26.325Z] Fee check: 0.0003 USDC accumulated (0.0003 USDC in escrow)
[2026-05-28T02:50:56.308Z] Fee check: 0.0003 USDC accumulated (0.0003 USDC in escrow)
[2026-05-28T02:51:26.181Z] Fee check: 0.0003 USDC accumulated (0.0003 USDC in escrow)
[2026-05-28T02:51:56.193Z] Fee check: 0.0003 USDC accumulated (0.0003 USDC in escrow)
[2026-05-28T02:52:26.549Z] Fee check: 0.0003 USDC accumulated (0.0003 USDC in escrow)
[2026-05-28T02:52:56.237Z] Fee check: 0.0003 USDC accumulated (0.0003 USDC in escrow)
[2026-05-28T02:53:26.354Z] Fee check: 0.0003 USDC accumulated (0.0003 USDC in escrow)
[2026-05-28T02:53:56.780Z] Fee check: 0.0003 USDC accumulated (0.0003 USDC in escrow)
[2026-05-28T02:54:30.337Z] FEE MONITOR ERROR: request timeout (code=TIMEOUT, version=6.16.0)
[2026-05-28T02:54:30.337Z] Periodic check failed: request timeout (code=TIMEOUT, version=6.16.0)
[2026-05-28T02:54:56.539Z] Fee check: 0.0003 USDC accumulated (0.0003 USDC in escrow)
[2026-05-28T02:55:26.484Z] Fee check: 0.0003 USDC accumulated (0.0003 USDC in escrow)
[2026-05-28T02:55:56.484Z] Fee check: 0.0003 USDC accumulated (0.0003 USDC in escrow)
[2026-05-28T02:56:26.379Z] Fee check: 0.0003 USDC accumulated (0.0003 USDC in escrow)
[2026-05-28T02:56:56.386Z] Fee check: 0.0003 USDC accumulated (0.0003 USDC in escrow)
[2026-05-28T02:57:26.414Z] Fee check: 0.0003 USDC accumulated (0.0003 USDC in escrow)
[2026-05-28T02:57:56.437Z] Fee check: 0.0003 USDC accumulated (0.0003 USDC in escrow)
[2026-05-28T02:58:26.494Z] Fee check: 0.0003 USDC accumulated (0.0003 USDC in escrow)
[2026-05-28T02:58:56.615Z] Fee check: 0.0003 USDC accumulated (0.0003 USDC in escrow)
[2026-05-28T02:59:26.617Z] Fee check: 0.0003 USDC accumulated (0.0003 USDC in escrow)
[2026-05-28T02:59:56.543Z] Fee check: 0.0003 USDC accumulated (0.0003 USDC in escrow)
[2026-05-28T03:00:26.679Z] Fee check: 0.0003 USDC accumulated (0.0003 USDC in escrow)
[2026-05-28T03:00:56.691Z] Fee check: 0.0003 USDC accumulated (0.0003 USDC in escrow)
[2026-05-28T03:01:26.617Z] Fee check: 0.0003 USDC accumulated (0.0003 USDC in escrow)
[2026-05-28T03:01:56.630Z] Fee check: 0.0003 USDC accumulated (0.0003 USDC in escrow)
[2026-05-28T03:02:26.880Z] Fee check: 0.0003 USDC accumulated (0.0003 USDC in escrow)
[2026-05-28T03:02:56.666Z] Fee check: 0.0003 USDC accumulated (0.0003 USDC in escrow)
[2026-05-28T03:03:26.665Z] Fee check: 0.0003 USDC accumulated (0.0003 USDC in escrow)
[2026-05-28T03:03:56.789Z] Fee check: 0.0003 USDC accumulated (0.0003 USDC in escrow)
[2026-05-28T03:04:26.820Z] Fee check: 0.0003 USDC accumulated (0.0003 USDC in escrow)
[2026-05-28T03:04:56.686Z] Fee check: 0.0003 USDC accumulated (0.0003 USDC in escrow)
[2026-05-28T03:05:26.709Z] Fee check: 0.0003 USDC accumulated (0.0003 USDC in escrow)
[2026-05-28T03:05:56.820Z] Fee check: 0.0003 USDC accumulated (0.0003 USDC in escrow)
[2026-05-28T03:06:26.691Z] Fee check: 0.0003 USDC accumulated (0.0003 USDC in escrow)
[2026-05-28T03:06:56.708Z] Fee check: 0.0003 USDC accumulated (0.0003 USDC in escrow)
[2026-05-28T03:07:26.986Z] Fee check: 0.0003 USDC accumulated (0.0003 USDC in escrow)
[2026-05-28T03:07:56.735Z] Fee check: 0.0003 USDC accumulated (0.0003 USDC in escrow)
[2026-05-28T03:08:26.761Z] Fee check: 0.0003 USDC accumulated (0.0003 USDC in escrow)
[2026-05-28T03:08:56.799Z] Fee check: 0.0003 USDC accumulated (0.0003 USDC in escrow)
[2026-05-28T03:09:26.940Z] Fee check: 0.0003 USDC accumulated (0.0003 USDC in escrow)
[2026-05-28T03:09:57.097Z] Fee check: 0.0003 USDC accumulated (0.0003 USDC in escrow)
[2026-05-28T03:10:26.868Z] Fee check: 0.0003 USDC accumulated (0.0003 USDC in escrow)
[2026-05-28T03:10:57.023Z] Fee check: 0.0003 USDC accumulated (0.0003 USDC in escrow)
[2026-05-28T03:11:27.288Z] Fee check: 0.0003 USDC accumulated (0.0003 USDC in escrow)
[2026-05-28T03:11:56.919Z] Fee check: 0.0003 USDC accumulated (0.0003 USDC in escrow)
[2026-05-28T03:12:26.931Z] Fee check: 0.0003 USDC accumulated (0.0003 USDC in escrow)
[2026-05-28T03:12:57.216Z] Fee check: 0.0003 USDC accumulated (0.0003 USDC in escrow)
[2026-05-28T03:13:26.976Z] Fee check: 0.0003 USDC accumulated (0.0003 USDC in escrow)
[2026-05-28T03:13:57.007Z] Fee check: 0.0003 USDC accumulated (0.0003 USDC in escrow)
[2026-05-28T03:14:27.171Z] Fee check: 0.0003 USDC accumulated (0.0003 USDC in escrow)
[2026-05-28T03:14:57.069Z] Fee check: 0.0003 USDC accumulated (0.0003 USDC in escrow)
[2026-05-28T03:15:27.080Z] Fee check: 0.0003 USDC accumulated (0.0003 USDC in escrow)
[2026-05-28T03:15:57.244Z] Fee check: 0.0003 USDC accumulated (0.0003 USDC in escrow)
[2026-05-28T03:16:27.376Z] Fee check: 0.0003 USDC accumulated (0.0003 USDC in escrow)
[2026-05-28T03:16:57.156Z] Fee check: 0.0003 USDC accumulated (0.0003 USDC in escrow)
[2026-05-28T03:17:27.500Z] Fee check: 0.0003 USDC accumulated (0.0003 USDC in escrow)
[2026-05-28T03:17:57.275Z] Fee check: 0.0003 USDC accumulated (0.0003 USDC in escrow)
[2026-05-28T03:18:27.234Z] Fee check: 0.0003 USDC accumulated (0.0003 USDC in escrow)
[2026-05-28T03:18:57.232Z] Fee check: 0.0003 USDC accumulated (0.0003 USDC in escrow)
[2026-05-28T03:19:27.405Z] Fee check: 0.0003 USDC accumulated (0.0003 USDC in escrow)
[2026-05-28T03:19:57.465Z] Fee check: 0.0003 USDC accumulated (0.0003 USDC in escrow)
[2026-05-28T03:20:27.305Z] Fee check: 0.0003 USDC accumulated (0.0003 USDC in escrow)
[2026-05-28T03:20:57.447Z] Fee check: 0.0003 USDC accumulated (0.0003 USDC in escrow)
[2026-05-28T03:21:27.464Z] Fee check: 0.0003 USDC accumulated (0.0003 USDC in escrow)
[2026-05-28T03:21:57.695Z] Fee check: 0.0003 USDC accumulated (0.0003 USDC in escrow)
[2026-05-28T03:22:27.367Z] Fee check: 0.0003 USDC accumulated (0.0003 USDC in escrow)
[2026-05-28T03:22:57.381Z] Fee check: 0.0003 USDC accumulated (0.0003 USDC in escrow)
[2026-05-28T03:23:27.731Z] Fee check: 0.0003 USDC accumulated (0.0003 USDC in escrow)
[2026-05-28T03:23:57.439Z] Fee check: 0.0003 USDC accumulated (0.0003 USDC in escrow)
[2026-05-28T03:24:27.587Z] Fee check: 0.0003 USDC accumulated (0.0003 USDC in escrow)
[2026-05-28T03:24:57.869Z] Fee check: 0.0003 USDC accumulated (0.0003 USDC in escrow)
[2026-05-28T03:25:27.513Z] Fee check: 0.0003 USDC accumulated (0.0003 USDC in escrow)
[2026-05-28T03:25:57.663Z] Fee check: 0.0003 USDC accumulated (0.0003 USDC in escrow)
[2026-05-28T03:26:27.691Z] Fee check: 0.0003 USDC accumulated (0.0003 USDC in escrow)
[2026-05-28T03:26:57.840Z] Fee check: 0.0003 USDC accumulated (0.0003 USDC in escrow)
[2026-05-28T03:27:27.601Z] Fee check: 0.0003 USDC accumulated (0.0003 USDC in escrow)
[2026-05-28T03:27:57.640Z] Fee check: 0.0003 USDC accumulated (0.0003 USDC in escrow)
[2026-05-28T03:28:27.639Z] Fee check: 0.0003 USDC accumulated (0.0003 USDC in escrow)
[2026-05-28T03:28:57.672Z] Fee check: 0.0003 USDC accumulated (0.0003 USDC in escrow)
[2026-05-28T03:29:27.814Z] Fee check: 0.0003 USDC accumulated (0.0003 USDC in escrow)
[2026-05-28T03:29:57.854Z] Fee check: 0.0003 USDC accumulated (0.0003 USDC in escrow)
[2026-05-28T03:30:27.745Z] Fee check: 0.0003 USDC accumulated (0.0003 USDC in escrow)
[2026-05-28T03:30:57.899Z] Fee check: 0.0003 USDC accumulated (0.0003 USDC in escrow)
[2026-05-28T03:31:27.935Z] Fee check: 0.0003 USDC accumulated (0.0003 USDC in escrow)
[2026-05-28T03:31:57.841Z] Fee check: 0.0003 USDC accumulated (0.0003 USDC in escrow)
[2026-05-28T03:32:28.045Z] Fee check: 0.0003 USDC accumulated (0.0003 USDC in escrow)
[2026-05-28T03:32:59.189Z] Fee check: 0.0003 USDC accumulated (0.0003 USDC in escrow)
[2026-05-28T03:33:28.509Z] Fee check: 0.0003 USDC accumulated (0.0003 USDC in escrow)
[2026-05-28T03:33:57.915Z] Fee check: 0.0003 USDC accumulated (0.0003 USDC in escrow)
[2026-05-28T03:34:28.104Z] Fee check: 0.0003 USDC accumulated (0.0003 USDC in escrow)
[2026-05-28T03:34:57.968Z] Fee check: 0.0003 USDC accumulated (0.0003 USDC in escrow)
[2026-05-28T03:35:27.963Z] Fee check: 0.0003 USDC accumulated (0.0003 USDC in escrow)
[2026-05-28T03:35:58.365Z] Fee check: 0.0003 USDC accumulated (0.0003 USDC in escrow)
[2026-05-28T03:36:28.017Z] Fee check: 0.0003 USDC accumulated (0.0003 USDC in escrow)
[2026-05-28T03:36:58.043Z] Fee check: 0.0003 USDC accumulated (0.0003 USDC in escrow)
[2026-05-28T03:37:28.038Z] Fee check: 0.0003 USDC accumulated (0.0003 USDC in escrow)
[2026-05-28T03:37:58.047Z] Fee check: 0.0003 USDC accumulated (0.0003 USDC in escrow)
[2026-05-28T03:38:28.191Z] Fee check: 0.0003 USDC accumulated (0.0003 USDC in escrow)
[2026-05-28T03:38:58.126Z] Fee check: 0.0003 USDC accumulated (0.0003 USDC in escrow)
[2026-05-28T03:39:28.253Z] Fee check: 0.0003 USDC accumulated (0.0003 USDC in escrow)
[2026-05-28T03:39:58.555Z] Fee check: 0.0003 USDC accumulated (0.0003 USDC in escrow)
[2026-05-28T03:40:28.217Z] Fee check: 0.0003 USDC accumulated (0.0003 USDC in escrow)
[2026-05-28T03:40:58.324Z] Fee check: 0.0003 USDC accumulated (0.0003 USDC in escrow)
[2026-05-28T03:41:28.355Z] Fee check: 0.0003 USDC accumulated (0.0003 USDC in escrow)
[2026-05-28T03:41:58.208Z] Fee check: 0.0003 USDC accumulated (0.0003 USDC in escrow)
[2026-05-28T03:42:28.348Z] Fee check: 0.0003 USDC accumulated (0.0003 USDC in escrow)
[2026-05-28T03:42:58.542Z] Fee check: 0.0003 USDC accumulated (0.0003 USDC in escrow)
[2026-05-28T03:43:28.284Z] Fee check: 0.0003 USDC accumulated (0.0003 USDC in escrow)
[2026-05-28T03:43:58.323Z] Fee check: 0.0003 USDC accumulated (0.0003 USDC in escrow)
[2026-05-28T03:44:28.517Z] Fee check: 0.0003 USDC accumulated (0.0003 USDC in escrow)
[2026-05-28T03:44:58.481Z] Fee check: 0.0003 USDC accumulated (0.0003 USDC in escrow)
[2026-05-28T03:45:28.397Z] Fee check: 0.0003 USDC accumulated (0.0003 USDC in escrow)
[2026-05-28T03:45:58.911Z] Fee check: 0.0003 USDC accumulated (0.0003 USDC in escrow)
[2026-05-28T03:46:28.552Z] Fee check: 0.0003 USDC accumulated (0.0003 USDC in escrow)
[2026-05-28T03:46:58.439Z] Fee check: 0.0003 USDC accumulated (0.0003 USDC in escrow)
[2026-05-28T03:47:28.447Z] Fee check: 0.0003 USDC accumulated (0.0003 USDC in escrow)
[2026-05-28T03:47:58.486Z] Fee check: 0.0003 USDC accumulated (0.0003 USDC in escrow)
[2026-05-28T03:48:28.506Z] Fee check: 0.0003 USDC accumulated (0.0003 USDC in escrow)
[2026-05-28T03:48:58.546Z] Fee check: 0.0003 USDC accumulated (0.0003 USDC in escrow)
[2026-05-28T03:49:28.956Z] Fee check: 0.0003 USDC accumulated (0.0003 USDC in escrow)
[2026-05-28T03:49:58.794Z] Fee check: 0.0003 USDC accumulated (0.0003 USDC in escrow)
[2026-05-28T03:50:28.597Z] Fee check: 0.0003 USDC accumulated (0.0003 USDC in escrow)
[2026-05-28T03:50:58.745Z] Fee check: 0.0003 USDC accumulated (0.0003 USDC in escrow)
[2026-05-28T03:51:28.771Z] Fee check: 0.0003 USDC accumulated (0.0003 USDC in escrow)
[2026-05-28T03:51:58.922Z] Fee check: 0.0003 USDC accumulated (0.0003 USDC in escrow)
[2026-05-28T03:52:28.700Z] Fee check: 0.0003 USDC accumulated (0.0003 USDC in escrow)
[2026-05-28T03:52:59.028Z] Fee check: 0.0003 USDC accumulated (0.0003 USDC in escrow)
[2026-05-28T03:53:28.717Z] Fee check: 0.0003 USDC accumulated (0.0003 USDC in escrow)
[2026-05-28T03:53:58.743Z] Fee check: 0.0003 USDC accumulated (0.0003 USDC in escrow)
[2026-05-28T03:54:28.886Z] Fee check: 0.0003 USDC accumulated (0.0003 USDC in escrow)
[2026-05-28T03:54:58.907Z] Fee check: 0.0003 USDC accumulated (0.0003 USDC in escrow)
[2026-05-28T03:55:28.856Z] Fee check: 0.0003 USDC accumulated (0.0003 USDC in escrow)
[2026-05-28T03:55:58.954Z] Fee check: 0.0003 USDC accumulated (0.0003 USDC in escrow)
[2026-05-28T03:56:29.251Z] Fee check: 0.0003 USDC accumulated (0.0003 USDC in escrow)
[2026-05-28T03:56:58.858Z] Fee check: 0.0003 USDC accumulated (0.0003 USDC in escrow)
[2026-05-28T03:57:28.898Z] Fee check: 0.0003 USDC accumulated (0.0003 USDC in escrow)
[2026-05-28T03:57:58.929Z] Fee check: 0.0003 USDC accumulated (0.0003 USDC in escrow)
[2026-05-28T03:58:28.956Z] Fee check: 0.0003 USDC accumulated (0.0003 USDC in escrow)
[2026-05-28T03:58:58.956Z] Fee check: 0.0003 USDC accumulated (0.0003 USDC in escrow)
[2026-05-28T03:59:29.111Z] Fee check: 0.0003 USDC accumulated (0.0003 USDC in escrow)
[2026-05-28T03:59:59.030Z] Fee check: 0.0003 USDC accumulated (0.0003 USDC in escrow)
[2026-05-28T04:00:29.057Z] Fee check: 0.0003 USDC accumulated (0.0003 USDC in escrow)
[2026-05-28T04:00:59.179Z] Fee check: 0.0003 USDC accumulated (0.0003 USDC in escrow)
[2026-05-28T04:01:29.098Z] Fee check: 0.0003 USDC accumulated (0.0003 USDC in escrow)
[2026-05-28T04:01:59.087Z] Fee check: 0.0003 USDC accumulated (0.0003 USDC in escrow)
[2026-05-28T04:02:29.117Z] Fee check: 0.0003 USDC accumulated (0.0003 USDC in escrow)
[2026-05-28T04:02:59.128Z] Fee check: 0.0003 USDC accumulated (0.0003 USDC in escrow)
[2026-05-28T04:03:29.145Z] Fee check: 0.0003 USDC accumulated (0.0003 USDC in escrow)
[2026-05-28T04:03:59.204Z] Fee check: 0.0003 USDC accumulated (0.0003 USDC in escrow)
[2026-05-28T04:04:29.320Z] Fee check: 0.0003 USDC accumulated (0.0003 USDC in escrow)
[2026-05-28T04:04:59.367Z] Fee check: 0.0003 USDC accumulated (0.0003 USDC in escrow)
[2026-05-28T04:05:29.901Z] Fee check: 0.0003 USDC accumulated (0.0003 USDC in escrow)
[2026-05-28T04:05:59.392Z] Fee check: 0.0003 USDC accumulated (0.0003 USDC in escrow)
[2026-05-28T04:06:29.431Z] Fee check: 0.0003 USDC accumulated (0.0003 USDC in escrow)
[2026-05-28T04:06:59.404Z] Fee check: 0.0003 USDC accumulated (0.0003 USDC in escrow)
[2026-05-28T04:07:29.586Z] Fee check: 0.0003 USDC accumulated (0.0003 USDC in escrow)
[2026-05-28T04:07:59.506Z] Fee check: 0.0003 USDC accumulated (0.0003 USDC in escrow)
[2026-05-28T04:08:29.375Z] Fee check: 0.0003 USDC accumulated (0.0003 USDC in escrow)
[2026-05-28T04:08:59.455Z] Fee check: 0.0003 USDC accumulated (0.0003 USDC in escrow)
[2026-05-28T04:09:29.816Z] Fee check: 0.0003 USDC accumulated (0.0003 USDC in escrow)
[2026-05-28T04:09:59.579Z] Fee check: 0.0003 USDC accumulated (0.0003 USDC in escrow)
[2026-05-28T04:10:29.517Z] Fee check: 0.0003 USDC accumulated (0.0003 USDC in escrow)
[2026-05-28T04:10:59.718Z] Fee check: 0.0003 USDC accumulated (0.0003 USDC in escrow)
[2026-05-28T04:11:29.663Z] Fee check: 0.0003 USDC accumulated (0.0003 USDC in escrow)
[2026-05-28T04:11:59.516Z] Fee check: 0.0003 USDC accumulated (0.0003 USDC in escrow)
[2026-05-28T04:12:29.643Z] Fee check: 0.0003 USDC accumulated (0.0003 USDC in escrow)
[2026-05-28T04:12:59.834Z] Fee check: 0.0003 USDC accumulated (0.0003 USDC in escrow)
[2026-05-28T04:13:29.601Z] Fee check: 0.0003 USDC accumulated (0.0003 USDC in escrow)
[2026-05-28T04:13:59.596Z] Fee check: 0.0003 USDC accumulated (0.0003 USDC in escrow)
[2026-05-28T04:14:29.876Z] Fee check: 0.0003 USDC accumulated (0.0003 USDC in escrow)
[2026-05-28T04:14:59.790Z] Fee check: 0.0003 USDC accumulated (0.0003 USDC in escrow)
[2026-05-28T04:15:29.696Z] Fee check: 0.0003 USDC accumulated (0.0003 USDC in escrow)
[2026-05-28T04:15:59.817Z] Fee check: 0.0003 USDC accumulated (0.0003 USDC in escrow)
[2026-05-28T04:16:29.869Z] Fee check: 0.0003 USDC accumulated (0.0003 USDC in escrow)
[2026-05-28T04:16:59.748Z] Fee check: 0.0003 USDC accumulated (0.0003 USDC in escrow)
[2026-05-28T04:17:29.761Z] Fee check: 0.0003 USDC accumulated (0.0003 USDC in escrow)
[2026-05-28T04:17:59.824Z] Fee check: 0.0003 USDC accumulated (0.0003 USDC in escrow)
[2026-05-28T04:18:29.830Z] Fee check: 0.0003 USDC accumulated (0.0003 USDC in escrow)
[2026-05-28T04:18:59.802Z] Fee check: 0.0003 USDC accumulated (0.0003 USDC in escrow)
[2026-05-28T04:19:29.993Z] Fee check: 0.0003 USDC accumulated (0.0003 USDC in escrow)
[2026-05-28T04:20:00.021Z] Fee check: 0.0003 USDC accumulated (0.0003 USDC in escrow)
[2026-05-28T04:20:29.918Z] Fee check: 0.0003 USDC accumulated (0.0003 USDC in escrow)
[2026-05-28T04:21:00.350Z] Fee check: 0.0003 USDC accumulated (0.0003 USDC in escrow)
[2026-05-28T04:21:29.947Z] Fee check: 0.0003 USDC accumulated (0.0003 USDC in escrow)
[2026-05-28T04:21:59.953Z] Fee check: 0.0003 USDC accumulated (0.0003 USDC in escrow)
[2026-05-28T04:22:29.969Z] Fee check: 0.0003 USDC accumulated (0.0003 USDC in escrow)
[2026-05-28T04:22:59.988Z] Fee check: 0.0003 USDC accumulated (0.0003 USDC in escrow)
[2026-05-28T04:23:30.286Z] Fee check: 0.0003 USDC accumulated (0.0003 USDC in escrow)
[2026-05-28T04:24:00.034Z] Fee check: 0.0003 USDC accumulated (0.0003 USDC in escrow)
[2026-05-28T04:24:30.180Z] Fee check: 0.0003 USDC accumulated (0.0003 USDC in escrow)
[2026-05-28T04:25:00.086Z] Fee check: 0.0003 USDC accumulated (0.0003 USDC in escrow)
[2026-05-28T04:25:30.173Z] Fee check: 0.0003 USDC accumulated (0.0003 USDC in escrow)
[2026-05-28T04:26:00.522Z] Fee check: 0.0003 USDC accumulated (0.0003 USDC in escrow)
[2026-05-28T04:26:30.296Z] Fee check: 0.0003 USDC accumulated (0.0003 USDC in escrow)
[2026-05-28T04:27:00.153Z] Fee check: 0.0003 USDC accumulated (0.0003 USDC in escrow)
[2026-05-28T04:27:30.184Z] Fee check: 0.0003 USDC accumulated (0.0003 USDC in escrow)
[2026-05-28T04:28:00.243Z] Fee check: 0.0003 USDC accumulated (0.0003 USDC in escrow)
[2026-05-28T04:28:30.243Z] Fee check: 0.0003 USDC accumulated (0.0003 USDC in escrow)
[2026-05-28T04:29:00.318Z] Fee check: 0.0003 USDC accumulated (0.0003 USDC in escrow)
[2026-05-28T04:29:30.396Z] Fee check: 0.0003 USDC accumulated (0.0003 USDC in escrow)
[2026-05-28T04:30:00.452Z] Fee check: 0.0003 USDC accumulated (0.0003 USDC in escrow)
[2026-05-28T04:30:30.586Z] Fee check: 0.0003 USDC accumulated (0.0003 USDC in escrow)
[2026-05-28T04:31:00.503Z] Fee check: 0.0003 USDC accumulated (0.0003 USDC in escrow)
[2026-05-28T04:31:30.528Z] Fee check: 0.0003 USDC accumulated (0.0003 USDC in escrow)
[2026-05-28T04:32:00.401Z] Fee check: 0.0003 USDC accumulated (0.0003 USDC in escrow)
[2026-05-28T04:32:30.658Z] Fee check: 0.0003 USDC accumulated (0.0003 USDC in escrow)
[2026-05-28T04:33:00.433Z] Fee check: 0.0003 USDC accumulated (0.0003 USDC in escrow)
[2026-05-28T04:33:30.442Z] Fee check: 0.0003 USDC accumulated (0.0003 USDC in escrow)
[2026-05-28T04:34:01.053Z] Fee check: 0.0003 USDC accumulated (0.0003 USDC in escrow)
[2026-05-28T04:34:30.614Z] Fee check: 0.0003 USDC accumulated (0.0003 USDC in escrow)
[2026-05-28T04:35:00.637Z] Fee check: 0.0003 USDC accumulated (0.0003 USDC in escrow)
[2026-05-28T04:35:30.806Z] Fee check: 0.0003 USDC accumulated (0.0003 USDC in escrow)
[2026-05-28T04:36:00.703Z] Fee check: 0.0003 USDC accumulated (0.0003 USDC in escrow)
[2026-05-28T04:36:30.711Z] Fee check: 0.0003 USDC accumulated (0.0003 USDC in escrow)
[2026-05-28T04:37:00.597Z] Fee check: 0.0003 USDC accumulated (0.0003 USDC in escrow)
[2026-05-28T04:37:30.883Z] Fee check: 0.0003 USDC accumulated (0.0003 USDC in escrow)
[2026-05-28T04:38:00.653Z] Fee check: 0.0003 USDC accumulated (0.0003 USDC in escrow)
[2026-05-28T04:38:30.655Z] Fee check: 0.0003 USDC accumulated (0.0003 USDC in escrow)
[2026-05-28T04:39:00.679Z] Fee check: 0.0003 USDC accumulated (0.0003 USDC in escrow)
[2026-05-28T04:39:31.099Z] Fee check: 0.0003 USDC accumulated (0.0003 USDC in escrow)
[2026-05-28T04:40:00.901Z] Fee check: 0.0003 USDC accumulated (0.0003 USDC in escrow)
[2026-05-28T04:40:30.761Z] Fee check: 0.0003 USDC accumulated (0.0003 USDC in escrow)
[2026-05-28T04:41:00.906Z] Fee check: 0.0003 USDC accumulated (0.0003 USDC in escrow)
[2026-05-28T04:41:30.927Z] Fee check: 0.0003 USDC accumulated (0.0003 USDC in escrow)
[2026-05-28T04:42:00.800Z] Fee check: 0.0003 USDC accumulated (0.0003 USDC in escrow)
[2026-05-28T04:42:30.849Z] Fee check: 0.0003 USDC accumulated (0.0003 USDC in escrow)
[2026-05-28T04:43:00.851Z] Fee check: 0.0003 USDC accumulated (0.0003 USDC in escrow)
[2026-05-28T04:43:30.872Z] Fee check: 0.0003 USDC accumulated (0.0003 USDC in escrow)
[2026-05-28T04:44:01.176Z] Fee check: 0.0003 USDC accumulated (0.0003 USDC in escrow)
[2026-05-28T04:44:31.066Z] Fee check: 0.0003 USDC accumulated (0.0003 USDC in escrow)
[2026-05-28T04:45:00.957Z] Fee check: 0.0003 USDC accumulated (0.0003 USDC in escrow)
[2026-05-28T04:45:30.984Z] Fee check: 0.0003 USDC accumulated (0.0003 USDC in escrow)
[2026-05-28T04:46:01.109Z] Fee check: 0.0003 USDC accumulated (0.0003 USDC in escrow)
[2026-05-28T04:46:31.018Z] Fee check: 0.0003 USDC accumulated (0.0003 USDC in escrow)
[2026-05-28T04:47:01.021Z] Fee check: 0.0003 USDC accumulated (0.0003 USDC in escrow)
[2026-05-28T04:47:31.031Z] Fee check: 0.0003 USDC accumulated (0.0003 USDC in escrow)
[2026-05-28T04:48:01.059Z] Fee check: 0.0003 USDC accumulated (0.0003 USDC in escrow)
[2026-05-28T04:48:31.108Z] Fee check: 0.0003 USDC accumulated (0.0003 USDC in escrow)
[2026-05-28T04:49:01.146Z] Fee check: 0.0003 USDC accumulated (0.0003 USDC in escrow)
[2026-05-28T04:49:31.292Z] Fee check: 0.0003 USDC accumulated (0.0003 USDC in escrow)
[2026-05-28T04:50:01.283Z] Fee check: 0.0003 USDC accumulated (0.0003 USDC in escrow)
[2026-05-28T04:50:31.209Z] Fee check: 0.0003 USDC accumulated (0.0003 USDC in escrow)
[2026-05-28T04:51:01.380Z] Fee check: 0.0003 USDC accumulated (0.0003 USDC in escrow)
[2026-05-28T04:51:31.361Z] Fee check: 0.0003 USDC accumulated (0.0003 USDC in escrow)
[2026-05-28T04:52:01.254Z] Fee check: 0.0003 USDC accumulated (0.0003 USDC in escrow)
[2026-05-28T04:52:31.274Z] Fee check: 0.0003 USDC accumulated (0.0003 USDC in escrow)
[2026-05-28T04:53:01.279Z] Fee check: 0.0003 USDC accumulated (0.0003 USDC in escrow)
[2026-05-28T04:53:31.307Z] Fee check: 0.0003 USDC accumulated (0.0003 USDC in escrow)
[2026-05-28T04:54:01.323Z] Fee check: 0.0003 USDC accumulated (0.0003 USDC in escrow)
[2026-05-28T04:54:31.489Z] Fee check: 0.0003 USDC accumulated (0.0003 USDC in escrow)
[2026-05-28T04:55:01.502Z] Fee check: 0.0003 USDC accumulated (0.0003 USDC in escrow)
[2026-05-28T04:55:31.395Z] Fee check: 0.0003 USDC accumulated (0.0003 USDC in escrow)
[2026-05-28T04:56:01.560Z] Fee check: 0.0003 USDC accumulated (0.0003 USDC in escrow)
[2026-05-28T04:56:31.575Z] Fee check: 0.0003 USDC accumulated (0.0003 USDC in escrow)
[2026-05-28T04:57:01.444Z] Fee check: 0.0003 USDC accumulated (0.0003 USDC in escrow)
[2026-05-28T04:57:31.469Z] Fee check: 0.0003 USDC accumulated (0.0003 USDC in escrow)
[2026-05-28T04:58:01.507Z] Fee check: 0.0003 USDC accumulated (0.0003 USDC in escrow)
[2026-05-28T04:58:31.823Z] Fee check: 0.0003 USDC accumulated (0.0003 USDC in escrow)
[2026-05-28T04:59:01.525Z] Fee check: 0.0003 USDC accumulated (0.0003 USDC in escrow)
[2026-05-28T04:59:31.707Z] Fee check: 0.0003 USDC accumulated (0.0003 USDC in escrow)
[2026-05-28T05:00:01.731Z] Fee check: 0.0003 USDC accumulated (0.0003 USDC in escrow)
[2026-05-28T05:00:31.620Z] Fee check: 0.0003 USDC accumulated (0.0003 USDC in escrow)
[2026-05-28T05:01:01.777Z] Fee check: 0.0003 USDC accumulated (0.0003 USDC in escrow)
[2026-05-28T05:01:31.799Z] Fee check: 0.0003 USDC accumulated (0.0003 USDC in escrow)
[2026-05-28T05:02:01.656Z] Fee check: 0.0003 USDC accumulated (0.0003 USDC in escrow)
[2026-05-28T05:02:31.700Z] Fee check: 0.0003 USDC accumulated (0.0003 USDC in escrow)
[2026-05-28T05:03:01.746Z] Fee check: 0.0003 USDC accumulated (0.0003 USDC in escrow)
[2026-05-28T05:03:31.778Z] Fee check: 0.0003 USDC accumulated (0.0003 USDC in escrow)
[2026-05-28T05:04:01.821Z] Fee check: 0.0003 USDC accumulated (0.0003 USDC in escrow)
[2026-05-28T05:04:31.946Z] Fee check: 0.0003 USDC accumulated (0.0003 USDC in escrow)
[2026-05-28T05:05:01.994Z] Fee check: 0.0003 USDC accumulated (0.0003 USDC in escrow)
[2026-05-28T05:05:31.851Z] Fee check: 0.0003 USDC accumulated (0.0003 USDC in escrow)
[2026-05-28T05:06:01.979Z] Fee check: 0.0003 USDC accumulated (0.0003 USDC in escrow)
[2026-05-28T05:06:32.000Z] Fee check: 0.0003 USDC accumulated (0.0003 USDC in escrow)
[2026-05-28T05:07:01.888Z] Fee check: 0.0003 USDC accumulated (0.0003 USDC in escrow)
[2026-05-28T05:07:31.916Z] Fee check: 0.0003 USDC accumulated (0.0003 USDC in escrow)
[2026-05-28T05:08:01.980Z] Fee check: 0.0003 USDC accumulated (0.0003 USDC in escrow)
[2026-05-28T05:08:32.277Z] Fee check: 0.0003 USDC accumulated (0.0003 USDC in escrow)
[2026-05-28T05:09:02.049Z] Fee check: 0.0003 USDC accumulated (0.0003 USDC in escrow)
[2026-05-28T05:09:32.150Z] Fee check: 0.0003 USDC accumulated (0.0003 USDC in escrow)
[2026-05-28T05:10:02.009Z] Fee check: 0.0003 USDC accumulated (0.0003 USDC in escrow)
[2026-05-28T05:10:32.061Z] Fee check: 0.0003 USDC accumulated (0.0003 USDC in escrow)
[2026-05-28T05:11:02.199Z] Fee check: 0.0003 USDC accumulated (0.0003 USDC in escrow)
[2026-05-28T05:11:32.104Z] Fee check: 0.0003 USDC accumulated (0.0003 USDC in escrow)
[2026-05-28T05:12:02.111Z] Fee check: 0.0003 USDC accumulated (0.0003 USDC in escrow)
[2026-05-28T05:12:32.370Z] Fee check: 0.0003 USDC accumulated (0.0003 USDC in escrow)
[2026-05-28T05:13:02.133Z] Fee check: 0.0003 USDC accumulated (0.0003 USDC in escrow)
[2026-05-28T05:13:32.149Z] Fee check: 0.0003 USDC accumulated (0.0003 USDC in escrow)
[2026-05-28T05:14:02.195Z] Fee check: 0.0003 USDC accumulated (0.0003 USDC in escrow)
[2026-05-28T05:14:32.403Z] Fee check: 0.0003 USDC accumulated (0.0003 USDC in escrow)
[2026-05-28T05:15:02.393Z] Fee check: 0.0003 USDC accumulated (0.0003 USDC in escrow)
[2026-05-28T05:15:32.293Z] Fee check: 0.0003 USDC accumulated (0.0003 USDC in escrow)
[2026-05-28T05:16:02.406Z] Fee check: 0.0003 USDC accumulated (0.0003 USDC in escrow)
[2026-05-28T05:16:32.430Z] Fee check: 0.0003 USDC accumulated (0.0003 USDC in escrow)
[2026-05-28T05:17:02.347Z] Fee check: 0.0003 USDC accumulated (0.0003 USDC in escrow)
[2026-05-28T05:17:32.387Z] Fee check: 0.0003 USDC accumulated (0.0003 USDC in escrow)
[2026-05-28T05:18:02.394Z] Fee check: 0.0003 USDC accumulated (0.0003 USDC in escrow)
[2026-05-28T05:18:32.380Z] Fee check: 0.0003 USDC accumulated (0.0003 USDC in escrow)
[2026-05-28T05:19:02.420Z] Fee check: 0.0003 USDC accumulated (0.0003 USDC in escrow)
[2026-05-28T05:19:32.562Z] Fee check: 0.0003 USDC accumulated (0.0003 USDC in escrow)
[2026-05-28T05:20:02.606Z] Fee check: 0.0003 USDC accumulated (0.0003 USDC in escrow)
[2026-05-28T05:20:32.519Z] Fee check: 0.0003 USDC accumulated (0.0003 USDC in escrow)
[2026-05-28T05:21:02.653Z] Fee check: 0.0003 USDC accumulated (0.0003 USDC in escrow)
[2026-05-28T05:21:32.717Z] Fee check: 0.0003 USDC accumulated (0.0003 USDC in escrow)
[2026-05-28T05:22:02.536Z] Fee check: 0.0003 USDC accumulated (0.0003 USDC in escrow)
[2026-05-28T05:22:32.561Z] Fee check: 0.0003 USDC accumulated (0.0003 USDC in escrow)
[2026-05-28T05:23:02.664Z] Fee check: 0.0003 USDC accumulated (0.0003 USDC in escrow)
[2026-05-28T05:23:32.613Z] Fee check: 0.0003 USDC accumulated (0.0003 USDC in escrow)
[2026-05-28T05:24:02.612Z] Fee check: 0.0003 USDC accumulated (0.0003 USDC in escrow)
[2026-05-28T05:24:32.852Z] Fee check: 0.0003 USDC accumulated (0.0003 USDC in escrow)
[2026-05-28T05:25:02.804Z] Fee check: 0.0003 USDC accumulated (0.0003 USDC in escrow)
[2026-05-28T05:25:32.716Z] Fee check: 0.0003 USDC accumulated (0.0003 USDC in escrow)
[2026-05-28T05:26:02.863Z] Fee check: 0.0003 USDC accumulated (0.0003 USDC in escrow)
[2026-05-28T05:26:32.930Z] Fee check: 0.0003 USDC accumulated (0.0003 USDC in escrow)
[2026-05-28T05:27:02.772Z] Fee check: 0.0003 USDC accumulated (0.0003 USDC in escrow)
[2026-05-28T05:27:32.790Z] Fee check: 0.0003 USDC accumulated (0.0003 USDC in escrow)
[2026-05-28T05:28:02.855Z] Fee check: 0.0003 USDC accumulated (0.0003 USDC in escrow)
[2026-05-28T05:28:32.835Z] Fee check: 0.0003 USDC accumulated (0.0003 USDC in escrow)
[2026-05-28T05:29:02.833Z] Fee check: 0.0003 USDC accumulated (0.0003 USDC in escrow)
[2026-05-28T05:29:33.008Z] Fee check: 0.0003 USDC accumulated (0.0003 USDC in escrow)
[2026-05-28T05:30:03.028Z] Fee check: 0.0003 USDC accumulated (0.0003 USDC in escrow)
[2026-05-28T05:30:32.917Z] Fee check: 0.0003 USDC accumulated (0.0003 USDC in escrow)
[2026-05-28T05:31:03.070Z] Fee check: 0.0003 USDC accumulated (0.0003 USDC in escrow)
[2026-05-28T05:31:32.970Z] Fee check: 0.0003 USDC accumulated (0.0003 USDC in escrow)
[2026-05-28T05:32:02.955Z] Fee check: 0.0003 USDC accumulated (0.0003 USDC in escrow)
[2026-05-28T05:32:33.014Z] Fee check: 0.0003 USDC accumulated (0.0003 USDC in escrow)
[2026-05-28T05:33:03.013Z] Fee check: 0.0003 USDC accumulated (0.0003 USDC in escrow)
[2026-05-28T05:33:33.087Z] Fee check: 0.0003 USDC accumulated (0.0003 USDC in escrow)
[2026-05-28T05:34:03.062Z] Fee check: 0.0003 USDC accumulated (0.0003 USDC in escrow)
[2026-05-28T05:34:33.232Z] Fee check: 0.0003 USDC accumulated (0.0003 USDC in escrow)
[2026-05-28T05:35:03.104Z] Fee check: 0.0003 USDC accumulated (0.0003 USDC in escrow)
[2026-05-28T05:35:33.129Z] Fee check: 0.0003 USDC accumulated (0.0003 USDC in escrow)
[2026-05-28T05:36:03.548Z] Fee check: 0.0003 USDC accumulated (0.0003 USDC in escrow)
[2026-05-28T05:36:33.325Z] Fee check: 0.0003 USDC accumulated (0.0003 USDC in escrow)
[2026-05-28T05:37:03.236Z] Fee check: 0.0003 USDC accumulated (0.0003 USDC in escrow)
[2026-05-28T05:37:33.458Z] Fee check: 0.0003 USDC accumulated (0.0003 USDC in escrow)
[2026-05-28T05:38:03.223Z] Fee check: 0.0003 USDC accumulated (0.0003 USDC in escrow)
[2026-05-28T05:38:33.257Z] Fee check: 0.0003 USDC accumulated (0.0003 USDC in escrow)
[2026-05-28T05:39:03.298Z] Fee check: 0.0003 USDC accumulated (0.0003 USDC in escrow)
[2026-05-28T05:39:33.438Z] Fee check: 0.0003 USDC accumulated (0.0003 USDC in escrow)
[2026-05-28T05:40:03.783Z] Fee check: 0.0003 USDC accumulated (0.0003 USDC in escrow)
[2026-05-28T05:40:33.413Z] Fee check: 0.0003 USDC accumulated (0.0003 USDC in escrow)
[2026-05-28T05:41:03.531Z] Fee check: 0.0003 USDC accumulated (0.0003 USDC in escrow)
[2026-05-28T05:41:33.503Z] Fee check: 0.0003 USDC accumulated (0.0003 USDC in escrow)
[2026-05-28T05:42:03.419Z] Fee check: 0.0003 USDC accumulated (0.0003 USDC in escrow)
[2026-05-28T05:42:33.491Z] Fee check: 0.0003 USDC accumulated (0.0003 USDC in escrow)
[2026-05-28T05:43:03.442Z] Fee check: 0.0003 USDC accumulated (0.0003 USDC in escrow)
[2026-05-28T05:43:33.506Z] Fee check: 0.0003 USDC accumulated (0.0003 USDC in escrow)
[2026-05-28T05:44:03.493Z] Fee check: 0.0003 USDC accumulated (0.0003 USDC in escrow)
[2026-05-28T05:44:33.709Z] Fee check: 0.0003 USDC accumulated (0.0003 USDC in escrow)
[2026-05-28T05:45:03.662Z] Fee check: 0.0003 USDC accumulated (0.0003 USDC in escrow)
[2026-05-28T05:45:33.615Z] Fee check: 0.0003 USDC accumulated (0.0003 USDC in escrow)
[2026-05-28T05:46:03.734Z] Fee check: 0.0003 USDC accumulated (0.0003 USDC in escrow)
[2026-05-28T05:46:33.750Z] Fee check: 0.0003 USDC accumulated (0.0003 USDC in escrow)
[2026-05-28T05:47:03.866Z] Fee check: 0.0003 USDC accumulated (0.0003 USDC in escrow)
[2026-05-28T05:47:33.626Z] Fee check: 0.0003 USDC accumulated (0.0003 USDC in escrow)
[2026-05-28T05:48:03.648Z] Fee check: 0.0003 USDC accumulated (0.0003 USDC in escrow)
[2026-05-28T05:48:33.669Z] Fee check: 0.0003 USDC accumulated (0.0003 USDC in escrow)
[2026-05-28T05:49:03.698Z] Fee check: 0.0003 USDC accumulated (0.0003 USDC in escrow)
[2026-05-28T05:49:33.874Z] Fee check: 0.0003 USDC accumulated (0.0003 USDC in escrow)
[2026-05-28T05:50:03.878Z] Fee check: 0.0003 USDC accumulated (0.0003 USDC in escrow)
[2026-05-28T05:50:33.793Z] Fee check: 0.0003 USDC accumulated (0.0003 USDC in escrow)
[2026-05-28T05:51:03.930Z] Fee check: 0.0003 USDC accumulated (0.0003 USDC in escrow)
[2026-05-28T05:51:33.962Z] Fee check: 0.0003 USDC accumulated (0.0003 USDC in escrow)
[2026-05-28T05:52:04.086Z] Fee check: 0.0003 USDC accumulated (0.0003 USDC in escrow)
[2026-05-28T05:52:33.863Z] Fee check: 0.0003 USDC accumulated (0.0003 USDC in escrow)
[2026-05-28T05:53:03.885Z] Fee check: 0.0003 USDC accumulated (0.0003 USDC in escrow)
[2026-05-28T05:53:33.900Z] Fee check: 0.0003 USDC accumulated (0.0003 USDC in escrow)
[2026-05-28T05:54:03.935Z] Fee check: 0.0003 USDC accumulated (0.0003 USDC in escrow)
[2026-05-28T05:54:34.073Z] Fee check: 0.0003 USDC accumulated (0.0003 USDC in escrow)
[2026-05-28T05:55:03.969Z] Fee check: 0.0003 USDC accumulated (0.0003 USDC in escrow)
[2026-05-28T05:55:33.974Z] Fee check: 0.0003 USDC accumulated (0.0003 USDC in escrow)
[2026-05-28T05:56:04.137Z] Fee check: 0.0003 USDC accumulated (0.0003 USDC in escrow)
[2026-05-28T05:56:34.045Z] Fee check: 0.0003 USDC accumulated (0.0003 USDC in escrow)
[2026-05-28T05:57:04.031Z] Fee check: 0.0003 USDC accumulated (0.0003 USDC in escrow)
[2026-05-28T05:57:34.046Z] Fee check: 0.0003 USDC accumulated (0.0003 USDC in escrow)
[2026-05-28T05:58:04.101Z] Fee check: 0.0003 USDC accumulated (0.0003 USDC in escrow)
[2026-05-28T05:58:34.100Z] Fee check: 0.0003 USDC accumulated (0.0003 USDC in escrow)
[2026-05-28T05:59:04.152Z] Fee check: 0.0003 USDC accumulated (0.0003 USDC in escrow)
[2026-05-28T05:59:34.288Z] Fee check: 0.0003 USDC accumulated (0.0003 USDC in escrow)
[2026-05-28T06:00:04.561Z] Fee check: 0.0003 USDC accumulated (0.0003 USDC in escrow)
[2026-05-28T06:00:34.208Z] Fee check: 0.0003 USDC accumulated (0.0003 USDC in escrow)
[2026-05-28T06:01:04.374Z] Fee check: 0.0003 USDC accumulated (0.0003 USDC in escrow)
[2026-05-28T06:01:34.460Z] Fee check: 0.0003 USDC accumulated (0.0003 USDC in escrow)
[2026-05-28T06:02:04.508Z] Fee check: 0.0003 USDC accumulated (0.0003 USDC in escrow)
[2026-05-28T06:02:34.271Z] Fee check: 0.0003 USDC accumulated (0.0003 USDC in escrow)
[2026-05-28T06:03:04.572Z] Fee check: 0.0003 USDC accumulated (0.0003 USDC in escrow)
[2026-05-28T06:03:34.360Z] Fee check: 0.0003 USDC accumulated (0.0003 USDC in escrow)
[2026-05-28T06:04:04.594Z] Fee check: 0.0003 USDC accumulated (0.0003 USDC in escrow)
[2026-05-28T06:04:34.491Z] Fee check: 0.0003 USDC accumulated (0.0003 USDC in escrow)
[2026-05-28T06:05:04.532Z] Fee check: 0.0003 USDC accumulated (0.0003 USDC in escrow)
[2026-05-28T06:05:34.404Z] Fee check: 0.0003 USDC accumulated (0.0003 USDC in escrow)
[2026-05-28T06:06:04.581Z] Fee check: 0.0003 USDC accumulated (0.0003 USDC in escrow)
[2026-05-28T06:06:34.606Z] Fee check: 0.0003 USDC accumulated (0.0003 USDC in escrow)
[2026-05-28T06:07:04.465Z] Fee check: 0.0003 USDC accumulated (0.0003 USDC in escrow)
[2026-05-28T06:07:34.503Z] Fee check: 0.0003 USDC accumulated (0.0003 USDC in escrow)
[2026-05-28T06:08:05.138Z] Fee check: 0.0003 USDC accumulated (0.0003 USDC in escrow)
[2026-05-28T06:08:34.556Z] Fee check: 0.0003 USDC accumulated (0.0003 USDC in escrow)
[2026-05-28T06:09:04.557Z] Fee check: 0.0003 USDC accumulated (0.0003 USDC in escrow)
[2026-05-28T06:09:34.760Z] Fee check: 0.0003 USDC accumulated (0.0003 USDC in escrow)
[2026-05-28T06:10:04.738Z] Fee check: 0.0003 USDC accumulated (0.0003 USDC in escrow)
[2026-05-28T06:10:34.672Z] Fee check: 0.0003 USDC accumulated (0.0003 USDC in escrow)
[2026-05-28T06:11:04.838Z] Fee check: 0.0003 USDC accumulated (0.0003 USDC in escrow)
[2026-05-28T06:11:34.813Z] Fee check: 0.0003 USDC accumulated (0.0003 USDC in escrow)
[2026-05-28T06:12:04.674Z] Fee check: 0.0003 USDC accumulated (0.0003 USDC in escrow)
[2026-05-28T06:12:34.710Z] Fee check: 0.0003 USDC accumulated (0.0003 USDC in escrow)
[2026-05-28T06:13:04.769Z] Fee check: 0.0003 USDC accumulated (0.0003 USDC in escrow)
[2026-05-28T06:13:34.754Z] Fee check: 0.0003 USDC accumulated (0.0003 USDC in escrow)
[2026-05-28T06:14:04.803Z] Fee check: 0.0003 USDC accumulated (0.0003 USDC in escrow)
[2026-05-28T06:14:35.178Z] Fee check: 0.0003 USDC accumulated (0.0003 USDC in escrow)
[2026-05-28T06:15:04.947Z] Fee check: 0.0003 USDC accumulated (0.0003 USDC in escrow)
[2026-05-28T06:15:34.863Z] Fee check: 0.0003 USDC accumulated (0.0003 USDC in escrow)
[2026-05-28T06:16:05.007Z] Fee check: 0.0003 USDC accumulated (0.0003 USDC in escrow)
[2026-05-28T06:16:35.014Z] Fee check: 0.0003 USDC accumulated (0.0003 USDC in escrow)
[2026-05-28T06:17:04.887Z] Fee check: 0.0003 USDC accumulated (0.0003 USDC in escrow)
[2026-05-28T06:17:34.961Z] Fee check: 0.0003 USDC accumulated (0.0003 USDC in escrow)
[2026-05-28T06:18:04.930Z] Fee check: 0.0003 USDC accumulated (0.0003 USDC in escrow)
[2026-05-28T06:18:34.997Z] Fee check: 0.0003 USDC accumulated (0.0003 USDC in escrow)
[2026-05-28T06:19:04.991Z] Fee check: 0.0003 USDC accumulated (0.0003 USDC in escrow)
[2026-05-28T06:19:35.186Z] Fee check: 0.0003 USDC accumulated (0.0003 USDC in escrow)
[2026-05-28T06:20:05.049Z] Fee check: 0.0003 USDC accumulated (0.0003 USDC in escrow)
[2026-05-28T06:20:35.162Z] Fee check: 0.0003 USDC accumulated (0.0003 USDC in escrow)
[2026-05-28T06:21:05.209Z] Fee check: 0.0003 USDC accumulated (0.0003 USDC in escrow)
[2026-05-28T06:21:35.177Z] Fee check: 0.0003 USDC accumulated (0.0003 USDC in escrow)
[2026-05-28T06:22:05.113Z] Fee check: 0.0003 USDC accumulated (0.0003 USDC in escrow)
[2026-05-28T06:22:35.147Z] Fee check: 0.0003 USDC accumulated (0.0003 USDC in escrow)
[2026-05-28T06:23:05.162Z] Fee check: 0.0003 USDC accumulated (0.0003 USDC in escrow)
[2026-05-28T06:23:35.246Z] Fee check: 0.0003 USDC accumulated (0.0003 USDC in escrow)
[2026-05-28T06:24:05.202Z] Fee check: 0.0003 USDC accumulated (0.0003 USDC in escrow)
[2026-05-28T06:24:35.338Z] Fee check: 0.0003 USDC accumulated (0.0003 USDC in escrow)
[2026-05-28T06:25:05.389Z] Fee check: 0.0003 USDC accumulated (0.0003 USDC in escrow)
[2026-05-28T06:25:35.324Z] Fee check: 0.0003 USDC accumulated (0.0003 USDC in escrow)
[2026-05-28T06:26:05.414Z] Fee check: 0.0003 USDC accumulated (0.0003 USDC in escrow)
[2026-05-28T06:26:35.455Z] Fee check: 0.0003 USDC accumulated (0.0003 USDC in escrow)
[2026-05-28T06:27:05.330Z] Fee check: 0.0003 USDC accumulated (0.0003 USDC in escrow)
[2026-05-28T06:27:35.352Z] Fee check: 0.0003 USDC accumulated (0.0003 USDC in escrow)
[2026-05-28T06:28:05.363Z] Fee check: 0.0003 USDC accumulated (0.0003 USDC in escrow)
[2026-05-28T06:28:35.435Z] Fee check: 0.0003 USDC accumulated (0.0003 USDC in escrow)
[2026-05-28T06:29:05.422Z] Fee check: 0.0003 USDC accumulated (0.0003 USDC in escrow)
[2026-05-28T06:29:35.664Z] Fee check: 0.0003 USDC accumulated (0.0003 USDC in escrow)
[2026-05-28T06:30:05.587Z] Fee check: 0.0003 USDC accumulated (0.0003 USDC in escrow)
[2026-05-28T06:30:35.515Z] Fee check: 0.0003 USDC accumulated (0.0003 USDC in escrow)
[2026-05-28T06:31:05.662Z] Fee check: 0.0003 USDC accumulated (0.0003 USDC in escrow)
[2026-05-28T06:31:35.757Z] Fee check: 0.0003 USDC accumulated (0.0003 USDC in escrow)
[2026-05-28T06:32:05.549Z] Fee check: 0.0003 USDC accumulated (0.0003 USDC in escrow)
[2026-05-28T06:32:35.575Z] Fee check: 0.0003 USDC accumulated (0.0003 USDC in escrow)
[2026-05-28T06:33:05.596Z] Fee check: 0.0003 USDC accumulated (0.0003 USDC in escrow)
[2026-05-28T06:33:35.646Z] Fee check: 0.0003 USDC accumulated (0.0003 USDC in escrow)
[2026-05-28T06:34:05.650Z] Fee check: 0.0003 USDC accumulated (0.0003 USDC in escrow)
[2026-05-28T06:34:35.808Z] Fee check: 0.0003 USDC accumulated (0.0003 USDC in escrow)
[2026-05-28T06:35:05.814Z] Fee check: 0.0003 USDC accumulated (0.0003 USDC in escrow)
[2026-05-28T06:35:35.735Z] Fee check: 0.0003 USDC accumulated (0.0003 USDC in escrow)
[2026-05-28T06:36:05.873Z] Fee check: 0.0003 USDC accumulated (0.0003 USDC in escrow)
[2026-05-28T06:36:36.152Z] Fee check: 0.0003 USDC accumulated (0.0003 USDC in escrow)
[2026-05-28T06:37:05.759Z] Fee check: 0.0003 USDC accumulated (0.0003 USDC in escrow)
[2026-05-28T06:37:35.776Z] Fee check: 0.0003 USDC accumulated (0.0003 USDC in escrow)
[2026-05-28T06:38:05.829Z] Fee check: 0.0003 USDC accumulated (0.0003 USDC in escrow)
[2026-05-28T06:38:35.849Z] Fee check: 0.0003 USDC accumulated (0.0003 USDC in escrow)
[2026-05-28T06:39:05.856Z] Fee check: 0.0003 USDC accumulated (0.0003 USDC in escrow)
[2026-05-28T06:39:36.004Z] Fee check: 0.0003 USDC accumulated (0.0003 USDC in escrow)
[2026-05-28T06:40:06.110Z] Fee check: 0.0003 USDC accumulated (0.0003 USDC in escrow)
[2026-05-28T06:40:35.919Z] Fee check: 0.0003 USDC accumulated (0.0003 USDC in escrow)
[2026-05-28T06:41:06.095Z] Fee check: 0.0003 USDC accumulated (0.0003 USDC in escrow)
[2026-05-28T06:41:36.008Z] Fee check: 0.0003 USDC accumulated (0.0003 USDC in escrow)
[2026-05-28T06:42:05.983Z] Fee check: 0.0003 USDC accumulated (0.0003 USDC in escrow)
[2026-05-28T06:42:36.034Z] Fee check: 0.0003 USDC accumulated (0.0003 USDC in escrow)
[2026-05-28T06:43:06.036Z] Fee check: 0.0003 USDC accumulated (0.0003 USDC in escrow)
[2026-05-28T06:43:36.065Z] Fee check: 0.0003 USDC accumulated (0.0003 USDC in escrow)
[2026-05-28T06:44:06.071Z] Fee check: 0.0003 USDC accumulated (0.0003 USDC in escrow)
[2026-05-28T06:44:36.268Z] Fee check: 0.0003 USDC accumulated (0.0003 USDC in escrow)
[2026-05-28T06:45:06.148Z] Fee check: 0.0003 USDC accumulated (0.0003 USDC in escrow)
[2026-05-28T06:45:36.155Z] Fee check: 0.0003 USDC accumulated (0.0003 USDC in escrow)
[2026-05-28T06:46:06.306Z] Fee check: 0.0003 USDC accumulated (0.0003 USDC in escrow)
[2026-05-28T06:46:36.565Z] Fee check: 0.0003 USDC accumulated (0.0003 USDC in escrow)
[2026-05-28T06:47:06.204Z] Fee check: 0.0003 USDC accumulated (0.0003 USDC in escrow)
[2026-05-28T06:47:36.219Z] Fee check: 0.0003 USDC accumulated (0.0003 USDC in escrow)
[2026-05-28T06:48:06.232Z] Fee check: 0.0003 USDC accumulated (0.0003 USDC in escrow)
[2026-05-28T06:48:36.264Z] Fee check: 0.0003 USDC accumulated (0.0003 USDC in escrow)
[2026-05-28T06:49:06.282Z] Fee check: 0.0003 USDC accumulated (0.0003 USDC in escrow)
[2026-05-28T06:49:36.457Z] Fee check: 0.0003 USDC accumulated (0.0003 USDC in escrow)
[2026-05-28T06:50:06.471Z] Fee check: 0.0003 USDC accumulated (0.0003 USDC in escrow)
[2026-05-28T06:50:36.353Z] Fee check: 0.0003 USDC accumulated (0.0003 USDC in escrow)
[2026-05-28T06:51:06.810Z] Fee check: 0.0003 USDC accumulated (0.0003 USDC in escrow)
[2026-05-28T06:51:36.564Z] Fee check: 0.0003 USDC accumulated (0.0003 USDC in escrow)
[2026-05-28T06:52:06.401Z] Fee check: 0.0003 USDC accumulated (0.0003 USDC in escrow)
[2026-05-28T06:52:36.417Z] Fee check: 0.0003 USDC accumulated (0.0003 USDC in escrow)
[2026-05-28T06:53:10.492Z] FEE MONITOR ERROR: request timeout (code=TIMEOUT, version=6.16.0)
[2026-05-28T06:53:10.492Z] Periodic check failed: request timeout (code=TIMEOUT, version=6.16.0)
[2026-05-28T06:53:40.517Z] FEE MONITOR ERROR: request timeout (code=TIMEOUT, version=6.16.0)
[2026-05-28T06:53:40.517Z] Periodic check failed: request timeout (code=TIMEOUT, version=6.16.0)
[2026-05-28T06:54:06.520Z] Fee check: 0.0003 USDC accumulated (0.0003 USDC in escrow)
[2026-05-28T06:54:36.659Z] Fee check: 0.0003 USDC accumulated (0.0003 USDC in escrow)
[2026-05-28T06:55:06.693Z] Fee check: 0.0003 USDC accumulated (0.0003 USDC in escrow)
[2026-05-28T06:55:36.585Z] Fee check: 0.0003 USDC accumulated (0.0003 USDC in escrow)
[2026-05-28T06:56:07.037Z] Fee check: 0.0003 USDC accumulated (0.0003 USDC in escrow)
[2026-05-28T06:56:36.727Z] Fee check: 0.0003 USDC accumulated (0.0003 USDC in escrow)
[2026-05-28T06:57:06.623Z] Fee check: 0.0003 USDC accumulated (0.0003 USDC in escrow)
[2026-05-28T06:57:36.644Z] Fee check: 0.0003 USDC accumulated (0.0003 USDC in escrow)
[2026-05-28T06:58:06.766Z] Fee check: 0.0003 USDC accumulated (0.0003 USDC in escrow)
[2026-05-28T06:58:36.720Z] Fee check: 0.0003 USDC accumulated (0.0003 USDC in escrow)
[2026-05-28T06:59:06.717Z] Fee check: 0.0003 USDC accumulated (0.0003 USDC in escrow)
[2026-05-28T06:59:36.870Z] Fee check: 0.0003 USDC accumulated (0.0003 USDC in escrow)
[2026-05-28T07:00:06.901Z] Fee check: 0.0003 USDC accumulated (0.0003 USDC in escrow)
[2026-05-28T07:00:36.792Z] Fee check: 0.0003 USDC accumulated (0.0003 USDC in escrow)
[2026-05-28T07:01:06.929Z] Fee check: 0.0003 USDC accumulated (0.0003 USDC in escrow)
[2026-05-28T07:01:36.975Z] Fee check: 0.0003 USDC accumulated (0.0003 USDC in escrow)
[2026-05-28T07:02:06.829Z] Fee check: 0.0003 USDC accumulated (0.0003 USDC in escrow)
[2026-05-28T07:02:36.850Z] Fee check: 0.0003 USDC accumulated (0.0003 USDC in escrow)
[2026-05-28T07:03:06.867Z] Fee check: 0.0003 USDC accumulated (0.0003 USDC in escrow)
[2026-05-28T07:03:36.903Z] Fee check: 0.0003 USDC accumulated (0.0003 USDC in escrow)
[2026-05-28T07:04:06.937Z] Fee check: 0.0003 USDC accumulated (0.0003 USDC in escrow)
[2026-05-28T07:04:37.073Z] Fee check: 0.0003 USDC accumulated (0.0003 USDC in escrow)
[2026-05-28T07:05:06.986Z] Fee check: 0.0003 USDC accumulated (0.0003 USDC in escrow)
[2026-05-28T07:05:36.986Z] Fee check: 0.0003 USDC accumulated (0.0003 USDC in escrow)
[2026-05-28T07:06:07.159Z] Fee check: 0.0003 USDC accumulated (0.0003 USDC in escrow)
[2026-05-28T07:06:37.087Z] Fee check: 0.0003 USDC accumulated (0.0003 USDC in escrow)
[2026-05-28T07:07:07.322Z] Fee check: 0.0003 USDC accumulated (0.0003 USDC in escrow)
[2026-05-28T07:07:37.052Z] Fee check: 0.0003 USDC accumulated (0.0003 USDC in escrow)
[2026-05-28T07:08:07.099Z] Fee check: 0.0003 USDC accumulated (0.0003 USDC in escrow)
[2026-05-28T07:08:37.114Z] Fee check: 0.0003 USDC accumulated (0.0003 USDC in escrow)
[2026-05-28T07:09:07.133Z] Fee check: 0.0003 USDC accumulated (0.0003 USDC in escrow)
[2026-05-28T07:09:37.283Z] Fee check: 0.0003 USDC accumulated (0.0003 USDC in escrow)
[2026-05-28T07:10:07.307Z] Fee check: 0.0003 USDC accumulated (0.0003 USDC in escrow)
[2026-05-28T07:10:37.247Z] Fee check: 0.0003 USDC accumulated (0.0003 USDC in escrow)
[2026-05-28T07:11:07.375Z] Fee check: 0.0003 USDC accumulated (0.0003 USDC in escrow)
[2026-05-28T07:11:37.404Z] Fee check: 0.0003 USDC accumulated (0.0003 USDC in escrow)
[2026-05-28T07:12:07.529Z] Fee check: 0.0003 USDC accumulated (0.0003 USDC in escrow)
[2026-05-28T07:12:37.360Z] Fee check: 0.0003 USDC accumulated (0.0003 USDC in escrow)
[2026-05-28T07:13:07.324Z] Fee check: 0.0003 USDC accumulated (0.0003 USDC in escrow)
[2026-05-28T07:13:37.339Z] Fee check: 0.0003 USDC accumulated (0.0003 USDC in escrow)
[2026-05-28T07:14:07.417Z] Fee check: 0.0003 USDC accumulated (0.0003 USDC in escrow)
[2026-05-28T07:14:37.517Z] Fee check: 0.0003 USDC accumulated (0.0003 USDC in escrow)
[2026-05-28T07:15:07.790Z] Fee check: 0.0003 USDC accumulated (0.0003 USDC in escrow)
[2026-05-28T07:15:37.425Z] Fee check: 0.0003 USDC accumulated (0.0003 USDC in escrow)
[2026-05-28T07:16:07.581Z] Fee check: 0.0003 USDC accumulated (0.0003 USDC in escrow)
[2026-05-28T07:16:37.629Z] Fee check: 0.0003 USDC accumulated (0.0003 USDC in escrow)
[2026-05-28T07:17:07.476Z] Fee check: 0.0003 USDC accumulated (0.0003 USDC in escrow)
[2026-05-28T07:17:37.517Z] Fee check: 0.0003 USDC accumulated (0.0003 USDC in escrow)
[2026-05-28T07:18:07.547Z] Fee check: 0.0003 USDC accumulated (0.0003 USDC in escrow)
[2026-05-28T07:18:37.814Z] Fee check: 0.0003 USDC accumulated (0.0003 USDC in escrow)
[2026-05-28T07:19:07.580Z] Fee check: 0.0003 USDC accumulated (0.0003 USDC in escrow)
[2026-05-28T07:19:37.727Z] Fee check: 0.0003 USDC accumulated (0.0003 USDC in escrow)
[2026-05-28T07:20:07.762Z] Fee check: 0.0003 USDC accumulated (0.0003 USDC in escrow)
[2026-05-28T07:20:37.911Z] Fee check: 0.0003 USDC accumulated (0.0003 USDC in escrow)
[2026-05-28T07:21:07.804Z] Fee check: 0.0003 USDC accumulated (0.0003 USDC in escrow)
[2026-05-28T07:21:37.840Z] Fee check: 0.0003 USDC accumulated (0.0003 USDC in escrow)
[2026-05-28T07:22:07.987Z] Fee check: 0.0003 USDC accumulated (0.0003 USDC in escrow)
[2026-05-28T07:22:37.710Z] Fee check: 0.0003 USDC accumulated (0.0003 USDC in escrow)
[2026-05-28T07:23:07.869Z] Fee check: 0.0003 USDC accumulated (0.0003 USDC in escrow)
[2026-05-28T07:23:37.789Z] Fee check: 0.0003 USDC accumulated (0.0003 USDC in escrow)
[2026-05-28T07:24:07.787Z] Fee check: 0.0003 USDC accumulated (0.0003 USDC in escrow)
[2026-05-28T07:24:37.937Z] Fee check: 0.0003 USDC accumulated (0.0003 USDC in escrow)
[2026-05-28T07:25:07.964Z] Fee check: 0.0003 USDC accumulated (0.0003 USDC in escrow)
[2026-05-28T07:25:37.848Z] Fee check: 0.0003 USDC accumulated (0.0003 USDC in escrow)
[2026-05-28T07:26:08.117Z] Fee check: 0.0003 USDC accumulated (0.0003 USDC in escrow)
[2026-05-28T07:26:38.014Z] Fee check: 0.0003 USDC accumulated (0.0003 USDC in escrow)
[2026-05-28T07:27:07.906Z] Fee check: 0.0003 USDC accumulated (0.0003 USDC in escrow)
[2026-05-28T07:27:37.937Z] Fee check: 0.0003 USDC accumulated (0.0003 USDC in escrow)
[2026-05-28T07:28:07.964Z] Fee check: 0.0003 USDC accumulated (0.0003 USDC in escrow)
[2026-05-28T07:28:38.241Z] Fee check: 0.0003 USDC accumulated (0.0003 USDC in escrow)
[2026-05-28T07:29:08.019Z] Fee check: 0.0003 USDC accumulated (0.0003 USDC in escrow)
[2026-05-28T07:29:38.166Z] Fee check: 0.0003 USDC accumulated (0.0003 USDC in escrow)
[2026-05-28T07:30:08.060Z] Fee check: 0.0003 USDC accumulated (0.0003 USDC in escrow)
[2026-05-28T07:30:38.083Z] Fee check: 0.0003 USDC accumulated (0.0003 USDC in escrow)
[2026-05-28T07:31:08.235Z] Fee check: 0.0003 USDC accumulated (0.0003 USDC in escrow)
[2026-05-28T07:31:38.133Z] Fee check: 0.0003 USDC accumulated (0.0003 USDC in escrow)
[2026-05-28T07:32:08.134Z] Fee check: 0.0003 USDC accumulated (0.0003 USDC in escrow)
[2026-05-28T07:32:38.163Z] Fee check: 0.0003 USDC accumulated (0.0003 USDC in escrow)
[2026-05-28T07:33:08.171Z] Fee check: 0.0003 USDC accumulated (0.0003 USDC in escrow)
[2026-05-28T07:33:38.189Z] Fee check: 0.0003 USDC accumulated (0.0003 USDC in escrow)
[2026-05-28T07:34:08.240Z] Fee check: 0.0003 USDC accumulated (0.0003 USDC in escrow)
[2026-05-28T07:34:38.368Z] Fee check: 0.0003 USDC accumulated (0.0003 USDC in escrow)
[2026-05-28T07:35:08.391Z] Fee check: 0.0003 USDC accumulated (0.0003 USDC in escrow)
[2026-05-28T07:35:38.558Z] Fee check: 0.0003 USDC accumulated (0.0003 USDC in escrow)
[2026-05-28T07:36:08.436Z] Fee check: 0.0003 USDC accumulated (0.0003 USDC in escrow)
[2026-05-28T07:36:38.483Z] Fee check: 0.0003 USDC accumulated (0.0003 USDC in escrow)
[2026-05-28T07:37:08.331Z] Fee check: 0.0003 USDC accumulated (0.0003 USDC in escrow)
[2026-05-28T07:37:38.361Z] Fee check: 0.0003 USDC accumulated (0.0003 USDC in escrow)
[2026-05-28T07:38:08.386Z] Fee check: 0.0003 USDC accumulated (0.0003 USDC in escrow)
[2026-05-28T07:38:38.708Z] Fee check: 0.0003 USDC accumulated (0.0003 USDC in escrow)
[2026-05-28T07:39:08.418Z] Fee check: 0.0003 USDC accumulated (0.0003 USDC in escrow)
[2026-05-28T07:39:38.572Z] Fee check: 0.0003 USDC accumulated (0.0003 USDC in escrow)
[2026-05-28T07:40:08.609Z] Fee check: 0.0003 USDC accumulated (0.0003 USDC in escrow)
[2026-05-28T07:40:38.566Z] Fee check: 0.0003 USDC accumulated (0.0003 USDC in escrow)
[2026-05-28T07:41:08.637Z] Fee check: 0.0003 USDC accumulated (0.0003 USDC in escrow)
[2026-05-28T07:41:38.686Z] Fee check: 0.0003 USDC accumulated (0.0003 USDC in escrow)
[2026-05-28T07:42:08.560Z] Fee check: 0.0003 USDC accumulated (0.0003 USDC in escrow)
[2026-05-28T07:42:38.585Z] Fee check: 0.0003 USDC accumulated (0.0003 USDC in escrow)
[2026-05-28T07:43:08.615Z] Fee check: 0.0003 USDC accumulated (0.0003 USDC in escrow)
[2026-05-28T07:43:38.632Z] Fee check: 0.0003 USDC accumulated (0.0003 USDC in escrow)
[2026-05-28T07:44:08.907Z] Fee check: 0.0003 USDC accumulated (0.0003 USDC in escrow)
[2026-05-28T07:44:38.799Z] Fee check: 0.0003 USDC accumulated (0.0003 USDC in escrow)
[2026-05-28T07:45:08.824Z] Fee check: 0.0003 USDC accumulated (0.0003 USDC in escrow)
[2026-05-28T07:45:38.724Z] Fee check: 0.0003 USDC accumulated (0.0003 USDC in escrow)
[2026-05-28T07:46:08.885Z] Fee check: 0.0003 USDC accumulated (0.0003 USDC in escrow)
[2026-05-28T07:46:38.889Z] Fee check: 0.0003 USDC accumulated (0.0003 USDC in escrow)
[2026-05-28T07:47:08.764Z] Fee check: 0.0003 USDC accumulated (0.0003 USDC in escrow)
[2026-05-28T07:47:38.801Z] Fee check: 0.0003 USDC accumulated (0.0003 USDC in escrow)
[2026-05-28T07:48:08.823Z] Fee check: 0.0003 USDC accumulated (0.0003 USDC in escrow)
[2026-05-28T07:48:38.850Z] Fee check: 0.0003 USDC accumulated (0.0003 USDC in escrow)
[2026-05-28T07:49:09.115Z] Fee check: 0.0003 USDC accumulated (0.0003 USDC in escrow)
[2026-05-28T07:49:39.004Z] Fee check: 0.0003 USDC accumulated (0.0003 USDC in escrow)
[2026-05-28T07:50:09.028Z] Fee check: 0.0003 USDC accumulated (0.0003 USDC in escrow)
[2026-05-28T07:50:38.924Z] Fee check: 0.0003 USDC accumulated (0.0003 USDC in escrow)
[2026-05-28T07:51:09.103Z] Fee check: 0.0003 USDC accumulated (0.0003 USDC in escrow)
[2026-05-28T07:51:39.580Z] Fee check: 0.0003 USDC accumulated (0.0003 USDC in escrow)
[2026-05-28T07:52:09.005Z] Fee check: 0.0003 USDC accumulated (0.0003 USDC in escrow)
[2026-05-28T07:52:39.001Z] Fee check: 0.0003 USDC accumulated (0.0003 USDC in escrow)
[2026-05-28T07:53:09.069Z] Fee check: 0.0003 USDC accumulated (0.0003 USDC in escrow)
[2026-05-28T07:53:39.318Z] Fee check: 0.0003 USDC accumulated (0.0003 USDC in escrow)
[2026-05-28T07:54:09.104Z] Fee check: 0.0003 USDC accumulated (0.0003 USDC in escrow)
[2026-05-28T07:54:39.222Z] Fee check: 0.0003 USDC accumulated (0.0003 USDC in escrow)
[2026-05-28T07:55:09.115Z] Fee check: 0.0003 USDC accumulated (0.0003 USDC in escrow)
[2026-05-28T07:55:39.144Z] Fee check: 0.0003 USDC accumulated (0.0003 USDC in escrow)
[2026-05-28T07:56:09.305Z] Fee check: 0.0003 USDC accumulated (0.0003 USDC in escrow)
[2026-05-28T07:56:39.426Z] Fee check: 0.0003 USDC accumulated (0.0003 USDC in escrow)
[2026-05-28T07:57:09.190Z] Fee check: 0.0003 USDC accumulated (0.0003 USDC in escrow)
[2026-05-28T07:57:39.230Z] Fee check: 0.0003 USDC accumulated (0.0003 USDC in escrow)
[2026-05-28T07:58:09.242Z] Fee check: 0.0003 USDC accumulated (0.0003 USDC in escrow)
[2026-05-28T07:58:39.276Z] Fee check: 0.0003 USDC accumulated (0.0003 USDC in escrow)
[2026-05-28T07:59:09.289Z] Fee check: 0.0003 USDC accumulated (0.0003 USDC in escrow)
[2026-05-28T07:59:39.696Z] Fee check: 0.0003 USDC accumulated (0.0003 USDC in escrow)
[2026-05-28T08:00:09.471Z] Fee check: 0.0003 USDC accumulated (0.0003 USDC in escrow)
[2026-05-28T08:00:39.402Z] Fee check: 0.0003 USDC accumulated (0.0003 USDC in escrow)
[2026-05-28T08:01:09.764Z] Fee check: 0.0003 USDC accumulated (0.0003 USDC in escrow)
[2026-05-28T08:01:39.525Z] Fee check: 0.0003 USDC accumulated (0.0003 USDC in escrow)
[2026-05-28T08:02:09.402Z] Fee check: 0.0003 USDC accumulated (0.0003 USDC in escrow)
[2026-05-28T08:02:39.439Z] Fee check: 0.0003 USDC accumulated (0.0003 USDC in escrow)
[2026-05-28T08:03:09.457Z] Fee check: 0.0003 USDC accumulated (0.0003 USDC in escrow)
[2026-05-28T08:03:39.489Z] Fee check: 0.0003 USDC accumulated (0.0003 USDC in escrow)
[2026-05-28T08:04:09.501Z] Fee check: 0.0003 USDC accumulated (0.0003 USDC in escrow)
[2026-05-28T08:04:39.695Z] Fee check: 0.0003 USDC accumulated (0.0003 USDC in escrow)
[2026-05-28T08:05:09.687Z] Fee check: 0.0003 USDC accumulated (0.0003 USDC in escrow)
[2026-05-28T08:05:39.614Z] Fee check: 0.0003 USDC accumulated (0.0003 USDC in escrow)
[2026-05-28T08:06:09.971Z] Fee check: 0.0003 USDC accumulated (0.0003 USDC in escrow)
[2026-05-28T08:06:39.742Z] Fee check: 0.0003 USDC accumulated (0.0003 USDC in escrow)
[2026-05-28T08:07:09.620Z] Fee check: 0.0003 USDC accumulated (0.0003 USDC in escrow)
[2026-05-28T08:07:39.657Z] Fee check: 0.0003 USDC accumulated (0.0003 USDC in escrow)
[2026-05-28T08:08:09.665Z] Fee check: 0.0003 USDC accumulated (0.0003 USDC in escrow)
[2026-05-28T08:08:39.695Z] Fee check: 0.0003 USDC accumulated (0.0003 USDC in escrow)
[2026-05-28T08:09:09.726Z] Fee check: 0.0003 USDC accumulated (0.0003 USDC in escrow)
[2026-05-28T08:09:39.865Z] Fee check: 0.0003 USDC accumulated (0.0003 USDC in escrow)
[2026-05-28T08:10:09.907Z] Fee check: 0.0003 USDC accumulated (0.0003 USDC in escrow)
[2026-05-28T08:10:40.065Z] Fee check: 0.0003 USDC accumulated (0.0003 USDC in escrow)
[2026-05-28T08:11:09.944Z] Fee check: 0.0003 USDC accumulated (0.0003 USDC in escrow)
[2026-05-28T08:11:39.995Z] Fee check: 0.0003 USDC accumulated (0.0003 USDC in escrow)
[2026-05-28T08:12:09.842Z] Fee check: 0.0003 USDC accumulated (0.0003 USDC in escrow)
[2026-05-28T08:12:39.867Z] Fee check: 0.0003 USDC accumulated (0.0003 USDC in escrow)
[2026-05-28T08:13:09.876Z] Fee check: 0.0003 USDC accumulated (0.0003 USDC in escrow)
[2026-05-28T08:13:39.928Z] Fee check: 0.0003 USDC accumulated (0.0003 USDC in escrow)
[2026-05-28T08:14:09.950Z] Fee check: 0.0003 USDC accumulated (0.0003 USDC in escrow)
[2026-05-28T08:14:40.097Z] Fee check: 0.0003 USDC accumulated (0.0003 USDC in escrow)
[2026-05-28T08:15:09.991Z] Fee check: 0.0003 USDC accumulated (0.0003 USDC in escrow)
[2026-05-28T08:15:40.002Z] Fee check: 0.0003 USDC accumulated (0.0003 USDC in escrow)
[2026-05-28T08:16:10.425Z] Fee check: 0.0003 USDC accumulated (0.0003 USDC in escrow)
[2026-05-28T08:16:40.058Z] Fee check: 0.0003 USDC accumulated (0.0003 USDC in escrow)
[2026-05-28T08:17:10.053Z] Fee check: 0.0003 USDC accumulated (0.0003 USDC in escrow)
[2026-05-28T08:17:40.075Z] Fee check: 0.0003 USDC accumulated (0.0003 USDC in escrow)
[2026-05-28T08:18:10.376Z] Fee check: 0.0003 USDC accumulated (0.0003 USDC in escrow)
[2026-05-28T08:18:40.117Z] Fee check: 0.0003 USDC accumulated (0.0003 USDC in escrow)
[2026-05-28T08:19:10.145Z] Fee check: 0.0003 USDC accumulated (0.0003 USDC in escrow)
[2026-05-28T08:19:40.555Z] Fee check: 0.0003 USDC accumulated (0.0003 USDC in escrow)
[2026-05-28T08:20:10.325Z] Fee check: 0.0003 USDC accumulated (0.0003 USDC in escrow)
[2026-05-28T08:20:40.238Z] Fee check: 0.0003 USDC accumulated (0.0003 USDC in escrow)
[2026-05-28T08:21:10.369Z] Fee check: 0.0003 USDC accumulated (0.0003 USDC in escrow)
[2026-05-28T08:21:40.417Z] Fee check: 0.0003 USDC accumulated (0.0003 USDC in escrow)
[2026-05-28T08:22:10.261Z] Fee check: 0.0003 USDC accumulated (0.0003 USDC in escrow)
[2026-05-28T08:22:40.301Z] Fee check: 0.0003 USDC accumulated (0.0003 USDC in escrow)
[2026-05-28T08:23:10.314Z] Fee check: 0.0003 USDC accumulated (0.0003 USDC in escrow)
[2026-05-28T08:23:40.610Z] Fee check: 0.0003 USDC accumulated (0.0003 USDC in escrow)
[2026-05-28T08:24:10.361Z] Fee check: 0.0003 USDC accumulated (0.0003 USDC in escrow)
[2026-05-28T08:24:40.509Z] Fee check: 0.0003 USDC accumulated (0.0003 USDC in escrow)
[2026-05-28T08:25:10.522Z] Fee check: 0.0003 USDC accumulated (0.0003 USDC in escrow)
[2026-05-28T08:25:40.437Z] Fee check: 0.0003 USDC accumulated (0.0003 USDC in escrow)
[2026-05-28T08:26:10.589Z] Fee check: 0.0003 USDC accumulated (0.0003 USDC in escrow)
[2026-05-28T08:26:40.618Z] Fee check: 0.0003 USDC accumulated (0.0003 USDC in escrow)
[2026-05-28T08:27:10.475Z] Fee check: 0.0003 USDC accumulated (0.0003 USDC in escrow)
[2026-05-28T08:27:40.496Z] Fee check: 0.0003 USDC accumulated (0.0003 USDC in escrow)
[2026-05-28T08:28:10.800Z] Fee check: 0.0003 USDC accumulated (0.0003 USDC in escrow)
[2026-05-28T08:28:40.566Z] Fee check: 0.0003 USDC accumulated (0.0003 USDC in escrow)
[2026-05-28T08:29:10.598Z] Fee check: 0.0003 USDC accumulated (0.0003 USDC in escrow)
[2026-05-28T08:29:40.724Z] Fee check: 0.0003 USDC accumulated (0.0003 USDC in escrow)
[2026-05-28T08:30:10.765Z] Fee check: 0.0003 USDC accumulated (0.0003 USDC in escrow)
[2026-05-28T08:30:40.914Z] Fee check: 0.0003 USDC accumulated (0.0003 USDC in escrow)
[2026-05-28T08:31:10.794Z] Fee check: 0.0003 USDC accumulated (0.0003 USDC in escrow)
[2026-05-28T08:31:40.817Z] Fee check: 0.0003 USDC accumulated (0.0003 USDC in escrow)
[2026-05-28T08:32:10.959Z] Fee check: 0.0003 USDC accumulated (0.0003 USDC in escrow)
[2026-05-28T08:32:40.738Z] Fee check: 0.0003 USDC accumulated (0.0003 USDC in escrow)
[2026-05-28T08:33:10.753Z] Fee check: 0.0003 USDC accumulated (0.0003 USDC in escrow)
[2026-05-28T08:33:40.762Z] Fee check: 0.0003 USDC accumulated (0.0003 USDC in escrow)
[2026-05-28T08:34:10.785Z] Fee check: 0.0003 USDC accumulated (0.0003 USDC in escrow)
[2026-05-28T08:34:40.939Z] Fee check: 0.0003 USDC accumulated (0.0003 USDC in escrow)
[2026-05-28T08:35:10.997Z] Fee check: 0.0003 USDC accumulated (0.0003 USDC in escrow)
[2026-05-28T08:35:40.909Z] Fee check: 0.0003 USDC accumulated (0.0003 USDC in escrow)
[2026-05-28T08:36:11.071Z] Fee check: 0.0003 USDC accumulated (0.0003 USDC in escrow)
[2026-05-28T08:36:41.050Z] Fee check: 0.0003 USDC accumulated (0.0003 USDC in escrow)
[2026-05-28T08:37:10.995Z] Fee check: 0.0003 USDC accumulated (0.0003 USDC in escrow)
[2026-05-28T08:37:40.929Z] Fee check: 0.0003 USDC accumulated (0.0003 USDC in escrow)
[2026-05-28T08:38:10.999Z] Fee check: 0.0003 USDC accumulated (0.0003 USDC in escrow)
[2026-05-28T08:38:40.976Z] Fee check: 0.0003 USDC accumulated (0.0003 USDC in escrow)
[2026-05-28T08:39:11.016Z] Fee check: 0.0003 USDC accumulated (0.0003 USDC in escrow)
[2026-05-28T08:39:41.180Z] Fee check: 0.0003 USDC accumulated (0.0003 USDC in escrow)
[2026-05-28T08:40:11.095Z] Fee check: 0.0003 USDC accumulated (0.0003 USDC in escrow)
[2026-05-28T08:40:41.075Z] Fee check: 0.0003 USDC accumulated (0.0003 USDC in escrow)
[2026-05-28T08:41:11.231Z] Fee check: 0.0003 USDC accumulated (0.0003 USDC in escrow)
[2026-05-28T08:41:41.116Z] Fee check: 0.0003 USDC accumulated (0.0003 USDC in escrow)
[2026-05-28T08:42:11.143Z] Fee check: 0.0003 USDC accumulated (0.0003 USDC in escrow)
[2026-05-28T08:42:41.161Z] Fee check: 0.0003 USDC accumulated (0.0003 USDC in escrow)
[2026-05-28T08:43:11.188Z] Fee check: 0.0003 USDC accumulated (0.0003 USDC in escrow)
[2026-05-28T08:43:41.205Z] Fee check: 0.0003 USDC accumulated (0.0003 USDC in escrow)
[2026-05-28T08:44:11.224Z] Fee check: 0.0003 USDC accumulated (0.0003 USDC in escrow)
[2026-05-28T08:44:41.402Z] Fee check: 0.0003 USDC accumulated (0.0003 USDC in escrow)
[2026-05-28T08:45:11.401Z] Fee check: 0.0003 USDC accumulated (0.0003 USDC in escrow)
[2026-05-28T08:45:41.305Z] Fee check: 0.0003 USDC accumulated (0.0003 USDC in escrow)
[2026-05-28T08:46:11.443Z] Fee check: 0.0003 USDC accumulated (0.0003 USDC in escrow)
[2026-05-28T08:46:41.552Z] Fee check: 0.0003 USDC accumulated (0.0003 USDC in escrow)
[2026-05-28T08:47:11.350Z] Fee check: 0.0003 USDC accumulated (0.0003 USDC in escrow)
[2026-05-28T08:47:41.369Z] Fee check: 0.0003 USDC accumulated (0.0003 USDC in escrow)
[2026-05-28T08:48:11.406Z] Fee check: 0.0003 USDC accumulated (0.0003 USDC in escrow)
[2026-05-28T08:48:41.422Z] Fee check: 0.0003 USDC accumulated (0.0003 USDC in escrow)
[2026-05-28T08:49:11.448Z] Fee check: 0.0003 USDC accumulated (0.0003 USDC in escrow)
[2026-05-28T08:49:41.587Z] Fee check: 0.0003 USDC accumulated (0.0003 USDC in escrow)
[2026-05-28T08:50:11.626Z] Fee check: 0.0003 USDC accumulated (0.0003 USDC in escrow)
[2026-05-28T08:50:41.512Z] Fee check: 0.0003 USDC accumulated (0.0003 USDC in escrow)
[2026-05-28T08:51:11.661Z] Fee check: 0.0003 USDC accumulated (0.0003 USDC in escrow)
[2026-05-28T08:51:41.695Z] Fee check: 0.0003 USDC accumulated (0.0003 USDC in escrow)
[2026-05-28T08:52:11.566Z] Fee check: 0.0003 USDC accumulated (0.0003 USDC in escrow)
[2026-05-28T08:52:41.593Z] Fee check: 0.0003 USDC accumulated (0.0003 USDC in escrow)
[2026-05-28T08:53:11.613Z] Fee check: 0.0003 USDC accumulated (0.0003 USDC in escrow)
[2026-05-28T08:53:41.639Z] Fee check: 0.0003 USDC accumulated (0.0003 USDC in escrow)
[2026-05-28T08:54:11.655Z] Fee check: 0.0003 USDC accumulated (0.0003 USDC in escrow)
[2026-05-28T08:54:41.819Z] Fee check: 0.0003 USDC accumulated (0.0003 USDC in escrow)
[2026-05-28T08:55:11.828Z] Fee check: 0.0003 USDC accumulated (0.0003 USDC in escrow)
[2026-05-28T08:55:41.731Z] Fee check: 0.0003 USDC accumulated (0.0003 USDC in escrow)
[2026-05-28T08:56:11.860Z] Fee check: 0.0003 USDC accumulated (0.0003 USDC in escrow)
[2026-05-28T08:56:41.927Z] Fee check: 0.0003 USDC accumulated (0.0003 USDC in escrow)
[2026-05-28T08:57:11.786Z] Fee check: 0.0003 USDC accumulated (0.0003 USDC in escrow)
[2026-05-28T08:57:41.807Z] Fee check: 0.0003 USDC accumulated (0.0003 USDC in escrow)
[2026-05-28T08:58:11.884Z] Fee check: 0.0003 USDC accumulated (0.0003 USDC in escrow)
[2026-05-28T08:58:41.849Z] Fee check: 0.0003 USDC accumulated (0.0003 USDC in escrow)
[2026-05-28T08:59:11.868Z] Fee check: 0.0003 USDC accumulated (0.0003 USDC in escrow)
[2026-05-28T08:59:42.018Z] Fee check: 0.0003 USDC accumulated (0.0003 USDC in escrow)
[2026-05-28T09:00:12.062Z] Fee check: 0.0003 USDC accumulated (0.0003 USDC in escrow)
[2026-05-28T09:00:41.938Z] Fee check: 0.0003 USDC accumulated (0.0003 USDC in escrow)
[2026-05-28T09:01:12.101Z] Fee check: 0.0003 USDC accumulated (0.0003 USDC in escrow)
[2026-05-28T09:01:41.996Z] Fee check: 0.0003 USDC accumulated (0.0003 USDC in escrow)
[2026-05-28T09:02:11.990Z] Fee check: 0.0003 USDC accumulated (0.0003 USDC in escrow)
[2026-05-28T09:02:42.027Z] Fee check: 0.0003 USDC accumulated (0.0003 USDC in escrow)
[2026-05-28T09:03:12.037Z] Fee check: 0.0003 USDC accumulated (0.0003 USDC in escrow)
[2026-05-28T09:03:42.070Z] Fee check: 0.0003 USDC accumulated (0.0003 USDC in escrow)
[2026-05-28T09:04:12.088Z] Fee check: 0.0003 USDC accumulated (0.0003 USDC in escrow)
[2026-05-28T09:04:42.229Z] Fee check: 0.0003 USDC accumulated (0.0003 USDC in escrow)
[2026-05-28T09:05:12.130Z] Fee check: 0.0003 USDC accumulated (0.0003 USDC in escrow)
[2026-05-28T09:05:42.235Z] Fee check: 0.0003 USDC accumulated (0.0003 USDC in escrow)
[2026-05-28T09:06:12.305Z] Fee check: 0.0003 USDC accumulated (0.0003 USDC in escrow)
[2026-05-28T09:06:42.334Z] Fee check: 0.0003 USDC accumulated (0.0003 USDC in escrow)
[2026-05-28T09:07:12.242Z] Fee check: 0.0003 USDC accumulated (0.0003 USDC in escrow)
[2026-05-28T09:07:42.242Z] Fee check: 0.0003 USDC accumulated (0.0003 USDC in escrow)
[2026-05-28T09:08:12.244Z] Fee check: 0.0003 USDC accumulated (0.0003 USDC in escrow)
[2026-05-28T09:08:42.283Z] Fee check: 0.0003 USDC accumulated (0.0003 USDC in escrow)
[2026-05-28T09:09:12.326Z] Fee check: 0.0003 USDC accumulated (0.0003 USDC in escrow)
[2026-05-28T09:09:42.440Z] Fee check: 0.0003 USDC accumulated (0.0003 USDC in escrow)
[2026-05-28T09:10:12.481Z] Fee check: 0.0003 USDC accumulated (0.0003 USDC in escrow)
[2026-05-28T09:10:42.385Z] Fee check: 0.0003 USDC accumulated (0.0003 USDC in escrow)
[2026-05-28T09:11:12.561Z] Fee check: 0.0003 USDC accumulated (0.0003 USDC in escrow)
[2026-05-28T09:11:42.550Z] Fee check: 0.0003 USDC accumulated (0.0003 USDC in escrow)
[2026-05-28T09:12:12.432Z] Fee check: 0.0003 USDC accumulated (0.0003 USDC in escrow)
[2026-05-28T09:12:42.453Z] Fee check: 0.0003 USDC accumulated (0.0003 USDC in escrow)
[2026-05-28T09:13:12.472Z] Fee check: 0.0003 USDC accumulated (0.0003 USDC in escrow)
[2026-05-28T09:13:42.506Z] Fee check: 0.0003 USDC accumulated (0.0003 USDC in escrow)
[2026-05-28T09:14:12.525Z] Fee check: 0.0003 USDC accumulated (0.0003 USDC in escrow)
[2026-05-28T09:14:42.687Z] Fee check: 0.0003 USDC accumulated (0.0003 USDC in escrow)
[2026-05-28T09:15:12.707Z] Fee check: 0.0003 USDC accumulated (0.0003 USDC in escrow)
[2026-05-28T09:15:42.589Z] Fee check: 0.0003 USDC accumulated (0.0003 USDC in escrow)
[2026-05-28T09:16:12.748Z] Fee check: 0.0003 USDC accumulated (0.0003 USDC in escrow)
[2026-05-28T09:16:42.754Z] Fee check: 0.0003 USDC accumulated (0.0003 USDC in escrow)
[2026-05-28T09:17:12.639Z] Fee check: 0.0003 USDC accumulated (0.0003 USDC in escrow)
[2026-05-28T09:17:42.661Z] Fee check: 0.0003 USDC accumulated (0.0003 USDC in escrow)
[2026-05-28T09:18:12.692Z] Fee check: 0.0003 USDC accumulated (0.0003 USDC in escrow)
[2026-05-28T09:18:42.710Z] Fee check: 0.0003 USDC accumulated (0.0003 USDC in escrow)
[2026-05-28T09:19:12.752Z] Fee check: 0.0003 USDC accumulated (0.0003 USDC in escrow)
[2026-05-28T09:19:42.898Z] Fee check: 0.0003 USDC accumulated (0.0003 USDC in escrow)
[2026-05-28T09:20:12.921Z] Fee check: 0.0003 USDC accumulated (0.0003 USDC in escrow)
[2026-05-28T09:20:42.805Z] Fee check: 0.0003 USDC accumulated (0.0003 USDC in escrow)
[2026-05-28T09:21:12.958Z] Fee check: 0.0003 USDC accumulated (0.0003 USDC in escrow)
[2026-05-28T09:21:42.999Z] Fee check: 0.0003 USDC accumulated (0.0003 USDC in escrow)
[2026-05-28T09:22:12.866Z] Fee check: 0.0003 USDC accumulated (0.0003 USDC in escrow)
[2026-05-28T09:22:42.893Z] Fee check: 0.0003 USDC accumulated (0.0003 USDC in escrow)
[2026-05-28T09:23:12.907Z] Fee check: 0.0003 USDC accumulated (0.0003 USDC in escrow)
[2026-05-28T09:23:42.931Z] Fee check: 0.0003 USDC accumulated (0.0003 USDC in escrow)
[2026-05-28T09:24:12.981Z] Fee check: 0.0003 USDC accumulated (0.0003 USDC in escrow)
[2026-05-28T09:24:43.109Z] Fee check: 0.0003 USDC accumulated (0.0003 USDC in escrow)
[2026-05-28T09:25:12.995Z] Fee check: 0.0003 USDC accumulated (0.0003 USDC in escrow)
[2026-05-28T09:25:43.025Z] Fee check: 0.0003 USDC accumulated (0.0003 USDC in escrow)
[2026-05-28T09:26:13.187Z] Fee check: 0.0003 USDC accumulated (0.0003 USDC in escrow)
[2026-05-28T09:26:43.088Z] Fee check: 0.0003 USDC accumulated (0.0003 USDC in escrow)
[2026-05-28T09:27:13.073Z] Fee check: 0.0003 USDC accumulated (0.0003 USDC in escrow)
[2026-05-28T09:27:43.087Z] Fee check: 0.0003 USDC accumulated (0.0003 USDC in escrow)
[2026-05-28T09:28:13.122Z] Fee check: 0.0003 USDC accumulated (0.0003 USDC in escrow)
[2026-05-28T09:28:43.153Z] Fee check: 0.0003 USDC accumulated (0.0003 USDC in escrow)
[2026-05-28T09:29:13.165Z] Fee check: 0.0003 USDC accumulated (0.0003 USDC in escrow)
[2026-05-28T09:29:43.327Z] Fee check: 0.0003 USDC accumulated (0.0003 USDC in escrow)
[2026-05-28T09:30:13.348Z] Fee check: 0.0003 USDC accumulated (0.0003 USDC in escrow)
[2026-05-28T09:30:43.274Z] Fee check: 0.0003 USDC accumulated (0.0003 USDC in escrow)
[2026-05-28T09:31:13.413Z] Fee check: 0.0003 USDC accumulated (0.0003 USDC in escrow)
[2026-05-28T09:31:43.443Z] Fee check: 0.0003 USDC accumulated (0.0003 USDC in escrow)
[2026-05-28T09:32:13.290Z] Fee check: 0.0003 USDC accumulated (0.0003 USDC in escrow)
[2026-05-28T09:32:43.324Z] Fee check: 0.0003 USDC accumulated (0.0003 USDC in escrow)
[2026-05-28T09:33:13.338Z] Fee check: 0.0003 USDC accumulated (0.0003 USDC in escrow)
[2026-05-28T09:33:43.368Z] Fee check: 0.0003 USDC accumulated (0.0003 USDC in escrow)
[2026-05-28T09:34:13.399Z] Fee check: 0.0003 USDC accumulated (0.0003 USDC in escrow)
[2026-05-28T09:34:43.531Z] Fee check: 0.0003 USDC accumulated (0.0003 USDC in escrow)
[2026-05-28T09:35:13.573Z] Fee check: 0.0003 USDC accumulated (0.0003 USDC in escrow)
[2026-05-28T09:35:43.444Z] Fee check: 0.0003 USDC accumulated (0.0003 USDC in escrow)
[2026-05-28T09:36:13.611Z] Fee check: 0.0003 USDC accumulated (0.0003 USDC in escrow)
[2026-05-28T09:36:43.646Z] Fee check: 0.0003 USDC accumulated (0.0003 USDC in escrow)
[2026-05-28T09:37:13.526Z] Fee check: 0.0003 USDC accumulated (0.0003 USDC in escrow)
[2026-05-28T09:37:43.785Z] Fee check: 0.0003 USDC accumulated (0.0003 USDC in escrow)
[2026-05-28T09:38:13.558Z] Fee check: 0.0003 USDC accumulated (0.0003 USDC in escrow)
[2026-05-28T09:38:43.566Z] Fee check: 0.0003 USDC accumulated (0.0003 USDC in escrow)
[2026-05-28T09:39:13.600Z] Fee check: 0.0003 USDC accumulated (0.0003 USDC in escrow)
[2026-05-28T09:39:43.755Z] Fee check: 0.0003 USDC accumulated (0.0003 USDC in escrow)
[2026-05-28T09:40:13.777Z] Fee check: 0.0003 USDC accumulated (0.0003 USDC in escrow)
[2026-05-28T09:40:43.666Z] Fee check: 0.0003 USDC accumulated (0.0003 USDC in escrow)
[2026-05-28T09:41:13.847Z] Fee check: 0.0003 USDC accumulated (0.0003 USDC in escrow)
[2026-05-28T09:41:43.868Z] Fee check: 0.0003 USDC accumulated (0.0003 USDC in escrow)
[2026-05-28T09:42:13.703Z] Fee check: 0.0003 USDC accumulated (0.0003 USDC in escrow)
[2026-05-28T09:42:43.747Z] Fee check: 0.0003 USDC accumulated (0.0003 USDC in escrow)
[2026-05-28T09:43:13.779Z] Fee check: 0.0003 USDC accumulated (0.0003 USDC in escrow)
[2026-05-28T09:43:43.810Z] Fee check: 0.0003 USDC accumulated (0.0003 USDC in escrow)
[2026-05-28T09:44:13.826Z] Fee check: 0.0003 USDC accumulated (0.0003 USDC in escrow)
[2026-05-28T09:44:43.968Z] Fee check: 0.0003 USDC accumulated (0.0003 USDC in escrow)
[2026-05-28T09:45:13.999Z] Fee check: 0.0003 USDC accumulated (0.0003 USDC in escrow)
[2026-05-28T09:45:44.146Z] Fee check: 0.0003 USDC accumulated (0.0003 USDC in escrow)
[2026-05-28T09:46:14.040Z] Fee check: 0.0003 USDC accumulated (0.0003 USDC in escrow)
[2026-05-28T09:46:43.937Z] Fee check: 0.0003 USDC accumulated (0.0003 USDC in escrow)
[2026-05-28T09:47:14.191Z] Fee check: 0.0003 USDC accumulated (0.0003 USDC in escrow)
[2026-05-28T09:47:43.967Z] Fee check: 0.0003 USDC accumulated (0.0003 USDC in escrow)
[2026-05-28T09:48:13.993Z] Fee check: 0.0003 USDC accumulated (0.0003 USDC in escrow)
[2026-05-28T09:48:44.314Z] Fee check: 0.0003 USDC accumulated (0.0003 USDC in escrow)
[2026-05-28T09:49:14.040Z] Fee check: 0.0003 USDC accumulated (0.0003 USDC in escrow)
[2026-05-28T09:49:44.180Z] Fee check: 0.0003 USDC accumulated (0.0003 USDC in escrow)
[2026-05-28T09:50:14.085Z] Fee check: 0.0003 USDC accumulated (0.0003 USDC in escrow)
[2026-05-28T09:50:44.097Z] Fee check: 0.0003 USDC accumulated (0.0003 USDC in escrow)
[2026-05-28T09:51:14.253Z] Fee check: 0.0003 USDC accumulated (0.0003 USDC in escrow)
[2026-05-28T09:51:48.183Z] FEE MONITOR ERROR: request timeout (code=TIMEOUT, version=6.16.0)
[2026-05-28T09:51:48.183Z] Periodic check failed: request timeout (code=TIMEOUT, version=6.16.0)
[2026-05-28T09:52:18.183Z] FEE MONITOR ERROR: request timeout (code=TIMEOUT, version=6.16.0)
[2026-05-28T09:52:18.183Z] Periodic check failed: request timeout (code=TIMEOUT, version=6.16.0)
[2026-05-28T09:52:44.187Z] Fee check: 0.0003 USDC accumulated (0.0003 USDC in escrow)
[2026-05-28T09:53:14.444Z] Fee check: 0.0003 USDC accumulated (0.0003 USDC in escrow)
[2026-05-28T09:53:44.212Z] Fee check: 0.0003 USDC accumulated (0.0003 USDC in escrow)
[2026-05-28T09:54:14.206Z] Fee check: 0.0003 USDC accumulated (0.0003 USDC in escrow)
[2026-05-28T09:54:44.375Z] Fee check: 0.0003 USDC accumulated (0.0003 USDC in escrow)
[2026-05-28T09:55:14.394Z] Fee check: 0.0003 USDC accumulated (0.0003 USDC in escrow)
[2026-05-28T09:55:44.286Z] Fee check: 0.0003 USDC accumulated (0.0003 USDC in escrow)
[2026-05-28T09:56:14.320Z] Fee check: 0.0003 USDC accumulated (0.0003 USDC in escrow)
[2026-05-28T09:56:48.377Z] FEE MONITOR ERROR: request timeout (code=TIMEOUT, version=6.16.0)
[2026-05-28T09:56:48.377Z] Periodic check failed: request timeout (code=TIMEOUT, version=6.16.0)
[2026-05-28T09:57:18.391Z] FEE MONITOR ERROR: request timeout (code=TIMEOUT, version=6.16.0)
[2026-05-28T09:57:18.391Z] Periodic check failed: request timeout (code=TIMEOUT, version=6.16.0)
[2026-05-28T09:57:45.425Z] Fee check: 0.0003 USDC accumulated (0.0003 USDC in escrow)
[2026-05-28T09:58:14.369Z] Fee check: 0.0003 USDC accumulated (0.0003 USDC in escrow)
[2026-05-28T09:58:44.378Z] Fee check: 0.0003 USDC accumulated (0.0003 USDC in escrow)
[2026-05-28T09:59:14.427Z] Fee check: 0.0003 USDC accumulated (0.0003 USDC in escrow)
[2026-05-28T09:59:44.557Z] Fee check: 0.0003 USDC accumulated (0.0003 USDC in escrow)
[2026-05-28T10:00:14.600Z] Fee check: 0.0003 USDC accumulated (0.0003 USDC in escrow)
[2026-05-28T10:00:44.481Z] Fee check: 0.0003 USDC accumulated (0.0003 USDC in escrow)
[2026-05-28T10:01:14.523Z] Fee check: 0.0003 USDC accumulated (0.0003 USDC in escrow)
[2026-05-28T10:01:44.554Z] Fee check: 0.0003 USDC accumulated (0.0003 USDC in escrow)
[2026-05-28T10:02:14.555Z] Fee check: 0.0003 USDC accumulated (0.0003 USDC in escrow)
[2026-05-28T10:02:44.834Z] Fee check: 0.0003 USDC accumulated (0.0003 USDC in escrow)
[2026-05-28T10:03:14.729Z] Fee check: 0.0003 USDC accumulated (0.0003 USDC in escrow)
[2026-05-28T10:03:44.606Z] Fee check: 0.0003 USDC accumulated (0.0003 USDC in escrow)
[2026-05-28T10:04:14.659Z] Fee check: 0.0003 USDC accumulated (0.0003 USDC in escrow)
[2026-05-28T10:04:44.775Z] Fee check: 0.0003 USDC accumulated (0.0003 USDC in escrow)
[2026-05-28T10:05:15.080Z] Fee check: 0.0003 USDC accumulated (0.0003 USDC in escrow)
[2026-05-28T10:05:44.712Z] Fee check: 0.0003 USDC accumulated (0.0003 USDC in escrow)
[2026-05-28T10:06:14.730Z] Fee check: 0.0003 USDC accumulated (0.0003 USDC in escrow)
[2026-05-28T10:06:44.748Z] Fee check: 0.0003 USDC accumulated (0.0003 USDC in escrow)
[2026-05-28T10:07:14.787Z] Fee check: 0.0003 USDC accumulated (0.0003 USDC in escrow)
[2026-05-28T10:07:44.802Z] Fee check: 0.0003 USDC accumulated (0.0003 USDC in escrow)
[2026-05-28T10:08:14.916Z] Fee check: 0.0003 USDC accumulated (0.0003 USDC in escrow)
[2026-05-28T10:08:44.980Z] Fee check: 0.0003 USDC accumulated (0.0003 USDC in escrow)
[2026-05-28T10:09:14.853Z] Fee check: 0.0003 USDC accumulated (0.0003 USDC in escrow)
[2026-05-28T10:09:45.273Z] Fee check: 0.0003 USDC accumulated (0.0003 USDC in escrow)
[2026-05-28T10:10:15.025Z] Fee check: 0.0003 USDC accumulated (0.0003 USDC in escrow)
[2026-05-28T10:10:44.923Z] Fee check: 0.0003 USDC accumulated (0.0003 USDC in escrow)
[2026-05-28T10:11:14.954Z] Fee check: 0.0003 USDC accumulated (0.0003 USDC in escrow)
[2026-05-28T10:11:44.989Z] Fee check: 0.0003 USDC accumulated (0.0003 USDC in escrow)
[2026-05-28T10:12:14.980Z] Fee check: 0.0003 USDC accumulated (0.0003 USDC in escrow)
[2026-05-28T10:12:44.988Z] Fee check: 0.0003 USDC accumulated (0.0003 USDC in escrow)
[2026-05-28T10:13:15.405Z] Fee check: 0.0003 USDC accumulated (0.0003 USDC in escrow)
[2026-05-28T10:13:45.046Z] Fee check: 0.0003 USDC accumulated (0.0003 USDC in escrow)
[2026-05-28T10:14:15.072Z] Fee check: 0.0003 USDC accumulated (0.0003 USDC in escrow)
[2026-05-28T10:14:45.205Z] Fee check: 0.0003 USDC accumulated (0.0003 USDC in escrow)
[2026-05-28T10:15:15.124Z] Fee check: 0.0003 USDC accumulated (0.0003 USDC in escrow)
[2026-05-28T10:15:45.140Z] Fee check: 0.0003 USDC accumulated (0.0003 USDC in escrow)
[2026-05-28T10:16:15.179Z] Fee check: 0.0003 USDC accumulated (0.0003 USDC in escrow)
[2026-05-28T10:16:45.191Z] Fee check: 0.0003 USDC accumulated (0.0003 USDC in escrow)
[2026-05-28T10:17:15.209Z] Fee check: 0.0003 USDC accumulated (0.0003 USDC in escrow)
[2026-05-28T10:17:45.483Z] Fee check: 0.0003 USDC accumulated (0.0003 USDC in escrow)
[2026-05-28T10:18:15.365Z] Fee check: 0.0003 USDC accumulated (0.0003 USDC in escrow)
[2026-05-28T10:18:45.372Z] Fee check: 0.0003 USDC accumulated (0.0003 USDC in escrow)
[2026-05-28T10:19:15.293Z] Fee check: 0.0003 USDC accumulated (0.0003 USDC in escrow)
[2026-05-28T10:19:45.425Z] Fee check: 0.0003 USDC accumulated (0.0003 USDC in escrow)
[2026-05-28T10:20:15.460Z] Fee check: 0.0003 USDC accumulated (0.0003 USDC in escrow)
[2026-05-28T10:20:45.612Z] Fee check: 0.0003 USDC accumulated (0.0003 USDC in escrow)
[2026-05-28T10:21:15.397Z] Fee check: 0.0003 USDC accumulated (0.0003 USDC in escrow)
[2026-05-28T10:21:45.407Z] Fee check: 0.0003 USDC accumulated (0.0003 USDC in escrow)
[2026-05-28T10:22:15.420Z] Fee check: 0.0003 USDC accumulated (0.0003 USDC in escrow)
[2026-05-28T10:22:45.423Z] Fee check: 0.0003 USDC accumulated (0.0003 USDC in escrow)
[2026-05-28T10:23:15.578Z] Fee check: 0.0003 USDC accumulated (0.0003 USDC in escrow)
[2026-05-28T10:23:45.606Z] Fee check: 0.0003 USDC accumulated (0.0003 USDC in escrow)
[2026-05-28T10:24:15.507Z] Fee check: 0.0003 USDC accumulated (0.0003 USDC in escrow)
[2026-05-28T10:24:45.645Z] Fee check: 0.0003 USDC accumulated (0.0003 USDC in escrow)
[2026-05-28T10:25:15.657Z] Fee check: 0.0003 USDC accumulated (0.0003 USDC in escrow)
[2026-05-28T10:25:45.579Z] Fee check: 0.0003 USDC accumulated (0.0003 USDC in escrow)
[2026-05-28T10:26:15.582Z] Fee check: 0.0003 USDC accumulated (0.0003 USDC in escrow)
[2026-05-28T10:26:45.645Z] Fee check: 0.0003 USDC accumulated (0.0003 USDC in escrow)
[2026-05-28T10:27:15.749Z] Fee check: 0.0003 USDC accumulated (0.0003 USDC in escrow)
[2026-05-28T10:27:45.637Z] Fee check: 0.0003 USDC accumulated (0.0003 USDC in escrow)
[2026-05-28T10:28:15.792Z] Fee check: 0.0003 USDC accumulated (0.0003 USDC in escrow)
[2026-05-28T10:28:45.819Z] Fee check: 0.0003 USDC accumulated (0.0003 USDC in escrow)
[2026-05-28T10:29:15.986Z] Fee check: 0.0003 USDC accumulated (0.0003 USDC in escrow)
[2026-05-28T10:29:45.901Z] Fee check: 0.0003 USDC accumulated (0.0003 USDC in escrow)
[2026-05-28T10:30:15.886Z] Fee check: 0.0003 USDC accumulated (0.0003 USDC in escrow)
[2026-05-28T10:30:45.800Z] Fee check: 0.0003 USDC accumulated (0.0003 USDC in escrow)
[2026-05-28T10:31:15.816Z] Fee check: 0.0003 USDC accumulated (0.0003 USDC in escrow)
[2026-05-28T10:31:45.834Z] Fee check: 0.0003 USDC accumulated (0.0003 USDC in escrow)
[2026-05-28T10:32:16.152Z] Fee check: 0.0003 USDC accumulated (0.0003 USDC in escrow)
[2026-05-28T10:32:45.861Z] Fee check: 0.0003 USDC accumulated (0.0003 USDC in escrow)
[2026-05-28T10:33:16.017Z] Fee check: 0.0003 USDC accumulated (0.0003 USDC in escrow)
[2026-05-28T10:33:46.024Z] Fee check: 0.0003 USDC accumulated (0.0003 USDC in escrow)
[2026-05-28T10:34:15.929Z] Fee check: 0.0003 USDC accumulated (0.0003 USDC in escrow)
[2026-05-28T10:34:46.108Z] Fee check: 0.0003 USDC accumulated (0.0003 USDC in escrow)
[2026-05-28T10:35:15.988Z] Fee check: 0.0003 USDC accumulated (0.0003 USDC in escrow)
[2026-05-28T10:35:45.996Z] Fee check: 0.0003 USDC accumulated (0.0003 USDC in escrow)
[2026-05-28T10:36:16.024Z] Fee check: 0.0003 USDC accumulated (0.0003 USDC in escrow)
[2026-05-28T10:36:46.057Z] Fee check: 0.0003 USDC accumulated (0.0003 USDC in escrow)
[2026-05-28T10:37:16.093Z] Fee check: 0.0003 USDC accumulated (0.0003 USDC in escrow)
[2026-05-28T10:37:46.085Z] Fee check: 0.0003 USDC accumulated (0.0003 USDC in escrow)
[2026-05-28T10:38:16.937Z] Fee check: 0.0003 USDC accumulated (0.0003 USDC in escrow)
[2026-05-28T10:38:46.127Z] Fee check: 0.0003 USDC accumulated (0.0003 USDC in escrow)
[2026-05-28T10:39:16.142Z] Fee check: 0.0003 USDC accumulated (0.0003 USDC in escrow)
[2026-05-28T10:39:46.563Z] Fee check: 0.0003 USDC accumulated (0.0003 USDC in escrow)
[2026-05-28T10:40:16.333Z] Fee check: 0.0003 USDC accumulated (0.0003 USDC in escrow)
[2026-05-28T10:40:46.203Z] Fee check: 0.0003 USDC accumulated (0.0003 USDC in escrow)
[2026-05-28T10:41:16.277Z] Fee check: 0.0003 USDC accumulated (0.0003 USDC in escrow)
[2026-05-28T10:41:46.258Z] Fee check: 0.0003 USDC accumulated (0.0003 USDC in escrow)
[2026-05-28T10:42:16.285Z] Fee check: 0.0003 USDC accumulated (0.0003 USDC in escrow)
[2026-05-28T10:42:46.278Z] Fee check: 0.0003 USDC accumulated (0.0003 USDC in escrow)
[2026-05-28T10:43:16.300Z] Fee check: 0.0003 USDC accumulated (0.0003 USDC in escrow)
[2026-05-28T10:43:46.752Z] Fee check: 0.0003 USDC accumulated (0.0003 USDC in escrow)
[2026-05-28T10:44:16.368Z] Fee check: 0.0003 USDC accumulated (0.0003 USDC in escrow)
[2026-05-28T10:44:46.513Z] Fee check: 0.0003 USDC accumulated (0.0003 USDC in escrow)
[2026-05-28T10:45:16.545Z] Fee check: 0.0003 USDC accumulated (0.0003 USDC in escrow)
[2026-05-28T10:45:46.445Z] Fee check: 0.0003 USDC accumulated (0.0003 USDC in escrow)
[2026-05-28T10:46:16.462Z] Fee check: 0.0003 USDC accumulated (0.0003 USDC in escrow)
[2026-05-28T10:46:46.487Z] Fee check: 0.0003 USDC accumulated (0.0003 USDC in escrow)
[2026-05-28T10:47:16.768Z] Fee check: 0.0003 USDC accumulated (0.0003 USDC in escrow)
[2026-05-28T10:47:46.507Z] Fee check: 0.0003 USDC accumulated (0.0003 USDC in escrow)
[2026-05-28T10:48:16.533Z] Fee check: 0.0003 USDC accumulated (0.0003 USDC in escrow)
[2026-05-28T10:48:46.682Z] Fee check: 0.0003 USDC accumulated (0.0003 USDC in escrow)
[2026-05-28T10:49:16.704Z] Fee check: 0.0003 USDC accumulated (0.0003 USDC in escrow)
[2026-05-28T10:49:46.730Z] Fee check: 0.0003 USDC accumulated (0.0003 USDC in escrow)
[2026-05-28T10:50:16.760Z] Fee check: 0.0003 USDC accumulated (0.0003 USDC in escrow)
[2026-05-28T10:50:46.657Z] Fee check: 0.0003 USDC accumulated (0.0003 USDC in escrow)
[2026-05-28T10:51:16.688Z] Fee check: 0.0003 USDC accumulated (0.0003 USDC in escrow)
[2026-05-28T10:51:46.689Z] Fee check: 0.0003 USDC accumulated (0.0003 USDC in escrow)
[2026-05-28T10:52:16.988Z] Fee check: 0.0003 USDC accumulated (0.0003 USDC in escrow)
[2026-05-28T10:52:46.727Z] Fee check: 0.0003 USDC accumulated (0.0003 USDC in escrow)
[2026-05-28T10:53:16.763Z] Fee check: 0.0003 USDC accumulated (0.0003 USDC in escrow)
[2026-05-28T10:53:46.916Z] Fee check: 0.0003 USDC accumulated (0.0003 USDC in escrow)
[2026-05-28T10:54:16.933Z] Fee check: 0.0003 USDC accumulated (0.0003 USDC in escrow)
[2026-05-28T10:54:46.963Z] Fee check: 0.0003 USDC accumulated (0.0003 USDC in escrow)
[2026-05-28T10:55:16.988Z] Fee check: 0.0003 USDC accumulated (0.0003 USDC in escrow)
[2026-05-28T10:55:46.962Z] Fee check: 0.0003 USDC accumulated (0.0003 USDC in escrow)
[2026-05-28T10:56:16.884Z] Fee check: 0.0003 USDC accumulated (0.0003 USDC in escrow)
[2026-05-28T10:56:46.928Z] Fee check: 0.0003 USDC accumulated (0.0003 USDC in escrow)
[2026-05-28T10:57:17.220Z] Fee check: 0.0003 USDC accumulated (0.0003 USDC in escrow)
[2026-05-28T10:57:46.985Z] Fee check: 0.0003 USDC accumulated (0.0003 USDC in escrow)
[2026-05-28T10:58:16.963Z] Fee check: 0.0003 USDC accumulated (0.0003 USDC in escrow)
[2026-05-28T10:58:47.113Z] Fee check: 0.0003 USDC accumulated (0.0003 USDC in escrow)
[2026-05-28T10:59:17.001Z] Fee check: 0.0003 USDC accumulated (0.0003 USDC in escrow)
[2026-05-28T10:59:47.173Z] Fee check: 0.0003 USDC accumulated (0.0003 USDC in escrow)
[2026-05-28T11:00:17.076Z] Fee check: 0.0003 USDC accumulated (0.0003 USDC in escrow)
[2026-05-28T11:00:47.083Z] Fee check: 0.0003 USDC accumulated (0.0003 USDC in escrow)
[2026-05-28T11:01:17.108Z] Fee check: 0.0003 USDC accumulated (0.0003 USDC in escrow)
[2026-05-28T11:01:47.130Z] Fee check: 0.0003 USDC accumulated (0.0003 USDC in escrow)
[2026-05-28T11:02:17.163Z] Fee check: 0.0003 USDC accumulated (0.0003 USDC in escrow)
[2026-05-28T11:02:47.143Z] Fee check: 0.0003 USDC accumulated (0.0003 USDC in escrow)
[2026-05-28T11:03:17.165Z] Fee check: 0.0003 USDC accumulated (0.0003 USDC in escrow)
[2026-05-28T11:03:47.330Z] Fee check: 0.0003 USDC accumulated (0.0003 USDC in escrow)
[2026-05-28T11:04:17.352Z] Fee check: 0.0003 USDC accumulated (0.0003 USDC in escrow)
[2026-05-28T11:04:47.382Z] Fee check: 0.0003 USDC accumulated (0.0003 USDC in escrow)
[2026-05-28T11:05:17.429Z] Fee check: 0.0003 USDC accumulated (0.0003 USDC in escrow)
[2026-05-28T11:05:47.301Z] Fee check: 0.0003 USDC accumulated (0.0003 USDC in escrow)
[2026-05-28T11:06:17.327Z] Fee check: 0.0003 USDC accumulated (0.0003 USDC in escrow)
[2026-05-28T11:06:47.618Z] Fee check: 0.0003 USDC accumulated (0.0003 USDC in escrow)
[2026-05-28T11:07:17.386Z] Fee check: 0.0003 USDC accumulated (0.0003 USDC in escrow)
[2026-05-28T11:07:47.397Z] Fee check: 0.0003 USDC accumulated (0.0003 USDC in escrow)
[2026-05-28T11:08:17.396Z] Fee check: 0.0003 USDC accumulated (0.0003 USDC in escrow)
[2026-05-28T11:08:47.560Z] Fee check: 0.0003 USDC accumulated (0.0003 USDC in escrow)
[2026-05-28T11:09:17.549Z] Fee check: 0.0003 USDC accumulated (0.0003 USDC in escrow)
[2026-05-28T11:09:47.608Z] Fee check: 0.0003 USDC accumulated (0.0003 USDC in escrow)
[2026-05-28T11:10:17.712Z] Fee check: 0.0003 USDC accumulated (0.0003 USDC in escrow)
[2026-05-28T11:10:47.759Z] Fee check: 0.0003 USDC accumulated (0.0003 USDC in escrow)
[2026-05-28T11:11:17.548Z] Fee check: 0.0003 USDC accumulated (0.0003 USDC in escrow)
[2026-05-28T11:11:47.561Z] Fee check: 0.0003 USDC accumulated (0.0003 USDC in escrow)
[2026-05-28T11:12:17.855Z] Fee check: 0.0003 USDC accumulated (0.0003 USDC in escrow)
[2026-05-28T11:12:47.585Z] Fee check: 0.0003 USDC accumulated (0.0003 USDC in escrow)
[2026-05-28T11:13:17.612Z] Fee check: 0.0003 USDC accumulated (0.0003 USDC in escrow)
[2026-05-28T11:13:48.027Z] Fee check: 0.0003 USDC accumulated (0.0003 USDC in escrow)
[2026-05-28T11:14:17.827Z] Fee check: 0.0003 USDC accumulated (0.0003 USDC in escrow)
[2026-05-28T11:14:47.817Z] Fee check: 0.0003 USDC accumulated (0.0003 USDC in escrow)
[2026-05-28T11:15:17.849Z] Fee check: 0.0003 USDC accumulated (0.0003 USDC in escrow)
[2026-05-28T11:15:47.712Z] Fee check: 0.0003 USDC accumulated (0.0003 USDC in escrow)
[2026-05-28T11:16:18.035Z] Fee check: 0.0003 USDC accumulated (0.0003 USDC in escrow)
[2026-05-28T11:16:47.786Z] Fee check: 0.0003 USDC accumulated (0.0003 USDC in escrow)
[2026-05-28T11:17:17.800Z] Fee check: 0.0003 USDC accumulated (0.0003 USDC in escrow)
[2026-05-28T11:17:48.070Z] Fee check: 0.0003 USDC accumulated (0.0003 USDC in escrow)
[2026-05-28T11:18:17.828Z] Fee check: 0.0003 USDC accumulated (0.0003 USDC in escrow)
[2026-05-28T11:18:47.981Z] Fee check: 0.0003 USDC accumulated (0.0003 USDC in escrow)
[2026-05-28T11:19:18.009Z] Fee check: 0.0003 USDC accumulated (0.0003 USDC in escrow)
[2026-05-28T11:19:48.028Z] Fee check: 0.0003 USDC accumulated (0.0003 USDC in escrow)
[2026-05-28T11:20:18.103Z] Fee check: 0.0003 USDC accumulated (0.0003 USDC in escrow)
[2026-05-28T11:20:47.946Z] Fee check: 0.0003 USDC accumulated (0.0003 USDC in escrow)
[2026-05-28T11:21:17.987Z] Fee check: 0.0003 USDC accumulated (0.0003 USDC in escrow)
[2026-05-28T11:21:47.989Z] Fee check: 0.0003 USDC accumulated (0.0003 USDC in escrow)
[2026-05-28T11:22:18.023Z] Fee check: 0.0003 USDC accumulated (0.0003 USDC in escrow)
[2026-05-28T11:22:48.291Z] Fee check: 0.0003 USDC accumulated (0.0003 USDC in escrow)
[2026-05-28T11:23:18.049Z] Fee check: 0.0003 USDC accumulated (0.0003 USDC in escrow)
[2026-05-28T11:23:48.401Z] Fee check: 0.0003 USDC accumulated (0.0003 USDC in escrow)
[2026-05-28T11:24:18.094Z] Fee check: 0.0003 USDC accumulated (0.0003 USDC in escrow)
[2026-05-28T11:24:48.248Z] Fee check: 0.0003 USDC accumulated (0.0003 USDC in escrow)
[2026-05-28T11:25:18.129Z] Fee check: 0.0003 USDC accumulated (0.0003 USDC in escrow)
[2026-05-28T11:25:48.165Z] Fee check: 0.0003 USDC accumulated (0.0003 USDC in escrow)
[2026-05-28T11:26:18.185Z] Fee check: 0.0003 USDC accumulated (0.0003 USDC in escrow)
[2026-05-28T11:26:48.217Z] Fee check: 0.0003 USDC accumulated (0.0003 USDC in escrow)
[2026-05-28T11:27:18.238Z] Fee check: 0.0003 USDC accumulated (0.0003 USDC in escrow)
[2026-05-28T11:27:48.227Z] Fee check: 0.0003 USDC accumulated (0.0003 USDC in escrow)
[2026-05-28T11:28:18.245Z] Fee check: 0.0003 USDC accumulated (0.0003 USDC in escrow)
[2026-05-28T11:28:48.654Z] Fee check: 0.0003 USDC accumulated (0.0003 USDC in escrow)
[2026-05-28T11:29:18.426Z] Fee check: 0.0003 USDC accumulated (0.0003 USDC in escrow)
[2026-05-28T11:29:48.433Z] Fee check: 0.0003 USDC accumulated (0.0003 USDC in escrow)
[2026-05-28T11:30:18.491Z] Fee check: 0.0003 USDC accumulated (0.0003 USDC in escrow)
[2026-05-28T11:30:48.368Z] Fee check: 0.0003 USDC accumulated (0.0003 USDC in escrow)
[2026-05-28T11:31:18.394Z] Fee check: 0.0003 USDC accumulated (0.0003 USDC in escrow)
[2026-05-28T11:31:48.418Z] Fee check: 0.0003 USDC accumulated (0.0003 USDC in escrow)
[2026-05-28T11:32:18.460Z] Fee check: 0.0003 USDC accumulated (0.0003 USDC in escrow)
[2026-05-28T11:32:48.425Z] Fee check: 0.0003 USDC accumulated (0.0003 USDC in escrow)
[2026-05-28T11:33:18.485Z] Fee check: 0.0003 USDC accumulated (0.0003 USDC in escrow)
[2026-05-28T11:33:48.631Z] Fee check: 0.0003 USDC accumulated (0.0003 USDC in escrow)
[2026-05-28T11:34:18.677Z] Fee check: 0.0003 USDC accumulated (0.0003 USDC in escrow)
[2026-05-28T11:34:48.655Z] Fee check: 0.0003 USDC accumulated (0.0003 USDC in escrow)
[2026-05-28T11:35:18.700Z] Fee check: 0.0003 USDC accumulated (0.0003 USDC in escrow)
[2026-05-28T11:35:48.620Z] Fee check: 0.0003 USDC accumulated (0.0003 USDC in escrow)
[2026-05-28T11:36:18.612Z] Fee check: 0.0003 USDC accumulated (0.0003 USDC in escrow)
[2026-05-28T11:36:48.628Z] Fee check: 0.0003 USDC accumulated (0.0003 USDC in escrow)
[2026-05-28T11:37:18.672Z] Fee check: 0.0003 USDC accumulated (0.0003 USDC in escrow)
[2026-05-28T11:37:48.678Z] Fee check: 0.0003 USDC accumulated (0.0003 USDC in escrow)
[2026-05-28T11:38:18.694Z] Fee check: 0.0003 USDC accumulated (0.0003 USDC in escrow)
[2026-05-28T11:38:48.844Z] Fee check: 0.0003 USDC accumulated (0.0003 USDC in escrow)
[2026-05-28T11:39:18.860Z] Fee check: 0.0003 USDC accumulated (0.0003 USDC in escrow)
[2026-05-28T11:39:48.879Z] Fee check: 0.0003 USDC accumulated (0.0003 USDC in escrow)
[2026-05-28T11:40:18.922Z] Fee check: 0.0003 USDC accumulated (0.0003 USDC in escrow)
[2026-05-28T11:40:48.801Z] Fee check: 0.0003 USDC accumulated (0.0003 USDC in escrow)
[2026-05-28T11:41:18.831Z] Fee check: 0.0003 USDC accumulated (0.0003 USDC in escrow)
[2026-05-28T11:41:48.856Z] Fee check: 0.0003 USDC accumulated (0.0003 USDC in escrow)
[2026-05-28T11:42:18.883Z] Fee check: 0.0003 USDC accumulated (0.0003 USDC in escrow)
[2026-05-28T11:42:48.914Z] Fee check: 0.0003 USDC accumulated (0.0003 USDC in escrow)
[2026-05-28T11:43:18.923Z] Fee check: 0.0003 USDC accumulated (0.0003 USDC in escrow)
[2026-05-28T11:43:49.055Z] Fee check: 0.0003 USDC accumulated (0.0003 USDC in escrow)
[2026-05-28T11:44:19.001Z] Fee check: 0.0003 USDC accumulated (0.0003 USDC in escrow)
[2026-05-28T11:44:49.101Z] Fee check: 0.0003 USDC accumulated (0.0003 USDC in escrow)
[2026-05-28T11:45:18.990Z] Fee check: 0.0003 USDC accumulated (0.0003 USDC in escrow)
[2026-05-28T11:45:49.274Z] Fee check: 0.0003 USDC accumulated (0.0003 USDC in escrow)
[2026-05-28T11:46:19.038Z] Fee check: 0.0003 USDC accumulated (0.0003 USDC in escrow)
[2026-05-28T11:46:49.055Z] Fee check: 0.0003 USDC accumulated (0.0003 USDC in escrow)
[2026-05-28T11:47:19.080Z] Fee check: 0.0003 USDC accumulated (0.0003 USDC in escrow)
[2026-05-28T11:47:49.084Z] Fee check: 0.0003 USDC accumulated (0.0003 USDC in escrow)
[2026-05-28T11:48:19.390Z] Fee check: 0.0003 USDC accumulated (0.0003 USDC in escrow)
[2026-05-28T11:48:49.275Z] Fee check: 0.0003 USDC accumulated (0.0003 USDC in escrow)
[2026-05-28T11:49:19.290Z] Fee check: 0.0003 USDC accumulated (0.0003 USDC in escrow)
[2026-05-28T11:49:49.324Z] Fee check: 0.0003 USDC accumulated (0.0003 USDC in escrow)
[2026-05-28T11:50:19.341Z] Fee check: 0.0003 USDC accumulated (0.0003 USDC in escrow)
[2026-05-28T11:50:49.237Z] Fee check: 0.0003 USDC accumulated (0.0003 USDC in escrow)
[2026-05-28T11:51:19.260Z] Fee check: 0.0003 USDC accumulated (0.0003 USDC in escrow)
[2026-05-28T11:51:49.308Z] Fee check: 0.0003 USDC accumulated (0.0003 USDC in escrow)
[2026-05-28T11:52:19.355Z] Fee check: 0.0003 USDC accumulated (0.0003 USDC in escrow)
[2026-05-28T11:52:49.314Z] Fee check: 0.0003 USDC accumulated (0.0003 USDC in escrow)
[2026-05-28T11:53:19.339Z] Fee check: 0.0003 USDC accumulated (0.0003 USDC in escrow)
[2026-05-28T11:53:49.475Z] Fee check: 0.0003 USDC accumulated (0.0003 USDC in escrow)
[2026-05-28T11:54:19.492Z] Fee check: 0.0003 USDC accumulated (0.0003 USDC in escrow)
[2026-05-28T11:54:49.530Z] Fee check: 0.0003 USDC accumulated (0.0003 USDC in escrow)
[2026-05-28T11:55:19.556Z] Fee check: 0.0003 USDC accumulated (0.0003 USDC in escrow)
[2026-05-28T11:55:49.463Z] Fee check: 0.0003 USDC accumulated (0.0003 USDC in escrow)
[2026-05-28T11:56:19.473Z] Fee check: 0.0003 USDC accumulated (0.0003 USDC in escrow)
[2026-05-28T11:56:49.496Z] Fee check: 0.0003 USDC accumulated (0.0003 USDC in escrow)
[2026-05-28T11:57:19.513Z] Fee check: 0.0003 USDC accumulated (0.0003 USDC in escrow)
[2026-05-28T11:57:49.576Z] Fee check: 0.0003 USDC accumulated (0.0003 USDC in escrow)
[2026-05-28T11:58:19.551Z] Fee check: 0.0003 USDC accumulated (0.0003 USDC in escrow)
[2026-05-28T11:58:49.794Z] Fee check: 0.0003 USDC accumulated (0.0003 USDC in escrow)
[2026-05-28T11:59:19.736Z] Fee check: 0.0003 USDC accumulated (0.0003 USDC in escrow)
[2026-05-28T11:59:49.748Z] Fee check: 0.0003 USDC accumulated (0.0003 USDC in escrow)
[2026-05-28T12:00:19.768Z] Fee check: 0.0003 USDC accumulated (0.0003 USDC in escrow)
[2026-05-28T12:00:49.673Z] Fee check: 0.0003 USDC accumulated (0.0003 USDC in escrow)
[2026-05-28T12:01:19.718Z] Fee check: 0.0003 USDC accumulated (0.0003 USDC in escrow)
[2026-05-28T12:01:49.721Z] Fee check: 0.0003 USDC accumulated (0.0003 USDC in escrow)
[2026-05-28T12:02:19.745Z] Fee check: 0.0003 USDC accumulated (0.0003 USDC in escrow)
[2026-05-28T12:02:49.763Z] Fee check: 0.0003 USDC accumulated (0.0003 USDC in escrow)
[2026-05-28T12:03:19.769Z] Fee check: 0.0003 USDC accumulated (0.0003 USDC in escrow)
[2026-05-28T12:03:49.949Z] Fee check: 0.0003 USDC accumulated (0.0003 USDC in escrow)
[2026-05-28T12:04:19.927Z] Fee check: 0.0003 USDC accumulated (0.0003 USDC in escrow)
[2026-05-28T12:04:49.973Z] Fee check: 0.0003 USDC accumulated (0.0003 USDC in escrow)
[2026-05-28T12:05:19.977Z] Fee check: 0.0003 USDC accumulated (0.0003 USDC in escrow)
[2026-05-28T12:05:49.868Z] Fee check: 0.0003 USDC accumulated (0.0003 USDC in escrow)
[2026-05-28T12:06:19.914Z] Fee check: 0.0003 USDC accumulated (0.0003 USDC in escrow)
[2026-05-28T12:06:49.936Z] Fee check: 0.0003 USDC accumulated (0.0003 USDC in escrow)
[2026-05-28T12:07:19.972Z] Fee check: 0.0003 USDC accumulated (0.0003 USDC in escrow)
[2026-05-28T12:07:49.966Z] Fee check: 0.0003 USDC accumulated (0.0003 USDC in escrow)
[2026-05-28T12:08:19.985Z] Fee check: 0.0003 USDC accumulated (0.0003 USDC in escrow)
[2026-05-28T12:08:50.138Z] Fee check: 0.0003 USDC accumulated (0.0003 USDC in escrow)
[2026-05-28T12:09:20.035Z] Fee check: 0.0003 USDC accumulated (0.0003 USDC in escrow)
[2026-05-28T12:09:50.180Z] Fee check: 0.0003 USDC accumulated (0.0003 USDC in escrow)
[2026-05-28T12:10:20.077Z] Fee check: 0.0003 USDC accumulated (0.0003 USDC in escrow)
[2026-05-28T12:10:50.102Z] Fee check: 0.0003 USDC accumulated (0.0003 USDC in escrow)
[2026-05-28T12:11:20.213Z] Fee check: 0.0003 USDC accumulated (0.0003 USDC in escrow)
[2026-05-28T12:11:50.138Z] Fee check: 0.0003 USDC accumulated (0.0003 USDC in escrow)
[2026-05-28T12:12:20.219Z] Fee check: 0.0003 USDC accumulated (0.0003 USDC in escrow)
[2026-05-28T12:12:50.165Z] Fee check: 0.0003 USDC accumulated (0.0003 USDC in escrow)
[2026-05-28T12:13:20.228Z] Fee check: 0.0003 USDC accumulated (0.0003 USDC in escrow)
[2026-05-28T12:13:50.339Z] Fee check: 0.0003 USDC accumulated (0.0003 USDC in escrow)
[2026-05-28T12:14:20.366Z] Fee check: 0.0003 USDC accumulated (0.0003 USDC in escrow)
[2026-05-28T12:14:50.407Z] Fee check: 0.0003 USDC accumulated (0.0003 USDC in escrow)
[2026-05-28T12:15:20.444Z] Fee check: 0.0003 USDC accumulated (0.0003 USDC in escrow)
[2026-05-28T12:15:50.309Z] Fee check: 0.0003 USDC accumulated (0.0003 USDC in escrow)
[2026-05-28T12:16:20.325Z] Fee check: 0.0003 USDC accumulated (0.0003 USDC in escrow)
[2026-05-28T12:16:50.345Z] Fee check: 0.0003 USDC accumulated (0.0003 USDC in escrow)
[2026-05-28T12:17:20.440Z] Fee check: 0.0003 USDC accumulated (0.0003 USDC in escrow)
[2026-05-28T12:17:50.702Z] Fee check: 0.0003 USDC accumulated (0.0003 USDC in escrow)
[2026-05-28T12:18:20.477Z] Fee check: 0.0003 USDC accumulated (0.0003 USDC in escrow)
[2026-05-28T12:18:50.582Z] Fee check: 0.0003 USDC accumulated (0.0003 USDC in escrow)
[2026-05-28T12:19:20.582Z] Fee check: 0.0003 USDC accumulated (0.0003 USDC in escrow)
[2026-05-28T12:19:50.608Z] Fee check: 0.0003 USDC accumulated (0.0003 USDC in escrow)
[2026-05-28T12:20:20.634Z] Fee check: 0.0003 USDC accumulated (0.0003 USDC in escrow)
[2026-05-28T12:20:50.554Z] Fee check: 0.0003 USDC accumulated (0.0003 USDC in escrow)
[2026-05-28T12:21:20.582Z] Fee check: 0.0003 USDC accumulated (0.0003 USDC in escrow)
[2026-05-28T12:21:50.610Z] Fee check: 0.0003 USDC accumulated (0.0003 USDC in escrow)
[2026-05-28T12:22:20.618Z] Fee check: 0.0003 USDC accumulated (0.0003 USDC in escrow)
[2026-05-28T12:22:50.601Z] Fee check: 0.0003 USDC accumulated (0.0003 USDC in escrow)
[2026-05-28T12:23:20.626Z] Fee check: 0.0003 USDC accumulated (0.0003 USDC in escrow)
[2026-05-28T12:23:50.784Z] Fee check: 0.0003 USDC accumulated (0.0003 USDC in escrow)
[2026-05-28T12:24:20.821Z] Fee check: 0.0003 USDC accumulated (0.0003 USDC in escrow)
[2026-05-28T12:24:50.824Z] Fee check: 0.0003 USDC accumulated (0.0003 USDC in escrow)
[2026-05-28T12:25:20.839Z] Fee check: 0.0003 USDC accumulated (0.0003 USDC in escrow)
[2026-05-28T12:25:50.740Z] Fee check: 0.0003 USDC accumulated (0.0003 USDC in escrow)
[2026-05-28T12:26:20.773Z] Fee check: 0.0003 USDC accumulated (0.0003 USDC in escrow)
[2026-05-28T12:26:50.816Z] Fee check: 0.0003 USDC accumulated (0.0003 USDC in escrow)
[2026-05-28T12:27:20.825Z] Fee check: 0.0003 USDC accumulated (0.0003 USDC in escrow)
[2026-05-28T12:27:50.820Z] Fee check: 0.0003 USDC accumulated (0.0003 USDC in escrow)
[2026-05-28T12:28:20.851Z] Fee check: 0.0003 USDC accumulated (0.0003 USDC in escrow)
[2026-05-28T12:28:50.985Z] Fee check: 0.0003 USDC accumulated (0.0003 USDC in escrow)
[2026-05-28T12:29:21.018Z] Fee check: 0.0003 USDC accumulated (0.0003 USDC in escrow)
[2026-05-28T12:29:51.047Z] Fee check: 0.0003 USDC accumulated (0.0003 USDC in escrow)
[2026-05-28T12:30:20.948Z] Fee check: 0.0003 USDC accumulated (0.0003 USDC in escrow)
[2026-05-28T12:30:50.968Z] Fee check: 0.0003 USDC accumulated (0.0003 USDC in escrow)
[2026-05-28T12:31:20.987Z] Fee check: 0.0003 USDC accumulated (0.0003 USDC in escrow)
[2026-05-28T12:31:51.003Z] Fee check: 0.0003 USDC accumulated (0.0003 USDC in escrow)
[2026-05-28T12:32:21.296Z] Fee check: 0.0003 USDC accumulated (0.0003 USDC in escrow)
[2026-05-28T12:32:51.069Z] Fee check: 0.0003 USDC accumulated (0.0003 USDC in escrow)
[2026-05-28T12:33:21.050Z] Fee check: 0.0003 USDC accumulated (0.0003 USDC in escrow)
[2026-05-28T12:33:51.226Z] Fee check: 0.0003 USDC accumulated (0.0003 USDC in escrow)
[2026-05-28T12:34:21.124Z] Fee check: 0.0003 USDC accumulated (0.0003 USDC in escrow)
[2026-05-28T12:34:51.258Z] Fee check: 0.0003 USDC accumulated (0.0003 USDC in escrow)
[2026-05-28T12:35:21.288Z] Fee check: 0.0003 USDC accumulated (0.0003 USDC in escrow)
[2026-05-28T12:35:51.199Z] Fee check: 0.0003 USDC accumulated (0.0003 USDC in escrow)
[2026-05-28T12:36:21.310Z] Fee check: 0.0003 USDC accumulated (0.0003 USDC in escrow)
[2026-05-28T12:36:51.229Z] Fee check: 0.0003 USDC accumulated (0.0003 USDC in escrow)
[2026-05-28T12:37:21.338Z] Fee check: 0.0003 USDC accumulated (0.0003 USDC in escrow)
[2026-05-28T12:37:51.258Z] Fee check: 0.0003 USDC accumulated (0.0003 USDC in escrow)
[2026-05-28T12:38:21.377Z] Fee check: 0.0003 USDC accumulated (0.0003 USDC in escrow)
[2026-05-28T12:38:51.473Z] Fee check: 0.0003 USDC accumulated (0.0003 USDC in escrow)
[2026-05-28T12:39:21.455Z] Fee check: 0.0003 USDC accumulated (0.0003 USDC in escrow)
[2026-05-28T12:39:51.573Z] Fee check: 0.0003 USDC accumulated (0.0003 USDC in escrow)
[2026-05-28T12:40:21.490Z] Fee check: 0.0003 USDC accumulated (0.0003 USDC in escrow)
[2026-05-28T12:40:51.399Z] Fee check: 0.0003 USDC accumulated (0.0003 USDC in escrow)
[2026-05-28T12:41:21.421Z] Fee check: 0.0003 USDC accumulated (0.0003 USDC in escrow)
[2026-05-28T12:41:51.450Z] Fee check: 0.0003 USDC accumulated (0.0003 USDC in escrow)
[2026-05-28T12:42:21.464Z] Fee check: 0.0003 USDC accumulated (0.0003 USDC in escrow)
[2026-05-28T12:42:51.489Z] Fee check: 0.0003 USDC accumulated (0.0003 USDC in escrow)
[2026-05-28T12:43:21.496Z] Fee check: 0.0003 USDC accumulated (0.0003 USDC in escrow)
[2026-05-28T12:43:51.893Z] Fee check: 0.0003 USDC accumulated (0.0003 USDC in escrow)
[2026-05-28T12:44:21.673Z] Fee check: 0.0003 USDC accumulated (0.0003 USDC in escrow)
[2026-05-28T12:44:51.686Z] Fee check: 0.0003 USDC accumulated (0.0003 USDC in escrow)
[2026-05-28T12:45:21.740Z] Fee check: 0.0003 USDC accumulated (0.0003 USDC in escrow)
[2026-05-28T12:45:51.668Z] Fee check: 0.0003 USDC accumulated (0.0003 USDC in escrow)
[2026-05-28T12:46:21.641Z] Fee check: 0.0003 USDC accumulated (0.0003 USDC in escrow)
[2026-05-28T12:46:51.714Z] Fee check: 0.0003 USDC accumulated (0.0003 USDC in escrow)
[2026-05-28T12:47:21.690Z] Fee check: 0.0003 USDC accumulated (0.0003 USDC in escrow)
[2026-05-28T12:47:51.674Z] Fee check: 0.0003 USDC accumulated (0.0003 USDC in escrow)
[2026-05-28T12:48:21.730Z] Fee check: 0.0003 USDC accumulated (0.0003 USDC in escrow)
[2026-05-28T12:48:51.862Z] Fee check: 0.0003 USDC accumulated (0.0003 USDC in escrow)
[2026-05-28T12:49:22.001Z] Fee check: 0.0003 USDC accumulated (0.0003 USDC in escrow)
[2026-05-28T12:49:51.909Z] Fee check: 0.0003 USDC accumulated (0.0003 USDC in escrow)
[2026-05-28T12:50:21.945Z] Fee check: 0.0003 USDC accumulated (0.0003 USDC in escrow)
[2026-05-28T12:50:51.937Z] Fee check: 0.0003 USDC accumulated (0.0003 USDC in escrow)
[2026-05-28T12:51:21.870Z] Fee check: 0.0003 USDC accumulated (0.0003 USDC in escrow)
[2026-05-28T12:51:51.893Z] Fee check: 0.0003 USDC accumulated (0.0003 USDC in escrow)
[2026-05-28T12:52:21.907Z] Fee check: 0.0003 USDC accumulated (0.0003 USDC in escrow)
[2026-05-28T12:52:51.892Z] Fee check: 0.0003 USDC accumulated (0.0003 USDC in escrow)
[2026-05-28T12:53:21.918Z] Fee check: 0.0003 USDC accumulated (0.0003 USDC in escrow)
[2026-05-28T12:53:52.079Z] Fee check: 0.0003 USDC accumulated (0.0003 USDC in escrow)
[2026-05-28T12:54:21.988Z] Fee check: 0.0003 USDC accumulated (0.0003 USDC in escrow)
[2026-05-28T12:54:52.137Z] Fee check: 0.0003 USDC accumulated (0.0003 USDC in escrow)
[2026-05-28T12:55:22.031Z] Fee check: 0.0003 USDC accumulated (0.0003 USDC in escrow)
[2026-05-28T12:55:52.050Z] Fee check: 0.0003 USDC accumulated (0.0003 USDC in escrow)
[2026-05-28T12:56:22.064Z] Fee check: 0.0003 USDC accumulated (0.0003 USDC in escrow)
[2026-05-28T12:56:52.102Z] Fee check: 0.0003 USDC accumulated (0.0003 USDC in escrow)
[2026-05-28T12:57:22.215Z] Fee check: 0.0003 USDC accumulated (0.0003 USDC in escrow)
[2026-05-28T12:57:52.108Z] Fee check: 0.0003 USDC accumulated (0.0003 USDC in escrow)
[2026-05-28T12:58:22.166Z] Fee check: 0.0003 USDC accumulated (0.0003 USDC in escrow)
[2026-05-28T12:58:52.564Z] Fee check: 0.0003 USDC accumulated (0.0003 USDC in escrow)
[2026-05-28T12:59:22.309Z] Fee check: 0.0003 USDC accumulated (0.0003 USDC in escrow)
[2026-05-28T12:59:52.326Z] Fee check: 0.0003 USDC accumulated (0.0003 USDC in escrow)
[2026-05-28T13:00:22.364Z] Fee check: 0.0003 USDC accumulated (0.0003 USDC in escrow)
[2026-05-28T13:00:52.251Z] Fee check: 0.0003 USDC accumulated (0.0003 USDC in escrow)
[2026-05-28T13:01:22.298Z] Fee check: 0.0003 USDC accumulated (0.0003 USDC in escrow)
[2026-05-28T13:01:52.304Z] Fee check: 0.0003 USDC accumulated (0.0003 USDC in escrow)
[2026-05-28T13:02:22.318Z] Fee check: 0.0003 USDC accumulated (0.0003 USDC in escrow)
[2026-05-28T13:02:52.326Z] Fee check: 0.0003 USDC accumulated (0.0003 USDC in escrow)
[2026-05-28T13:03:22.636Z] Fee check: 0.0003 USDC accumulated (0.0003 USDC in escrow)
[2026-05-28T13:03:52.511Z] Fee check: 0.0003 USDC accumulated (0.0003 USDC in escrow)
[2026-05-28T13:04:22.528Z] Fee check: 0.0003 USDC accumulated (0.0003 USDC in escrow)
[2026-05-28T13:04:52.555Z] Fee check: 0.0003 USDC accumulated (0.0003 USDC in escrow)
[2026-05-28T13:05:22.632Z] Fee check: 0.0003 USDC accumulated (0.0003 USDC in escrow)
[2026-05-28T13:05:52.478Z] Fee check: 0.0003 USDC accumulated (0.0003 USDC in escrow)
[2026-05-28T13:06:22.488Z] Fee check: 0.0003 USDC accumulated (0.0003 USDC in escrow)
[2026-05-28T13:06:52.521Z] Fee check: 0.0003 USDC accumulated (0.0003 USDC in escrow)
[2026-05-28T13:07:22.545Z] Fee check: 0.0003 USDC accumulated (0.0003 USDC in escrow)
[2026-05-28T13:07:52.521Z] Fee check: 0.0003 USDC accumulated (0.0003 USDC in escrow)
[2026-05-28T13:08:22.555Z] Fee check: 0.0003 USDC accumulated (0.0003 USDC in escrow)
[2026-05-28T13:08:53.225Z] Fee check: 0.0003 USDC accumulated (0.0003 USDC in escrow)
[2026-05-28T13:09:22.741Z] Fee check: 0.0003 USDC accumulated (0.0003 USDC in escrow)
[2026-05-28T13:09:53.027Z] Fee check: 0.0003 USDC accumulated (0.0003 USDC in escrow)
[2026-05-28T13:10:22.811Z] Fee check: 0.0003 USDC accumulated (0.0003 USDC in escrow)
[2026-05-28T13:10:52.683Z] Fee check: 0.0003 USDC accumulated (0.0003 USDC in escrow)
[2026-05-28T13:11:22.700Z] Fee check: 0.0003 USDC accumulated (0.0003 USDC in escrow)
[2026-05-28T13:11:52.766Z] Fee check: 0.0003 USDC accumulated (0.0003 USDC in escrow)
[2026-05-28T13:12:22.756Z] Fee check: 0.0003 USDC accumulated (0.0003 USDC in escrow)
[2026-05-28T13:12:52.768Z] Fee check: 0.0003 USDC accumulated (0.0003 USDC in escrow)
[2026-05-28T13:13:23.035Z] Fee check: 0.0003 USDC accumulated (0.0003 USDC in escrow)
[2026-05-28T13:13:52.961Z] Fee check: 0.0003 USDC accumulated (0.0003 USDC in escrow)
[2026-05-28T13:14:22.936Z] Fee check: 0.0003 USDC accumulated (0.0003 USDC in escrow)
[2026-05-28T13:14:53.243Z] Fee check: 0.0003 USDC accumulated (0.0003 USDC in escrow)
[2026-05-28T13:15:23.017Z] Fee check: 0.0003 USDC accumulated (0.0003 USDC in escrow)
[2026-05-28T13:15:52.899Z] Fee check: 0.0003 USDC accumulated (0.0003 USDC in escrow)
[2026-05-28T13:16:22.940Z] Fee check: 0.0003 USDC accumulated (0.0003 USDC in escrow)
[2026-05-28T13:16:52.952Z] Fee check: 0.0003 USDC accumulated (0.0003 USDC in escrow)
[2026-05-28T13:17:22.972Z] Fee check: 0.0003 USDC accumulated (0.0003 USDC in escrow)
[2026-05-28T13:17:52.973Z] Fee check: 0.0003 USDC accumulated (0.0003 USDC in escrow)
[2026-05-28T13:18:22.986Z] Fee check: 0.0003 USDC accumulated (0.0003 USDC in escrow)
[2026-05-28T13:18:53.136Z] Fee check: 0.0003 USDC accumulated (0.0003 USDC in escrow)
[2026-05-28T13:19:23.050Z] Fee check: 0.0003 USDC accumulated (0.0003 USDC in escrow)
[2026-05-28T13:19:53.197Z] Fee check: 0.0003 USDC accumulated (0.0003 USDC in escrow)
[2026-05-28T13:20:23.103Z] Fee check: 0.0003 USDC accumulated (0.0003 USDC in escrow)
[2026-05-28T13:20:53.121Z] Fee check: 0.0003 USDC accumulated (0.0003 USDC in escrow)
[2026-05-28T13:21:23.165Z] Fee check: 0.0003 USDC accumulated (0.0003 USDC in escrow)
[2026-05-28T13:21:53.180Z] Fee check: 0.0003 USDC accumulated (0.0003 USDC in escrow)
[2026-05-28T13:22:23.991Z] Fee check: 0.0003 USDC accumulated (0.0003 USDC in escrow)
[2026-05-28T13:22:53.535Z] Fee check: 0.0003 USDC accumulated (0.0003 USDC in escrow)
[2026-05-28T13:23:23.203Z] Fee check: 0.0003 USDC accumulated (0.0003 USDC in escrow)
[2026-05-28T13:23:53.394Z] Fee check: 0.0003 USDC accumulated (0.0003 USDC in escrow)
[2026-05-28T13:24:23.448Z] Fee check: 0.0003 USDC accumulated (0.0003 USDC in escrow)
[2026-05-28T13:24:53.400Z] Fee check: 0.0003 USDC accumulated (0.0003 USDC in escrow)
[2026-05-28T13:25:23.456Z] Fee check: 0.0003 USDC accumulated (0.0003 USDC in escrow)
[2026-05-28T13:25:53.360Z] Fee check: 0.0003 USDC accumulated (0.0003 USDC in escrow)
[2026-05-28T13:26:23.380Z] Fee check: 0.0003 USDC accumulated (0.0003 USDC in escrow)
[2026-05-28T13:26:53.374Z] Fee check: 0.0003 USDC accumulated (0.0003 USDC in escrow)
[2026-05-28T13:27:23.405Z] Fee check: 0.0003 USDC accumulated (0.0003 USDC in escrow)
[2026-05-28T13:27:53.417Z] Fee check: 0.0003 USDC accumulated (0.0003 USDC in escrow)
[2026-05-28T13:28:23.432Z] Fee check: 0.0003 USDC accumulated (0.0003 USDC in escrow)
[2026-05-28T13:28:53.582Z] Fee check: 0.0003 USDC accumulated (0.0003 USDC in escrow)
[2026-05-28T13:29:23.600Z] Fee check: 0.0003 USDC accumulated (0.0003 USDC in escrow)
[2026-05-28T13:29:53.634Z] Fee check: 0.0003 USDC accumulated (0.0003 USDC in escrow)
[2026-05-28T13:30:23.658Z] Fee check: 0.0003 USDC accumulated (0.0003 USDC in escrow)
[2026-05-28T13:30:53.573Z] Fee check: 0.0003 USDC accumulated (0.0003 USDC in escrow)
[2026-05-28T13:31:23.578Z] Fee check: 0.0003 USDC accumulated (0.0003 USDC in escrow)
[2026-05-28T13:31:53.600Z] Fee check: 0.0003 USDC accumulated (0.0003 USDC in escrow)
[2026-05-28T13:32:23.633Z] Fee check: 0.0003 USDC accumulated (0.0003 USDC in escrow)
[2026-05-28T13:32:53.623Z] Fee check: 0.0003 USDC accumulated (0.0003 USDC in escrow)
[2026-05-28T13:33:23.650Z] Fee check: 0.0003 USDC accumulated (0.0003 USDC in escrow)
[2026-05-28T13:33:53.820Z] Fee check: 0.0003 USDC accumulated (0.0003 USDC in escrow)
[2026-05-28T13:34:23.838Z] Fee check: 0.0003 USDC accumulated (0.0003 USDC in escrow)
[2026-05-28T13:34:53.838Z] Fee check: 0.0003 USDC accumulated (0.0003 USDC in escrow)
[2026-05-28T13:35:23.860Z] Fee check: 0.0003 USDC accumulated (0.0003 USDC in escrow)
[2026-05-28T13:35:53.751Z] Fee check: 0.0003 USDC accumulated (0.0003 USDC in escrow)
[2026-05-28T13:36:23.808Z] Fee check: 0.0003 USDC accumulated (0.0003 USDC in escrow)
[2026-05-28T13:36:53.827Z] Fee check: 0.0003 USDC accumulated (0.0003 USDC in escrow)
[2026-05-28T13:37:23.828Z] Fee check: 0.0003 USDC accumulated (0.0003 USDC in escrow)
[2026-05-28T13:37:53.845Z] Fee check: 0.0003 USDC accumulated (0.0003 USDC in escrow)
[2026-05-28T13:38:23.862Z] Fee check: 0.0003 USDC accumulated (0.0003 USDC in escrow)
[2026-05-28T13:38:54.022Z] Fee check: 0.0003 USDC accumulated (0.0003 USDC in escrow)
[2026-05-28T13:39:24.034Z] Fee check: 0.0003 USDC accumulated (0.0003 USDC in escrow)
[2026-05-28T13:39:54.114Z] Fee check: 0.0003 USDC accumulated (0.0003 USDC in escrow)
[2026-05-28T13:40:23.968Z] Fee check: 0.0003 USDC accumulated (0.0003 USDC in escrow)
[2026-05-28T13:40:53.985Z] Fee check: 0.0003 USDC accumulated (0.0003 USDC in escrow)
[2026-05-28T13:41:24.009Z] Fee check: 0.0003 USDC accumulated (0.0003 USDC in escrow)
[2026-05-28T13:41:54.042Z] Fee check: 0.0003 USDC accumulated (0.0003 USDC in escrow)
[2026-05-28T13:42:24.038Z] Fee check: 0.0003 USDC accumulated (0.0003 USDC in escrow)
[2026-05-28T13:42:54.049Z] Fee check: 0.0003 USDC accumulated (0.0003 USDC in escrow)
[2026-05-28T13:43:24.175Z] Fee check: 0.0003 USDC accumulated (0.0003 USDC in escrow)
[2026-05-28T13:43:54.232Z] Fee check: 0.0003 USDC accumulated (0.0003 USDC in escrow)
[2026-05-28T13:44:24.143Z] Fee check: 0.0003 USDC accumulated (0.0003 USDC in escrow)
[2026-05-28T13:44:54.289Z] Fee check: 0.0003 USDC accumulated (0.0003 USDC in escrow)
[2026-05-28T13:45:24.323Z] Fee check: 0.0003 USDC accumulated (0.0003 USDC in escrow)
[2026-05-28T13:45:54.592Z] Fee check: 0.0003 USDC accumulated (0.0003 USDC in escrow)
[2026-05-28T13:46:24.211Z] Fee check: 0.0003 USDC accumulated (0.0003 USDC in escrow)
[2026-05-28T13:46:54.283Z] Fee check: 0.0003 USDC accumulated (0.0003 USDC in escrow)
[2026-05-28T13:47:24.315Z] Fee check: 0.0003 USDC accumulated (0.0003 USDC in escrow)
[2026-05-28T13:47:54.271Z] Fee check: 0.0003 USDC accumulated (0.0003 USDC in escrow)
[2026-05-28T13:48:24.286Z] Fee check: 0.0003 USDC accumulated (0.0003 USDC in escrow)
[2026-05-28T13:48:54.453Z] Fee check: 0.0003 USDC accumulated (0.0003 USDC in escrow)
[2026-05-28T13:49:24.466Z] Fee check: 0.0003 USDC accumulated (0.0003 USDC in escrow)
[2026-05-28T13:49:54.483Z] Fee check: 0.0003 USDC accumulated (0.0003 USDC in escrow)
[2026-05-28T13:50:24.515Z] Fee check: 0.0003 USDC accumulated (0.0003 USDC in escrow)
[2026-05-28T13:50:54.499Z] Fee check: 0.0003 USDC accumulated (0.0003 USDC in escrow)
[2026-05-28T13:51:24.715Z] Fee check: 0.0003 USDC accumulated (0.0003 USDC in escrow)
[2026-05-28T13:51:54.461Z] Fee check: 0.0003 USDC accumulated (0.0003 USDC in escrow)
[2026-05-28T13:52:24.525Z] Fee check: 0.0003 USDC accumulated (0.0003 USDC in escrow)
[2026-05-28T13:52:54.517Z] Fee check: 0.0003 USDC accumulated (0.0003 USDC in escrow)
[2026-05-28T13:53:24.509Z] Fee check: 0.0003 USDC accumulated (0.0003 USDC in escrow)
[2026-05-28T13:53:54.662Z] Fee check: 0.0003 USDC accumulated (0.0003 USDC in escrow)
[2026-05-28T13:54:24.685Z] Fee check: 0.0003 USDC accumulated (0.0003 USDC in escrow)
[2026-05-28T13:54:54.715Z] Fee check: 0.0003 USDC accumulated (0.0003 USDC in escrow)
[2026-05-28T13:55:24.743Z] Fee check: 0.0003 USDC accumulated (0.0003 USDC in escrow)
[2026-05-28T13:55:54.620Z] Fee check: 0.0003 USDC accumulated (0.0003 USDC in escrow)
[2026-05-28T13:56:24.646Z] Fee check: 0.0003 USDC accumulated (0.0003 USDC in escrow)
[2026-05-28T13:56:54.677Z] Fee check: 0.0003 USDC accumulated (0.0003 USDC in escrow)
[2026-05-28T13:57:24.730Z] Fee check: 0.0003 USDC accumulated (0.0003 USDC in escrow)
[2026-05-28T13:57:54.703Z] Fee check: 0.0003 USDC accumulated (0.0003 USDC in escrow)
[2026-05-28T13:58:24.987Z] Fee check: 0.0003 USDC accumulated (0.0003 USDC in escrow)
[2026-05-28T13:58:54.880Z] Fee check: 0.0003 USDC accumulated (0.0003 USDC in escrow)
[2026-05-28T13:59:24.930Z] Fee check: 0.0003 USDC accumulated (0.0003 USDC in escrow)
[2026-05-28T13:59:54.921Z] Fee check: 0.0003 USDC accumulated (0.0003 USDC in escrow)
[2026-05-28T14:00:24.946Z] Fee check: 0.0003 USDC accumulated (0.0003 USDC in escrow)
[2026-05-28T14:00:54.845Z] Fee check: 0.0003 USDC accumulated (0.0003 USDC in escrow)
[2026-05-28T14:01:24.899Z] Fee check: 0.0003 USDC accumulated (0.0003 USDC in escrow)
[2026-05-28T14:01:54.895Z] Fee check: 0.0003 USDC accumulated (0.0003 USDC in escrow)
[2026-05-28T14:02:24.934Z] Fee check: 0.0003 USDC accumulated (0.0003 USDC in escrow)
[2026-05-28T14:02:55.008Z] Fee check: 0.0003 USDC accumulated (0.0003 USDC in escrow)
[2026-05-28T14:03:24.953Z] Fee check: 0.0003 USDC accumulated (0.0003 USDC in escrow)
[2026-05-28T14:03:55.297Z] Fee check: 0.0003 USDC accumulated (0.0003 USDC in escrow)
[2026-05-28T14:04:25.147Z] Fee check: 0.0003 USDC accumulated (0.0003 USDC in escrow)
[2026-05-28T14:04:55.136Z] Fee check: 0.0003 USDC accumulated (0.0003 USDC in escrow)
[2026-05-28T14:05:25.031Z] Fee check: 0.0003 USDC accumulated (0.0003 USDC in escrow)
[2026-05-28T14:05:55.073Z] Fee check: 0.0003 USDC accumulated (0.0003 USDC in escrow)
[2026-05-28T14:06:25.059Z] Fee check: 0.0003 USDC accumulated (0.0003 USDC in escrow)
[2026-05-28T14:06:55.108Z] Fee check: 0.0003 USDC accumulated (0.0003 USDC in escrow)
[2026-05-28T14:07:25.128Z] Fee check: 0.0003 USDC accumulated (0.0003 USDC in escrow)
[2026-05-28T14:07:55.133Z] Fee check: 0.0003 USDC accumulated (0.0003 USDC in escrow)
[2026-05-28T14:08:25.149Z] Fee check: 0.0003 USDC accumulated (0.0003 USDC in escrow)
[2026-05-28T14:08:55.497Z] Fee check: 0.0003 USDC accumulated (0.0003 USDC in escrow)
[2026-05-28T14:09:25.327Z] Fee check: 0.0003 USDC accumulated (0.0003 USDC in escrow)
[2026-05-28T14:09:55.355Z] Fee check: 0.0003 USDC accumulated (0.0003 USDC in escrow)
[2026-05-28T14:10:25.362Z] Fee check: 0.0003 USDC accumulated (0.0003 USDC in escrow)
[2026-05-28T14:10:55.285Z] Fee check: 0.0003 USDC accumulated (0.0003 USDC in escrow)
[2026-05-28T14:11:25.299Z] Fee check: 0.0003 USDC accumulated (0.0003 USDC in escrow)
[2026-05-28T14:11:55.347Z] Fee check: 0.0003 USDC accumulated (0.0003 USDC in escrow)
[2026-05-28T14:12:25.411Z] Fee check: 0.0003 USDC accumulated (0.0003 USDC in escrow)
[2026-05-28T14:12:55.362Z] Fee check: 0.0003 USDC accumulated (0.0003 USDC in escrow)
[2026-05-28T14:13:25.379Z] Fee check: 0.0003 USDC accumulated (0.0003 USDC in escrow)
[2026-05-28T14:13:55.513Z] Fee check: 0.0003 USDC accumulated (0.0003 USDC in escrow)
[2026-05-28T14:14:25.609Z] Fee check: 0.0003 USDC accumulated (0.0003 USDC in escrow)
[2026-05-28T14:14:55.594Z] Fee check: 0.0003 USDC accumulated (0.0003 USDC in escrow)
[2026-05-28T14:15:25.597Z] Fee check: 0.0003 USDC accumulated (0.0003 USDC in escrow)
[2026-05-28T14:15:55.478Z] Fee check: 0.0003 USDC accumulated (0.0003 USDC in escrow)
[2026-05-28T14:16:25.508Z] Fee check: 0.0003 USDC accumulated (0.0003 USDC in escrow)
[2026-05-28T14:16:55.725Z] Fee check: 0.0003 USDC accumulated (0.0003 USDC in escrow)
[2026-05-28T14:17:25.581Z] Fee check: 0.0003 USDC accumulated (0.0003 USDC in escrow)
[2026-05-28T14:17:55.832Z] Fee check: 0.0003 USDC accumulated (0.0003 USDC in escrow)
[2026-05-28T14:18:25.577Z] Fee check: 0.0003 USDC accumulated (0.0003 USDC in escrow)
[2026-05-28T14:18:55.721Z] Fee check: 0.0003 USDC accumulated (0.0003 USDC in escrow)
[2026-05-28T14:19:25.774Z] Fee check: 0.0003 USDC accumulated (0.0003 USDC in escrow)
[2026-05-28T14:19:55.776Z] Fee check: 0.0003 USDC accumulated (0.0003 USDC in escrow)
[2026-05-28T14:20:25.804Z] Fee check: 0.0003 USDC accumulated (0.0003 USDC in escrow)
[2026-05-28T14:20:55.694Z] Fee check: 0.0003 USDC accumulated (0.0003 USDC in escrow)
[2026-05-28T14:21:25.735Z] Fee check: 0.0003 USDC accumulated (0.0003 USDC in escrow)
[2026-05-28T14:21:55.740Z] Fee check: 0.0003 USDC accumulated (0.0003 USDC in escrow)
[2026-05-28T14:22:25.787Z] Fee check: 0.0003 USDC accumulated (0.0003 USDC in escrow)
[2026-05-28T14:22:55.756Z] Fee check: 0.0003 USDC accumulated (0.0003 USDC in escrow)
[2026-05-28T14:23:25.798Z] Fee check: 0.0003 USDC accumulated (0.0003 USDC in escrow)
[2026-05-28T14:23:55.958Z] Fee check: 0.0003 USDC accumulated (0.0003 USDC in escrow)
[2026-05-28T14:24:25.972Z] Fee check: 0.0003 USDC accumulated (0.0003 USDC in escrow)
[2026-05-28T14:24:56.025Z] Fee check: 0.0003 USDC accumulated (0.0003 USDC in escrow)
[2026-05-28T14:25:26.034Z] Fee check: 0.0003 USDC accumulated (0.0003 USDC in escrow)
[2026-05-28T14:25:55.942Z] Fee check: 0.0003 USDC accumulated (0.0003 USDC in escrow)
[2026-05-28T14:26:25.962Z] Fee check: 0.0003 USDC accumulated (0.0003 USDC in escrow)
[2026-05-28T14:26:55.963Z] Fee check: 0.0003 USDC accumulated (0.0003 USDC in escrow)
[2026-05-28T14:27:26.020Z] Fee check: 0.0003 USDC accumulated (0.0003 USDC in escrow)
[2026-05-28T14:27:55.998Z] Fee check: 0.0003 USDC accumulated (0.0003 USDC in escrow)
[2026-05-28T14:28:26.014Z] Fee check: 0.0003 USDC accumulated (0.0003 USDC in escrow)
[2026-05-28T14:28:56.175Z] Fee check: 0.0003 USDC accumulated (0.0003 USDC in escrow)
[2026-05-28T14:29:26.076Z] Fee check: 0.0003 USDC accumulated (0.0003 USDC in escrow)
[2026-05-28T14:29:56.236Z] Fee check: 0.0003 USDC accumulated (0.0003 USDC in escrow)
[2026-05-28T14:30:26.126Z] Fee check: 0.0003 USDC accumulated (0.0003 USDC in escrow)
[2026-05-28T14:30:56.139Z] Fee check: 0.0003 USDC accumulated (0.0003 USDC in escrow)
[2026-05-28T14:31:26.185Z] Fee check: 0.0003 USDC accumulated (0.0003 USDC in escrow)
[2026-05-28T14:31:56.171Z] Fee check: 0.0003 USDC accumulated (0.0003 USDC in escrow)
[2026-05-28T14:32:26.207Z] Fee check: 0.0003 USDC accumulated (0.0003 USDC in escrow)
[2026-05-28T14:32:56.206Z] Fee check: 0.0003 USDC accumulated (0.0003 USDC in escrow)
[2026-05-28T14:33:26.209Z] Fee check: 0.0003 USDC accumulated (0.0003 USDC in escrow)
[2026-05-28T14:33:56.371Z] Fee check: 0.0003 USDC accumulated (0.0003 USDC in escrow)
[2026-05-28T14:34:26.411Z] Fee check: 0.0003 USDC accumulated (0.0003 USDC in escrow)
[2026-05-28T14:34:56.428Z] Fee check: 0.0003 USDC accumulated (0.0003 USDC in escrow)
[2026-05-28T14:35:26.461Z] Fee check: 0.0003 USDC accumulated (0.0003 USDC in escrow)
[2026-05-28T14:35:56.347Z] Fee check: 0.0003 USDC accumulated (0.0003 USDC in escrow)
[2026-05-28T14:36:26.406Z] Fee check: 0.0003 USDC accumulated (0.0003 USDC in escrow)
[2026-05-28T14:36:56.411Z] Fee check: 0.0003 USDC accumulated (0.0003 USDC in escrow)
[2026-05-28T14:37:26.407Z] Fee check: 0.0003 USDC accumulated (0.0003 USDC in escrow)
[2026-05-28T14:37:56.423Z] Fee check: 0.0003 USDC accumulated (0.0003 USDC in escrow)
[2026-05-28T14:38:26.490Z] Fee check: 0.0003 USDC accumulated (0.0003 USDC in escrow)
[2026-05-28T14:38:56.605Z] Fee check: 0.0003 USDC accumulated (0.0003 USDC in escrow)
[2026-05-28T14:39:26.662Z] Fee check: 0.0003 USDC accumulated (0.0003 USDC in escrow)
[2026-05-28T14:39:56.670Z] Fee check: 0.0003 USDC accumulated (0.0003 USDC in escrow)
[2026-05-28T14:40:26.671Z] Fee check: 0.0003 USDC accumulated (0.0003 USDC in escrow)
[2026-05-28T14:40:56.579Z] Fee check: 0.0003 USDC accumulated (0.0003 USDC in escrow)
[2026-05-28T14:41:26.701Z] Fee check: 0.0003 USDC accumulated (0.0003 USDC in escrow)
[2026-05-28T14:41:57.824Z] Fee check: 0.0003 USDC accumulated (0.0003 USDC in escrow)
[2026-05-28T14:42:26.644Z] Fee check: 0.0003 USDC accumulated (0.0003 USDC in escrow)
[2026-05-28T14:42:56.643Z] Fee check: 0.0003 USDC accumulated (0.0003 USDC in escrow)
[2026-05-28T14:43:26.654Z] Fee check: 0.0003 USDC accumulated (0.0003 USDC in escrow)
[2026-05-28T14:43:56.810Z] Fee check: 0.0003 USDC accumulated (0.0003 USDC in escrow)
[2026-05-28T14:44:26.834Z] Fee check: 0.0003 USDC accumulated (0.0003 USDC in escrow)
[2026-05-28T14:44:56.872Z] Fee check: 0.0003 USDC accumulated (0.0003 USDC in escrow)
[2026-05-28T14:45:26.872Z] Fee check: 0.0003 USDC accumulated (0.0003 USDC in escrow)
[2026-05-28T14:45:56.808Z] Fee check: 0.0003 USDC accumulated (0.0003 USDC in escrow)
[2026-05-28T14:46:26.810Z] Fee check: 0.0003 USDC accumulated (0.0003 USDC in escrow)
[2026-05-28T14:46:56.845Z] Fee check: 0.0003 USDC accumulated (0.0003 USDC in escrow)
[2026-05-28T14:47:26.840Z] Fee check: 0.0003 USDC accumulated (0.0003 USDC in escrow)
[2026-05-28T14:47:56.842Z] Fee check: 0.0003 USDC accumulated (0.0003 USDC in escrow)
[2026-05-28T14:48:26.858Z] Fee check: 0.0003 USDC accumulated (0.0003 USDC in escrow)
[2026-05-28T14:48:57.010Z] Fee check: 0.0003 USDC accumulated (0.0003 USDC in escrow)
[2026-05-28T14:49:27.026Z] Fee check: 0.0003 USDC accumulated (0.0003 USDC in escrow)
[2026-05-28T14:49:57.144Z] Fee check: 0.0003 USDC accumulated (0.0003 USDC in escrow)
[2026-05-28T14:50:26.954Z] Fee check: 0.0003 USDC accumulated (0.0003 USDC in escrow)
[2026-05-28T14:50:57.006Z] Fee check: 0.0003 USDC accumulated (0.0003 USDC in escrow)
[2026-05-28T14:51:27.028Z] Fee check: 0.0003 USDC accumulated (0.0003 USDC in escrow)
[2026-05-28T14:51:57.167Z] Fee check: 0.0003 USDC accumulated (0.0003 USDC in escrow)
[2026-05-28T14:52:27.102Z] Fee check: 0.0003 USDC accumulated (0.0003 USDC in escrow)
[2026-05-28T14:52:57.133Z] Fee check: 0.0003 USDC accumulated (0.0003 USDC in escrow)
[2026-05-28T14:53:27.112Z] Fee check: 0.0003 USDC accumulated (0.0003 USDC in escrow)
[2026-05-28T14:53:57.256Z] Fee check: 0.0003 USDC accumulated (0.0003 USDC in escrow)
[2026-05-28T14:54:27.156Z] Fee check: 0.0003 USDC accumulated (0.0003 USDC in escrow)
[2026-05-28T14:54:57.545Z] Fee check: 0.0003 USDC accumulated (0.0003 USDC in escrow)
[2026-05-28T14:55:27.312Z] Fee check: 0.0003 USDC accumulated (0.0003 USDC in escrow)
[2026-05-28T14:55:57.268Z] Fee check: 0.0003 USDC accumulated (0.0003 USDC in escrow)
[2026-05-28T14:56:27.288Z] Fee check: 0.0003 USDC accumulated (0.0003 USDC in escrow)
[2026-05-28T14:56:57.250Z] Fee check: 0.0003 USDC accumulated (0.0003 USDC in escrow)
[2026-05-28T14:57:27.282Z] Fee check: 0.0003 USDC accumulated (0.0003 USDC in escrow)
[2026-05-28T14:57:57.316Z] Fee check: 0.0003 USDC accumulated (0.0003 USDC in escrow)
[2026-05-28T14:58:27.288Z] Fee check: 0.0003 USDC accumulated (0.0003 USDC in escrow)
[2026-05-28T14:58:57.453Z] Fee check: 0.0003 USDC accumulated (0.0003 USDC in escrow)
[2026-05-28T14:59:27.469Z] Fee check: 0.0003 USDC accumulated (0.0003 USDC in escrow)
[2026-05-28T14:59:57.607Z] Fee check: 0.0003 USDC accumulated (0.0003 USDC in escrow)
[2026-05-28T15:00:27.532Z] Fee check: 0.0003 USDC accumulated (0.0003 USDC in escrow)
[2026-05-28T15:00:57.450Z] Fee check: 0.0003 USDC accumulated (0.0003 USDC in escrow)
[2026-05-28T15:01:27.447Z] Fee check: 0.0003 USDC accumulated (0.0003 USDC in escrow)
[2026-05-28T15:01:57.469Z] Fee check: 0.0003 USDC accumulated (0.0003 USDC in escrow)
[2026-05-28T15:02:27.519Z] Fee check: 0.0003 USDC accumulated (0.0003 USDC in escrow)
[2026-05-28T15:02:57.504Z] Fee check: 0.0003 USDC accumulated (0.0003 USDC in escrow)
[2026-05-28T15:03:27.533Z] Fee check: 0.0003 USDC accumulated (0.0003 USDC in escrow)
[2026-05-28T15:03:57.662Z] Fee check: 0.0003 USDC accumulated (0.0003 USDC in escrow)
[2026-05-28T15:04:27.716Z] Fee check: 0.0003 USDC accumulated (0.0003 USDC in escrow)
[2026-05-28T15:04:57.725Z] Fee check: 0.0003 USDC accumulated (0.0003 USDC in escrow)
[2026-05-28T15:05:27.756Z] Fee check: 0.0003 USDC accumulated (0.0003 USDC in escrow)
[2026-05-28T15:05:57.640Z] Fee check: 0.0003 USDC accumulated (0.0003 USDC in escrow)
[2026-05-28T15:06:27.666Z] Fee check: 0.0003 USDC accumulated (0.0003 USDC in escrow)
[2026-05-28T15:06:57.686Z] Fee check: 0.0003 USDC accumulated (0.0003 USDC in escrow)
[2026-05-28T15:07:27.715Z] Fee check: 0.0003 USDC accumulated (0.0003 USDC in escrow)
[2026-05-28T15:07:57.700Z] Fee check: 0.0003 USDC accumulated (0.0003 USDC in escrow)
[2026-05-28T15:08:27.728Z] Fee check: 0.0003 USDC accumulated (0.0003 USDC in escrow)
[2026-05-28T15:08:57.945Z] Fee check: 0.0003 USDC accumulated (0.0003 USDC in escrow)
[2026-05-28T15:09:27.900Z] Fee check: 0.0003 USDC accumulated (0.0003 USDC in escrow)
[2026-05-28T15:09:57.920Z] Fee check: 0.0003 USDC accumulated (0.0003 USDC in escrow)
[2026-05-28T15:10:27.984Z] Fee check: 0.0003 USDC accumulated (0.0003 USDC in escrow)
[2026-05-28T15:10:57.861Z] Fee check: 0.0003 USDC accumulated (0.0003 USDC in escrow)
[2026-05-28T15:11:27.892Z] Fee check: 0.0003 USDC accumulated (0.0003 USDC in escrow)
[2026-05-28T15:11:57.897Z] Fee check: 0.0003 USDC accumulated (0.0003 USDC in escrow)
[2026-05-28T15:12:27.926Z] Fee check: 0.0003 USDC accumulated (0.0003 USDC in escrow)
[2026-05-28T15:12:57.934Z] Fee check: 0.0003 USDC accumulated (0.0003 USDC in escrow)
[2026-05-28T15:13:27.962Z] Fee check: 0.0003 USDC accumulated (0.0003 USDC in escrow)
[2026-05-28T15:13:58.113Z] Fee check: 0.0003 USDC accumulated (0.0003 USDC in escrow)
[2026-05-28T15:14:28.009Z] Fee check: 0.0003 USDC accumulated (0.0003 USDC in escrow)
[2026-05-28T15:14:58.229Z] Fee check: 0.0003 USDC accumulated (0.0003 USDC in escrow)
[2026-05-28T15:15:28.036Z] Fee check: 0.0003 USDC accumulated (0.0003 USDC in escrow)
[2026-05-28T15:15:58.185Z] Fee check: 0.0003 USDC accumulated (0.0003 USDC in escrow)
[2026-05-28T15:16:28.097Z] Fee check: 0.0003 USDC accumulated (0.0003 USDC in escrow)
[2026-05-28T15:16:58.133Z] Fee check: 0.0003 USDC accumulated (0.0003 USDC in escrow)
[2026-05-28T15:17:28.137Z] Fee check: 0.0003 USDC accumulated (0.0003 USDC in escrow)
[2026-05-28T15:17:58.145Z] Fee check: 0.0003 USDC accumulated (0.0003 USDC in escrow)
[2026-05-28T15:18:28.160Z] Fee check: 0.0003 USDC accumulated (0.0003 USDC in escrow)
[2026-05-28T15:18:58.321Z] Fee check: 0.0003 USDC accumulated (0.0003 USDC in escrow)
[2026-05-28T15:19:28.355Z] Fee check: 0.0003 USDC accumulated (0.0003 USDC in escrow)
[2026-05-28T15:19:58.363Z] Fee check: 0.0003 USDC accumulated (0.0003 USDC in escrow)
[2026-05-28T15:20:28.380Z] Fee check: 0.0003 USDC accumulated (0.0003 USDC in escrow)
[2026-05-28T15:20:58.299Z] Fee check: 0.0003 USDC accumulated (0.0003 USDC in escrow)
[2026-05-28T15:21:28.328Z] Fee check: 0.0003 USDC accumulated (0.0003 USDC in escrow)
[2026-05-28T15:21:58.344Z] Fee check: 0.0003 USDC accumulated (0.0003 USDC in escrow)
[2026-05-28T15:22:28.366Z] Fee check: 0.0003 USDC accumulated (0.0003 USDC in escrow)
[2026-05-28T15:22:58.368Z] Fee check: 0.0003 USDC accumulated (0.0003 USDC in escrow)
[2026-05-28T15:23:28.367Z] Fee check: 0.0003 USDC accumulated (0.0003 USDC in escrow)
[2026-05-28T15:23:58.522Z] Fee check: 0.0003 USDC accumulated (0.0003 USDC in escrow)
[2026-05-28T15:24:28.581Z] Fee check: 0.0003 USDC accumulated (0.0003 USDC in escrow)
[2026-05-28T15:24:58.577Z] Fee check: 0.0003 USDC accumulated (0.0003 USDC in escrow)
[2026-05-28T15:25:28.588Z] Fee check: 0.0003 USDC accumulated (0.0003 USDC in escrow)
[2026-05-28T15:25:58.521Z] Fee check: 0.0003 USDC accumulated (0.0003 USDC in escrow)
[2026-05-28T15:26:28.541Z] Fee check: 0.0003 USDC accumulated (0.0003 USDC in escrow)
[2026-05-28T15:26:58.559Z] Fee check: 0.0003 USDC accumulated (0.0003 USDC in escrow)
[2026-05-28T15:27:28.587Z] Fee check: 0.0003 USDC accumulated (0.0003 USDC in escrow)
[2026-05-28T15:27:58.914Z] Fee check: 0.0003 USDC accumulated (0.0003 USDC in escrow)
[2026-05-28T15:28:28.608Z] Fee check: 0.0003 USDC accumulated (0.0003 USDC in escrow)
[2026-05-28T15:28:58.795Z] Fee check: 0.0003 USDC accumulated (0.0003 USDC in escrow)
[2026-05-28T15:29:28.786Z] Fee check: 0.0003 USDC accumulated (0.0003 USDC in escrow)
[2026-05-28T15:29:58.830Z] Fee check: 0.0003 USDC accumulated (0.0003 USDC in escrow)
[2026-05-28T15:30:28.822Z] Fee check: 0.0003 USDC accumulated (0.0003 USDC in escrow)
[2026-05-28T15:30:58.795Z] Fee check: 0.0003 USDC accumulated (0.0003 USDC in escrow)
[2026-05-28T15:31:28.755Z] Fee check: 0.0003 USDC accumulated (0.0003 USDC in escrow)
[2026-05-28T15:31:58.757Z] Fee check: 0.0003 USDC accumulated (0.0003 USDC in escrow)
[2026-05-28T15:32:28.785Z] Fee check: 0.0003 USDC accumulated (0.0003 USDC in escrow)
[2026-05-28T15:32:58.798Z] Fee check: 0.0003 USDC accumulated (0.0003 USDC in escrow)
[2026-05-28T15:33:28.830Z] Fee check: 0.0003 USDC accumulated (0.0003 USDC in escrow)
[2026-05-28T15:33:58.951Z] Fee check: 0.0003 USDC accumulated (0.0003 USDC in escrow)
[2026-05-28T15:34:28.996Z] Fee check: 0.0003 USDC accumulated (0.0003 USDC in escrow)
[2026-05-28T15:34:59.014Z] Fee check: 0.0003 USDC accumulated (0.0003 USDC in escrow)
[2026-05-28T15:35:29.044Z] Fee check: 0.0003 USDC accumulated (0.0003 USDC in escrow)
[2026-05-28T15:35:58.977Z] Fee check: 0.0003 USDC accumulated (0.0003 USDC in escrow)
[2026-05-28T15:36:28.973Z] Fee check: 0.0003 USDC accumulated (0.0003 USDC in escrow)
[2026-05-28T15:36:59.026Z] Fee check: 0.0003 USDC accumulated (0.0003 USDC in escrow)
[2026-05-28T15:37:29.016Z] Fee check: 0.0003 USDC accumulated (0.0003 USDC in escrow)
[2026-05-28T15:37:59.005Z] Fee check: 0.0003 USDC accumulated (0.0003 USDC in escrow)
[2026-05-28T15:38:29.042Z] Fee check: 0.0003 USDC accumulated (0.0003 USDC in escrow)
[2026-05-28T15:38:59.272Z] Fee check: 0.0003 USDC accumulated (0.0003 USDC in escrow)
[2026-05-28T15:39:29.116Z] Fee check: 0.0003 USDC accumulated (0.0003 USDC in escrow)
[2026-05-28T15:39:59.279Z] Fee check: 0.0003 USDC accumulated (0.0003 USDC in escrow)
[2026-05-28T15:40:29.192Z] Fee check: 0.0003 USDC accumulated (0.0003 USDC in escrow)
[2026-05-28T15:40:59.234Z] Fee check: 0.0003 USDC accumulated (0.0003 USDC in escrow)
[2026-05-28T15:41:29.268Z] Fee check: 0.0003 USDC accumulated (0.0003 USDC in escrow)
[2026-05-28T15:41:59.255Z] Fee check: 0.0003 USDC accumulated (0.0003 USDC in escrow)
[2026-05-28T15:42:29.228Z] Fee check: 0.0003 USDC accumulated (0.0003 USDC in escrow)
[2026-05-28T15:42:59.223Z] Fee check: 0.0003 USDC accumulated (0.0003 USDC in escrow)
[2026-05-28T15:43:29.308Z] Fee check: 0.0003 USDC accumulated (0.0003 USDC in escrow)
[2026-05-28T15:43:59.396Z] Fee check: 0.0003 USDC accumulated (0.0003 USDC in escrow)
[2026-05-28T15:44:29.454Z] Fee check: 0.0003 USDC accumulated (0.0003 USDC in escrow)
[2026-05-28T15:44:59.442Z] Fee check: 0.0003 USDC accumulated (0.0003 USDC in escrow)
[2026-05-28T15:45:29.474Z] Fee check: 0.0003 USDC accumulated (0.0003 USDC in escrow)
[2026-05-28T15:45:59.375Z] Fee check: 0.0003 USDC accumulated (0.0003 USDC in escrow)
[2026-05-28T15:46:29.427Z] Fee check: 0.0003 USDC accumulated (0.0003 USDC in escrow)
[2026-05-28T15:46:59.404Z] Fee check: 0.0003 USDC accumulated (0.0003 USDC in escrow)
[2026-05-28T15:47:29.433Z] Fee check: 0.0003 USDC accumulated (0.0003 USDC in escrow)
[2026-05-28T15:47:59.528Z] Fee check: 0.0003 USDC accumulated (0.0003 USDC in escrow)
[2026-05-28T15:48:29.470Z] Fee check: 0.0003 USDC accumulated (0.0003 USDC in escrow)
[2026-05-28T15:48:59.674Z] Fee check: 0.0003 USDC accumulated (0.0003 USDC in escrow)
[2026-05-28T15:49:29.665Z] Fee check: 0.0003 USDC accumulated (0.0003 USDC in escrow)
[2026-05-28T15:49:59.660Z] Fee check: 0.0003 USDC accumulated (0.0003 USDC in escrow)
[2026-05-28T15:50:29.718Z] Fee check: 0.0003 USDC accumulated (0.0003 USDC in escrow)
[2026-05-28T15:50:59.584Z] Fee check: 0.0003 USDC accumulated (0.0003 USDC in escrow)
[2026-05-28T15:51:29.600Z] Fee check: 0.0003 USDC accumulated (0.0003 USDC in escrow)
[2026-05-28T15:51:59.613Z] Fee check: 0.0003 USDC accumulated (0.0003 USDC in escrow)
[2026-05-28T15:52:29.709Z] Fee check: 0.0003 USDC accumulated (0.0003 USDC in escrow)
[2026-05-28T15:52:59.960Z] Fee check: 0.0003 USDC accumulated (0.0003 USDC in escrow)
[2026-05-28T15:53:29.670Z] Fee check: 0.0003 USDC accumulated (0.0003 USDC in escrow)
[2026-05-28T15:53:59.806Z] Fee check: 0.0003 USDC accumulated (0.0003 USDC in escrow)
[2026-05-28T15:54:29.836Z] Fee check: 0.0003 USDC accumulated (0.0003 USDC in escrow)
[2026-05-28T15:54:59.862Z] Fee check: 0.0003 USDC accumulated (0.0003 USDC in escrow)
[2026-05-28T15:55:29.886Z] Fee check: 0.0003 USDC accumulated (0.0003 USDC in escrow)
[2026-05-28T15:55:59.779Z] Fee check: 0.0003 USDC accumulated (0.0003 USDC in escrow)
[2026-05-28T15:56:29.828Z] Fee check: 0.0003 USDC accumulated (0.0003 USDC in escrow)
[2026-05-28T15:56:59.843Z] Fee check: 0.0003 USDC accumulated (0.0003 USDC in escrow)
[2026-05-28T15:57:29.856Z] Fee check: 0.0003 USDC accumulated (0.0003 USDC in escrow)
[2026-05-28T15:58:00.241Z] Fee check: 0.0003 USDC accumulated (0.0003 USDC in escrow)
[2026-05-28T15:58:29.913Z] Fee check: 0.0003 USDC accumulated (0.0003 USDC in escrow)
[2026-05-28T15:59:00.076Z] Fee check: 0.0003 USDC accumulated (0.0003 USDC in escrow)
[2026-05-28T15:59:29.960Z] Fee check: 0.0003 USDC accumulated (0.0003 USDC in escrow)
[2026-05-28T16:00:00.113Z] Fee check: 0.0003 USDC accumulated (0.0003 USDC in escrow)
[2026-05-28T16:00:30.005Z] Fee check: 0.0003 USDC accumulated (0.0003 USDC in escrow)
[2026-05-28T16:01:00.042Z] Fee check: 0.0003 USDC accumulated (0.0003 USDC in escrow)
[2026-05-28T16:01:30.067Z] Fee check: 0.0003 USDC accumulated (0.0003 USDC in escrow)
[2026-05-28T16:02:00.116Z] Fee check: 0.0003 USDC accumulated (0.0003 USDC in escrow)
[2026-05-28T16:02:30.176Z] Fee check: 0.0003 USDC accumulated (0.0003 USDC in escrow)
[2026-05-28T16:03:00.750Z] Fee check: 0.0003 USDC accumulated (0.0003 USDC in escrow)
[2026-05-28T16:03:30.130Z] Fee check: 0.0003 USDC accumulated (0.0003 USDC in escrow)
[2026-05-28T16:04:00.277Z] Fee check: 0.0003 USDC accumulated (0.0003 USDC in escrow)
[2026-05-28T16:04:30.311Z] Fee check: 0.0003 USDC accumulated (0.0003 USDC in escrow)
[2026-05-28T16:05:00.348Z] Fee check: 0.0003 USDC accumulated (0.0003 USDC in escrow)
[2026-05-28T16:05:30.344Z] Fee check: 0.0003 USDC accumulated (0.0003 USDC in escrow)
[2026-05-28T16:06:00.257Z] Fee check: 0.0003 USDC accumulated (0.0003 USDC in escrow)
[2026-05-28T16:06:30.289Z] Fee check: 0.0003 USDC accumulated (0.0003 USDC in escrow)
[2026-05-28T16:07:00.332Z] Fee check: 0.0003 USDC accumulated (0.0003 USDC in escrow)
[2026-05-28T16:07:30.309Z] Fee check: 0.0003 USDC accumulated (0.0003 USDC in escrow)
[2026-05-28T16:08:00.358Z] Fee check: 0.0003 USDC accumulated (0.0003 USDC in escrow)
[2026-05-28T16:08:30.370Z] Fee check: 0.0003 USDC accumulated (0.0003 USDC in escrow)
[2026-05-28T16:09:00.739Z] Fee check: 0.0003 USDC accumulated (0.0003 USDC in escrow)
[2026-05-28T16:09:30.513Z] Fee check: 0.0003 USDC accumulated (0.0003 USDC in escrow)
[2026-05-28T16:10:00.551Z] Fee check: 0.0003 USDC accumulated (0.0003 USDC in escrow)
[2026-05-28T16:10:30.552Z] Fee check: 0.0003 USDC accumulated (0.0003 USDC in escrow)
[2026-05-28T16:11:00.459Z] Fee check: 0.0003 USDC accumulated (0.0003 USDC in escrow)
[2026-05-28T16:11:30.482Z] Fee check: 0.0003 USDC accumulated (0.0003 USDC in escrow)
[2026-05-28T16:12:00.783Z] Fee check: 0.0003 USDC accumulated (0.0003 USDC in escrow)
[2026-05-28T16:12:30.526Z] Fee check: 0.0003 USDC accumulated (0.0003 USDC in escrow)
[2026-05-28T16:13:00.521Z] Fee check: 0.0003 USDC accumulated (0.0003 USDC in escrow)
[2026-05-28T16:13:30.552Z] Fee check: 0.0003 USDC accumulated (0.0003 USDC in escrow)
[2026-05-28T16:14:00.721Z] Fee check: 0.0003 USDC accumulated (0.0003 USDC in escrow)
[2026-05-28T16:14:31.004Z] Fee check: 0.0003 USDC accumulated (0.0003 USDC in escrow)
[2026-05-28T16:15:00.759Z] Fee check: 0.0003 USDC accumulated (0.0003 USDC in escrow)
[2026-05-28T16:15:30.769Z] Fee check: 0.0003 USDC accumulated (0.0003 USDC in escrow)
[2026-05-28T16:16:00.954Z] Fee check: 0.0003 USDC accumulated (0.0003 USDC in escrow)
[2026-05-28T16:16:30.737Z] Fee check: 0.0003 USDC accumulated (0.0003 USDC in escrow)
[2026-05-28T16:17:00.726Z] Fee check: 0.0003 USDC accumulated (0.0003 USDC in escrow)
[2026-05-28T16:17:30.801Z] Fee check: 0.0003 USDC accumulated (0.0003 USDC in escrow)
[2026-05-28T16:18:00.754Z] Fee check: 0.0003 USDC accumulated (0.0003 USDC in escrow)
[2026-05-28T16:18:30.764Z] Fee check: 0.0003 USDC accumulated (0.0003 USDC in escrow)
[2026-05-28T16:19:00.948Z] Fee check: 0.0003 USDC accumulated (0.0003 USDC in escrow)
[2026-05-28T16:19:30.950Z] Fee check: 0.0003 USDC accumulated (0.0003 USDC in escrow)
[2026-05-28T16:20:00.963Z] Fee check: 0.0003 USDC accumulated (0.0003 USDC in escrow)
[2026-05-28T16:20:31.005Z] Fee check: 0.0003 USDC accumulated (0.0003 USDC in escrow)
[2026-05-28T16:21:00.878Z] Fee check: 0.0003 USDC accumulated (0.0003 USDC in escrow)
[2026-05-28T16:21:31.197Z] Fee check: 0.0003 USDC accumulated (0.0003 USDC in escrow)
[2026-05-28T16:22:00.935Z] Fee check: 0.0003 USDC accumulated (0.0003 USDC in escrow)
[2026-05-28T16:22:30.955Z] Fee check: 0.0003 USDC accumulated (0.0003 USDC in escrow)
[2026-05-28T16:23:01.234Z] Fee check: 0.0003 USDC accumulated (0.0003 USDC in escrow)
[2026-05-28T16:23:30.976Z] Fee check: 0.0003 USDC accumulated (0.0003 USDC in escrow)
[2026-05-28T16:24:01.141Z] Fee check: 0.0003 USDC accumulated (0.0003 USDC in escrow)
[2026-05-28T16:24:31.026Z] Fee check: 0.0003 USDC accumulated (0.0003 USDC in escrow)
[2026-05-28T16:25:01.480Z] Fee check: 0.0003 USDC accumulated (0.0003 USDC in escrow)
[2026-05-28T16:25:31.077Z] Fee check: 0.0003 USDC accumulated (0.0003 USDC in escrow)
[2026-05-28T16:26:01.137Z] Fee check: 0.0003 USDC accumulated (0.0003 USDC in escrow)
[2026-05-28T16:26:31.175Z] Fee check: 0.0003 USDC accumulated (0.0003 USDC in escrow)
[2026-05-28T16:27:01.174Z] Fee check: 0.0003 USDC accumulated (0.0003 USDC in escrow)
[2026-05-28T16:27:31.236Z] Fee check: 0.0003 USDC accumulated (0.0003 USDC in escrow)
[2026-05-28T16:28:01.198Z] Fee check: 0.0003 USDC accumulated (0.0003 USDC in escrow)
[2026-05-28T16:28:31.191Z] Fee check: 0.0003 USDC accumulated (0.0003 USDC in escrow)
[2026-05-28T16:29:01.339Z] Fee check: 0.0003 USDC accumulated (0.0003 USDC in escrow)
[2026-05-28T16:29:31.447Z] Fee check: 0.0003 USDC accumulated (0.0003 USDC in escrow)
[2026-05-28T16:30:01.684Z] Fee check: 0.0003 USDC accumulated (0.0003 USDC in escrow)
[2026-05-28T16:30:31.437Z] Fee check: 0.0003 USDC accumulated (0.0003 USDC in escrow)
[2026-05-28T16:31:01.316Z] Fee check: 0.0003 USDC accumulated (0.0003 USDC in escrow)
[2026-05-28T16:31:31.322Z] Fee check: 0.0003 USDC accumulated (0.0003 USDC in escrow)
[2026-05-28T16:32:01.396Z] Fee check: 0.0003 USDC accumulated (0.0003 USDC in escrow)
[2026-05-28T16:32:31.433Z] Fee check: 0.0003 USDC accumulated (0.0003 USDC in escrow)
[2026-05-28T16:33:01.392Z] Fee check: 0.0003 USDC accumulated (0.0003 USDC in escrow)
[2026-05-28T16:33:31.440Z] Fee check: 0.0003 USDC accumulated (0.0003 USDC in escrow)
[2026-05-28T16:34:01.860Z] Fee check: 0.0003 USDC accumulated (0.0003 USDC in escrow)
[2026-05-28T16:34:31.600Z] Fee check: 0.0003 USDC accumulated (0.0003 USDC in escrow)
[2026-05-28T16:35:01.626Z] Fee check: 0.0003 USDC accumulated (0.0003 USDC in escrow)
[2026-05-28T16:35:31.684Z] Fee check: 0.0003 USDC accumulated (0.0003 USDC in escrow)
[2026-05-28T16:36:01.543Z] Fee check: 0.0003 USDC accumulated (0.0003 USDC in escrow)
[2026-05-28T16:36:31.829Z] Fee check: 0.0003 USDC accumulated (0.0003 USDC in escrow)
[2026-05-28T16:37:01.588Z] Fee check: 0.0003 USDC accumulated (0.0003 USDC in escrow)
[2026-05-28T16:37:31.608Z] Fee check: 0.0003 USDC accumulated (0.0003 USDC in escrow)
[2026-05-28T16:38:01.915Z] Fee check: 0.0003 USDC accumulated (0.0003 USDC in escrow)
[2026-05-28T16:38:31.617Z] Fee check: 0.0003 USDC accumulated (0.0003 USDC in escrow)
[2026-05-28T16:39:02.169Z] Fee check: 0.0003 USDC accumulated (0.0003 USDC in escrow)
[2026-05-28T16:39:31.827Z] Fee check: 0.0003 USDC accumulated (0.0003 USDC in escrow)
[2026-05-28T16:40:01.840Z] Fee check: 0.0003 USDC accumulated (0.0003 USDC in escrow)
[2026-05-28T16:40:31.895Z] Fee check: 0.0003 USDC accumulated (0.0003 USDC in escrow)
[2026-05-28T16:41:02.060Z] Fee check: 0.0003 USDC accumulated (0.0003 USDC in escrow)
[2026-05-28T16:41:31.777Z] Fee check: 0.0003 USDC accumulated (0.0003 USDC in escrow)
[2026-05-28T16:42:01.788Z] Fee check: 0.0003 USDC accumulated (0.0003 USDC in escrow)
[2026-05-28T16:42:31.809Z] Fee check: 0.0003 USDC accumulated (0.0003 USDC in escrow)
[2026-05-28T16:43:01.809Z] Fee check: 0.0003 USDC accumulated (0.0003 USDC in escrow)
[2026-05-28T16:43:31.837Z] Fee check: 0.0003 USDC accumulated (0.0003 USDC in escrow)
[2026-05-28T16:44:02.006Z] Fee check: 0.0003 USDC accumulated (0.0003 USDC in escrow)
[2026-05-28T16:44:32.020Z] Fee check: 0.0003 USDC accumulated (0.0003 USDC in escrow)
[2026-05-28T16:45:02.085Z] Fee check: 0.0003 USDC accumulated (0.0003 USDC in escrow)
[2026-05-28T16:45:31.939Z] Fee check: 0.0003 USDC accumulated (0.0003 USDC in escrow)
[2026-05-28T16:46:01.979Z] Fee check: 0.0003 USDC accumulated (0.0003 USDC in escrow)
[2026-05-28T16:46:31.991Z] Fee check: 0.0003 USDC accumulated (0.0003 USDC in escrow)
[2026-05-28T16:47:02.038Z] Fee check: 0.0003 USDC accumulated (0.0003 USDC in escrow)
[2026-05-28T16:47:32.036Z] Fee check: 0.0003 USDC accumulated (0.0003 USDC in escrow)
[2026-05-28T16:48:02.087Z] Fee check: 0.0003 USDC accumulated (0.0003 USDC in escrow)
[2026-05-28T16:48:32.038Z] Fee check: 0.0003 USDC accumulated (0.0003 USDC in escrow)
[2026-05-28T16:49:02.280Z] Fee check: 0.0003 USDC accumulated (0.0003 USDC in escrow)
[2026-05-28T16:49:32.182Z] Fee check: 0.0003 USDC accumulated (0.0003 USDC in escrow)
[2026-05-28T16:50:02.273Z] Fee check: 0.0003 USDC accumulated (0.0003 USDC in escrow)
[2026-05-28T16:50:32.281Z] Fee check: 0.0003 USDC accumulated (0.0003 USDC in escrow)
[2026-05-28T16:51:02.192Z] Fee check: 0.0003 USDC accumulated (0.0003 USDC in escrow)
[2026-05-28T16:51:32.219Z] Fee check: 0.0003 USDC accumulated (0.0003 USDC in escrow)
[2026-05-28T16:52:02.228Z] Fee check: 0.0003 USDC accumulated (0.0003 USDC in escrow)
[2026-05-28T16:52:32.248Z] Fee check: 0.0003 USDC accumulated (0.0003 USDC in escrow)
[2026-05-28T16:53:02.264Z] Fee check: 0.0003 USDC accumulated (0.0003 USDC in escrow)
[2026-05-28T16:53:32.268Z] Fee check: 0.0003 USDC accumulated (0.0003 USDC in escrow)
[2026-05-28T16:54:02.423Z] Fee check: 0.0003 USDC accumulated (0.0003 USDC in escrow)
[2026-05-28T16:54:32.447Z] Fee check: 0.0003 USDC accumulated (0.0003 USDC in escrow)
[2026-05-28T16:55:02.482Z] Fee check: 0.0003 USDC accumulated (0.0003 USDC in escrow)
[2026-05-28T16:55:32.525Z] Fee check: 0.0003 USDC accumulated (0.0003 USDC in escrow)
[2026-05-28T16:56:02.392Z] Fee check: 0.0003 USDC accumulated (0.0003 USDC in escrow)
[2026-05-28T16:56:32.427Z] Fee check: 0.0003 USDC accumulated (0.0003 USDC in escrow)
[2026-05-28T16:57:02.442Z] Fee check: 0.0003 USDC accumulated (0.0003 USDC in escrow)
[2026-05-28T16:57:32.529Z] Fee check: 0.0003 USDC accumulated (0.0003 USDC in escrow)
[2026-05-28T16:58:02.478Z] Fee check: 0.0003 USDC accumulated (0.0003 USDC in escrow)
[2026-05-28T16:58:32.514Z] Fee check: 0.0003 USDC accumulated (0.0003 USDC in escrow)
[2026-05-28T16:59:02.759Z] Fee check: 0.0003 USDC accumulated (0.0003 USDC in escrow)
[2026-05-28T16:59:32.682Z] Fee check: 0.0003 USDC accumulated (0.0003 USDC in escrow)
[2026-05-28T17:00:02.706Z] Fee check: 0.0003 USDC accumulated (0.0003 USDC in escrow)
[2026-05-28T17:00:32.717Z] Fee check: 0.0003 USDC accumulated (0.0003 USDC in escrow)
[2026-05-28T17:01:02.607Z] Fee check: 0.0003 USDC accumulated (0.0003 USDC in escrow)
[2026-05-28T17:01:32.649Z] Fee check: 0.0003 USDC accumulated (0.0003 USDC in escrow)
[2026-05-28T17:02:02.680Z] Fee check: 0.0003 USDC accumulated (0.0003 USDC in escrow)
[2026-05-28T17:02:32.678Z] Fee check: 0.0003 USDC accumulated (0.0003 USDC in escrow)
[2026-05-28T17:03:02.666Z] Fee check: 0.0003 USDC accumulated (0.0003 USDC in escrow)
[2026-05-28T17:03:32.797Z] Fee check: 0.0003 USDC accumulated (0.0003 USDC in escrow)
[2026-05-28T17:04:02.879Z] Fee check: 0.0003 USDC accumulated (0.0003 USDC in escrow)
[2026-05-28T17:04:33.160Z] Fee check: 0.0003 USDC accumulated (0.0003 USDC in escrow)
[2026-05-28T17:05:02.929Z] Fee check: 0.0003 USDC accumulated (0.0003 USDC in escrow)
[2026-05-28T17:05:32.928Z] Fee check: 0.0003 USDC accumulated (0.0003 USDC in escrow)
[2026-05-28T17:06:02.821Z] Fee check: 0.0003 USDC accumulated (0.0003 USDC in escrow)
[2026-05-28T17:06:32.877Z] Fee check: 0.0003 USDC accumulated (0.0003 USDC in escrow)
[2026-05-28T17:07:02.862Z] Fee check: 0.0003 USDC accumulated (0.0003 USDC in escrow)
[2026-05-28T17:07:32.888Z] Fee check: 0.0003 USDC accumulated (0.0003 USDC in escrow)
[2026-05-28T17:08:02.929Z] Fee check: 0.0003 USDC accumulated (0.0003 USDC in escrow)
[2026-05-28T17:08:32.918Z] Fee check: 0.0003 USDC accumulated (0.0003 USDC in escrow)
[2026-05-28T17:09:03.094Z] Fee check: 0.0003 USDC accumulated (0.0003 USDC in escrow)
[2026-05-28T17:09:32.963Z] Fee check: 0.0003 USDC accumulated (0.0003 USDC in escrow)
[2026-05-28T17:10:03.132Z] Fee check: 0.0003 USDC accumulated (0.0003 USDC in escrow)
[2026-05-28T17:10:33.077Z] Fee check: 0.0003 USDC accumulated (0.0003 USDC in escrow)
[2026-05-28T17:11:03.059Z] Fee check: 0.0003 USDC accumulated (0.0003 USDC in escrow)
[2026-05-28T17:11:33.070Z] Fee check: 0.0003 USDC accumulated (0.0003 USDC in escrow)
[2026-05-28T17:12:03.068Z] Fee check: 0.0003 USDC accumulated (0.0003 USDC in escrow)
[2026-05-28T17:12:33.092Z] Fee check: 0.0003 USDC accumulated (0.0003 USDC in escrow)
[2026-05-28T17:13:03.170Z] Fee check: 0.0003 USDC accumulated (0.0003 USDC in escrow)
[2026-05-28T17:13:33.128Z] Fee check: 0.0003 USDC accumulated (0.0003 USDC in escrow)
[2026-05-28T17:14:03.274Z] Fee check: 0.0003 USDC accumulated (0.0003 USDC in escrow)
[2026-05-28T17:14:33.305Z] Fee check: 0.0003 USDC accumulated (0.0003 USDC in escrow)
[2026-05-28T17:15:03.347Z] Fee check: 0.0003 USDC accumulated (0.0003 USDC in escrow)
[2026-05-28T17:15:33.368Z] Fee check: 0.0003 USDC accumulated (0.0003 USDC in escrow)
[2026-05-28T17:16:03.289Z] Fee check: 0.0003 USDC accumulated (0.0003 USDC in escrow)
[2026-05-28T17:16:33.280Z] Fee check: 0.0003 USDC accumulated (0.0003 USDC in escrow)
[2026-05-28T17:17:03.339Z] Fee check: 0.0003 USDC accumulated (0.0003 USDC in escrow)
[2026-05-28T17:17:33.326Z] Fee check: 0.0003 USDC accumulated (0.0003 USDC in escrow)
[2026-05-28T17:18:03.346Z] Fee check: 0.0003 USDC accumulated (0.0003 USDC in escrow)
[2026-05-28T17:18:33.372Z] Fee check: 0.0003 USDC accumulated (0.0003 USDC in escrow)
[2026-05-28T17:19:03.504Z] Fee check: 0.0003 USDC accumulated (0.0003 USDC in escrow)
[2026-05-28T17:19:33.516Z] Fee check: 0.0003 USDC accumulated (0.0003 USDC in escrow)
[2026-05-28T17:20:03.558Z] Fee check: 0.0003 USDC accumulated (0.0003 USDC in escrow)
[2026-05-28T17:20:33.583Z] Fee check: 0.0003 USDC accumulated (0.0003 USDC in escrow)
[2026-05-28T17:21:03.489Z] Fee check: 0.0003 USDC accumulated (0.0003 USDC in escrow)
[2026-05-28T17:21:33.486Z] Fee check: 0.0003 USDC accumulated (0.0003 USDC in escrow)
[2026-05-28T17:22:03.504Z] Fee check: 0.0003 USDC accumulated (0.0003 USDC in escrow)
[2026-05-28T17:22:33.554Z] Fee check: 0.0003 USDC accumulated (0.0003 USDC in escrow)
[2026-05-28T17:23:03.548Z] Fee check: 0.0003 USDC accumulated (0.0003 USDC in escrow)
[2026-05-28T17:23:33.572Z] Fee check: 0.0003 USDC accumulated (0.0003 USDC in escrow)
[2026-05-28T17:24:03.717Z] Fee check: 0.0003 USDC accumulated (0.0003 USDC in escrow)
[2026-05-28T17:24:33.895Z] Fee check: 0.0003 USDC accumulated (0.0003 USDC in escrow)
[2026-05-28T17:25:03.796Z] Fee check: 0.0003 USDC accumulated (0.0003 USDC in escrow)
[2026-05-28T17:25:33.859Z] Fee check: 0.0003 USDC accumulated (0.0003 USDC in escrow)
[2026-05-28T17:26:03.975Z] Fee check: 0.0003 USDC accumulated (0.0003 USDC in escrow)
[2026-05-28T17:26:33.805Z] Fee check: 0.0003 USDC accumulated (0.0003 USDC in escrow)
[2026-05-28T17:27:03.759Z] Fee check: 0.0003 USDC accumulated (0.0003 USDC in escrow)
[2026-05-28T17:27:33.756Z] Fee check: 0.0003 USDC accumulated (0.0003 USDC in escrow)
[2026-05-28T17:28:03.773Z] Fee check: 0.0003 USDC accumulated (0.0003 USDC in escrow)
[2026-05-28T17:28:33.813Z] Fee check: 0.0003 USDC accumulated (0.0003 USDC in escrow)
[2026-05-28T17:29:03.807Z] Fee check: 0.0003 USDC accumulated (0.0003 USDC in escrow)
[2026-05-28T17:29:33.953Z] Fee check: 0.0003 USDC accumulated (0.0003 USDC in escrow)
[2026-05-28T17:30:03.993Z] Fee check: 0.0003 USDC accumulated (0.0003 USDC in escrow)
[2026-05-28T17:30:33.990Z] Fee check: 0.0003 USDC accumulated (0.0003 USDC in escrow)
[2026-05-28T17:31:03.929Z] Fee check: 0.0003 USDC accumulated (0.0003 USDC in escrow)
[2026-05-28T17:31:34.031Z] Fee check: 0.0003 USDC accumulated (0.0003 USDC in escrow)
[2026-05-28T17:32:03.946Z] Fee check: 0.0003 USDC accumulated (0.0003 USDC in escrow)
[2026-05-28T17:32:34.071Z] Fee check: 0.0003 USDC accumulated (0.0003 USDC in escrow)
[2026-05-28T17:33:03.973Z] Fee check: 0.0003 USDC accumulated (0.0003 USDC in escrow)
[2026-05-28T17:33:33.986Z] Fee check: 0.0003 USDC accumulated (0.0003 USDC in escrow)
[2026-05-28T17:34:04.020Z] Fee check: 0.0003 USDC accumulated (0.0003 USDC in escrow)
[2026-05-28T17:34:34.155Z] Fee check: 0.0003 USDC accumulated (0.0003 USDC in escrow)
[2026-05-28T17:35:04.257Z] Fee check: 0.0003 USDC accumulated (0.0003 USDC in escrow)
[2026-05-28T17:35:34.096Z] Fee check: 0.0003 USDC accumulated (0.0003 USDC in escrow)
[2026-05-28T17:36:04.103Z] Fee check: 0.0003 USDC accumulated (0.0003 USDC in escrow)
[2026-05-28T17:36:34.147Z] Fee check: 0.0003 USDC accumulated (0.0003 USDC in escrow)
[2026-05-28T17:37:04.161Z] Fee check: 0.0003 USDC accumulated (0.0003 USDC in escrow)
[2026-05-28T17:37:34.593Z] Fee check: 0.0003 USDC accumulated (0.0003 USDC in escrow)
[2026-05-28T17:38:04.212Z] Fee check: 0.0003 USDC accumulated (0.0003 USDC in escrow)
[2026-05-28T17:38:34.203Z] Fee check: 0.0003 USDC accumulated (0.0003 USDC in escrow)
[2026-05-28T17:39:04.242Z] Fee check: 0.0003 USDC accumulated (0.0003 USDC in escrow)
[2026-05-28T17:39:34.397Z] Fee check: 0.0003 USDC accumulated (0.0003 USDC in escrow)
[2026-05-28T17:40:04.566Z] Fee check: 0.0003 USDC accumulated (0.0003 USDC in escrow)
[2026-05-28T17:40:34.444Z] Fee check: 0.0003 USDC accumulated (0.0003 USDC in escrow)
[2026-05-28T17:41:04.328Z] Fee check: 0.0003 USDC accumulated (0.0003 USDC in escrow)
[2026-05-28T17:41:34.353Z] Fee check: 0.0003 USDC accumulated (0.0003 USDC in escrow)
[2026-05-28T17:42:04.372Z] Fee check: 0.0003 USDC accumulated (0.0003 USDC in escrow)
[2026-05-28T17:42:34.429Z] Fee check: 0.0003 USDC accumulated (0.0003 USDC in escrow)
[2026-05-28T17:43:04.454Z] Fee check: 0.0003 USDC accumulated (0.0003 USDC in escrow)
[2026-05-28T17:43:34.483Z] Fee check: 0.0003 USDC accumulated (0.0003 USDC in escrow)
[2026-05-28T17:44:04.455Z] Fee check: 0.0003 USDC accumulated (0.0003 USDC in escrow)
[2026-05-28T17:44:34.509Z] Fee check: 0.0003 USDC accumulated (0.0003 USDC in escrow)
[2026-05-28T17:45:05.108Z] Fee check: 0.0003 USDC accumulated (0.0003 USDC in escrow)
[2026-05-28T17:45:34.668Z] Fee check: 0.0003 USDC accumulated (0.0003 USDC in escrow)
[2026-05-28T17:46:04.568Z] Fee check: 0.0003 USDC accumulated (0.0003 USDC in escrow)
[2026-05-28T17:46:34.559Z] Fee check: 0.0003 USDC accumulated (0.0003 USDC in escrow)
[2026-05-28T17:47:04.602Z] Fee check: 0.0003 USDC accumulated (0.0003 USDC in escrow)
[2026-05-28T17:47:34.599Z] Fee check: 0.0003 USDC accumulated (0.0003 USDC in escrow)
[2026-05-28T17:48:04.626Z] Fee check: 0.0003 USDC accumulated (0.0003 USDC in escrow)
[2026-05-28T17:48:34.642Z] Fee check: 0.0003 USDC accumulated (0.0003 USDC in escrow)
[2026-05-28T17:49:04.690Z] Fee check: 0.0003 USDC accumulated (0.0003 USDC in escrow)
[2026-05-28T17:49:34.714Z] Fee check: 0.0003 USDC accumulated (0.0003 USDC in escrow)
[2026-05-28T17:50:04.847Z] Fee check: 0.0003 USDC accumulated (0.0003 USDC in escrow)
[2026-05-28T17:50:34.995Z] Fee check: 0.0003 USDC accumulated (0.0003 USDC in escrow)
[2026-05-28T17:51:04.754Z] Fee check: 0.0003 USDC accumulated (0.0003 USDC in escrow)
[2026-05-28T17:51:34.803Z] Fee check: 0.0003 USDC accumulated (0.0003 USDC in escrow)
[2026-05-28T17:52:04.816Z] Fee check: 0.0003 USDC accumulated (0.0003 USDC in escrow)
[2026-05-28T17:52:35.339Z] Fee check: 0.0003 USDC accumulated (0.0003 USDC in escrow)
[2026-05-28T17:53:04.851Z] Fee check: 0.0003 USDC accumulated (0.0003 USDC in escrow)
[2026-05-28T17:53:34.854Z] Fee check: 0.0003 USDC accumulated (0.0003 USDC in escrow)
[2026-05-28T17:54:04.909Z] Fee check: 0.0003 USDC accumulated (0.0003 USDC in escrow)
[2026-05-28T17:54:34.917Z] Fee check: 0.0003 USDC accumulated (0.0003 USDC in escrow)
[2026-05-28T17:55:05.067Z] Fee check: 0.0003 USDC accumulated (0.0003 USDC in escrow)
[2026-05-28T17:55:34.961Z] Fee check: 0.0003 USDC accumulated (0.0003 USDC in escrow)
[2026-05-28T17:56:05.110Z] Fee check: 0.0003 USDC accumulated (0.0003 USDC in escrow)
[2026-05-28T17:56:34.997Z] Fee check: 0.0003 USDC accumulated (0.0003 USDC in escrow)
[2026-05-28T17:57:05.021Z] Fee check: 0.0003 USDC accumulated (0.0003 USDC in escrow)
[2026-05-28T17:57:35.864Z] Fee check: 0.0003 USDC accumulated (0.0003 USDC in escrow)
[2026-05-28T17:58:05.060Z] Fee check: 0.0003 USDC accumulated (0.0003 USDC in escrow)
[2026-05-28T17:58:35.080Z] Fee check: 0.0003 USDC accumulated (0.0003 USDC in escrow)
[2026-05-28T17:59:05.106Z] Fee check: 0.0003 USDC accumulated (0.0003 USDC in escrow)
[2026-05-28T17:59:35.116Z] Fee check: 0.0003 USDC accumulated (0.0003 USDC in escrow)
[2026-05-28T18:00:05.327Z] Fee check: 0.0003 USDC accumulated (0.0003 USDC in escrow)
[2026-05-28T18:00:35.312Z] Fee check: 0.0003 USDC accumulated (0.0003 USDC in escrow)
[2026-05-28T18:01:05.331Z] Fee check: 0.0003 USDC accumulated (0.0003 USDC in escrow)
[2026-05-28T18:01:35.218Z] Fee check: 0.0003 USDC accumulated (0.0003 USDC in escrow)
[2026-05-28T18:02:05.264Z] Fee check: 0.0003 USDC accumulated (0.0003 USDC in escrow)
[2026-05-28T18:02:35.253Z] Fee check: 0.0003 USDC accumulated (0.0003 USDC in escrow)
[2026-05-28T18:03:05.287Z] Fee check: 0.0003 USDC accumulated (0.0003 USDC in escrow)
[2026-05-28T18:03:35.300Z] Fee check: 0.0003 USDC accumulated (0.0003 USDC in escrow)
[2026-05-28T18:04:05.391Z] Fee check: 0.0003 USDC accumulated (0.0003 USDC in escrow)
[2026-05-28T18:04:35.350Z] Fee check: 0.0003 USDC accumulated (0.0003 USDC in escrow)
[2026-05-28T18:05:05.499Z] Fee check: 0.0003 USDC accumulated (0.0003 USDC in escrow)
[2026-05-28T18:05:35.515Z] Fee check: 0.0003 USDC accumulated (0.0003 USDC in escrow)
[2026-05-28T18:06:05.414Z] Fee check: 0.0003 USDC accumulated (0.0003 USDC in escrow)
[2026-05-28T18:06:35.828Z] Fee check: 0.0003 USDC accumulated (0.0003 USDC in escrow)
[2026-05-28T18:07:05.458Z] Fee check: 0.0003 USDC accumulated (0.0003 USDC in escrow)
[2026-05-28T18:07:35.487Z] Fee check: 0.0003 USDC accumulated (0.0003 USDC in escrow)
[2026-05-28T18:08:05.515Z] Fee check: 0.0003 USDC accumulated (0.0003 USDC in escrow)
[2026-05-28T18:08:35.521Z] Fee check: 0.0003 USDC accumulated (0.0003 USDC in escrow)
[2026-05-28T18:09:05.542Z] Fee check: 0.0003 USDC accumulated (0.0003 USDC in escrow)
[2026-05-28T18:09:35.561Z] Fee check: 0.0003 USDC accumulated (0.0003 USDC in escrow)
[2026-05-28T18:10:05.719Z] Fee check: 0.0003 USDC accumulated (0.0003 USDC in escrow)
[2026-05-28T18:10:35.732Z] Fee check: 0.0003 USDC accumulated (0.0003 USDC in escrow)
[2026-05-28T18:11:05.632Z] Fee check: 0.0003 USDC accumulated (0.0003 USDC in escrow)
[2026-05-28T18:11:35.755Z] Fee check: 0.0003 USDC accumulated (0.0003 USDC in escrow)
[2026-05-28T18:12:05.813Z] Fee check: 0.0003 USDC accumulated (0.0003 USDC in escrow)
[2026-05-28T18:12:35.695Z] Fee check: 0.0003 USDC accumulated (0.0003 USDC in escrow)
[2026-05-28T18:13:05.685Z] Fee check: 0.0003 USDC accumulated (0.0003 USDC in escrow)
[2026-05-28T18:13:35.780Z] Fee check: 0.0003 USDC accumulated (0.0003 USDC in escrow)
[2026-05-28T18:14:05.769Z] Fee check: 0.0003 USDC accumulated (0.0003 USDC in escrow)
[2026-05-28T18:14:35.814Z] Fee check: 0.0003 USDC accumulated (0.0003 USDC in escrow)
[2026-05-28T18:15:05.930Z] Fee check: 0.0003 USDC accumulated (0.0003 USDC in escrow)
[2026-05-28T18:15:35.945Z] Fee check: 0.0003 USDC accumulated (0.0003 USDC in escrow)
[2026-05-28T18:16:05.953Z] Fee check: 0.0003 USDC accumulated (0.0003 USDC in escrow)
[2026-05-28T18:16:35.981Z] Fee check: 0.0003 USDC accumulated (0.0003 USDC in escrow)
[2026-05-28T18:17:06.012Z] Fee check: 0.0003 USDC accumulated (0.0003 USDC in escrow)
[2026-05-28T18:17:35.932Z] Fee check: 0.0003 USDC accumulated (0.0003 USDC in escrow)
[2026-05-28T18:18:05.916Z] Fee check: 0.0003 USDC accumulated (0.0003 USDC in escrow)
[2026-05-28T18:18:35.992Z] Fee check: 0.0003 USDC accumulated (0.0003 USDC in escrow)
[2026-05-28T18:19:05.983Z] Fee check: 0.0003 USDC accumulated (0.0003 USDC in escrow)
[2026-05-28T18:19:35.991Z] Fee check: 0.0003 USDC accumulated (0.0003 USDC in escrow)
[2026-05-28T18:20:06.168Z] Fee check: 0.0003 USDC accumulated (0.0003 USDC in escrow)
[2026-05-28T18:20:36.051Z] Fee check: 0.0003 USDC accumulated (0.0003 USDC in escrow)
[2026-05-28T18:21:06.052Z] Fee check: 0.0003 USDC accumulated (0.0003 USDC in escrow)
[2026-05-28T18:21:36.213Z] Fee check: 0.0003 USDC accumulated (0.0003 USDC in escrow)
[2026-05-28T18:22:06.099Z] Fee check: 0.0003 USDC accumulated (0.0003 USDC in escrow)
[2026-05-28T18:22:36.159Z] Fee check: 0.0003 USDC accumulated (0.0003 USDC in escrow)
[2026-05-28T18:23:06.125Z] Fee check: 0.0003 USDC accumulated (0.0003 USDC in escrow)
[2026-05-28T18:23:36.173Z] Fee check: 0.0003 USDC accumulated (0.0003 USDC in escrow)
[2026-05-28T18:24:06.190Z] Fee check: 0.0003 USDC accumulated (0.0003 USDC in escrow)
[2026-05-28T18:24:36.249Z] Fee check: 0.0003 USDC accumulated (0.0003 USDC in escrow)
[2026-05-28T18:25:06.388Z] Fee check: 0.0003 USDC accumulated (0.0003 USDC in escrow)
[2026-05-28T18:25:36.392Z] Fee check: 0.0003 USDC accumulated (0.0003 USDC in escrow)
[2026-05-28T18:26:06.289Z] Fee check: 0.0003 USDC accumulated (0.0003 USDC in escrow)
[2026-05-28T18:26:36.434Z] Fee check: 0.0003 USDC accumulated (0.0003 USDC in escrow)
[2026-05-28T18:27:06.493Z] Fee check: 0.0003 USDC accumulated (0.0003 USDC in escrow)
[2026-05-28T18:27:36.357Z] Fee check: 0.0003 USDC accumulated (0.0003 USDC in escrow)
[2026-05-28T18:28:06.357Z] Fee check: 0.0003 USDC accumulated (0.0003 USDC in escrow)
[2026-05-28T18:28:36.636Z] Fee check: 0.0003 USDC accumulated (0.0003 USDC in escrow)
[2026-05-28T18:29:06.390Z] Fee check: 0.0003 USDC accumulated (0.0003 USDC in escrow)
[2026-05-28T18:29:36.425Z] Fee check: 0.0003 USDC accumulated (0.0003 USDC in escrow)
[2026-05-28T18:30:06.556Z] Fee check: 0.0003 USDC accumulated (0.0003 USDC in escrow)
[2026-05-28T18:30:36.601Z] Fee check: 0.0003 USDC accumulated (0.0003 USDC in escrow)
[2026-05-28T18:31:06.495Z] Fee check: 0.0003 USDC accumulated (0.0003 USDC in escrow)
[2026-05-28T18:31:36.653Z] Fee check: 0.0003 USDC accumulated (0.0003 USDC in escrow)
[2026-05-28T18:32:06.670Z] Fee check: 0.0003 USDC accumulated (0.0003 USDC in escrow)
[2026-05-28T18:32:36.591Z] Fee check: 0.0003 USDC accumulated (0.0003 USDC in escrow)
[2026-05-28T18:33:06.568Z] Fee check: 0.0003 USDC accumulated (0.0003 USDC in escrow)
[2026-05-28T18:33:36.574Z] Fee check: 0.0003 USDC accumulated (0.0003 USDC in escrow)
[2026-05-28T18:34:06.601Z] Fee check: 0.0003 USDC accumulated (0.0003 USDC in escrow)
[2026-05-28T18:34:36.616Z] Fee check: 0.0003 USDC accumulated (0.0003 USDC in escrow)
[2026-05-28T18:35:06.783Z] Fee check: 0.0003 USDC accumulated (0.0003 USDC in escrow)
[2026-05-28T18:35:37.087Z] Fee check: 0.0003 USDC accumulated (0.0003 USDC in escrow)
[2026-05-28T18:36:06.756Z] Fee check: 0.0003 USDC accumulated (0.0003 USDC in escrow)
[2026-05-28T18:36:36.879Z] Fee check: 0.0003 USDC accumulated (0.0003 USDC in escrow)
[2026-05-28T18:37:06.882Z] Fee check: 0.0003 USDC accumulated (0.0003 USDC in escrow)
[2026-05-28T18:37:36.776Z] Fee check: 0.0003 USDC accumulated (0.0003 USDC in escrow)
[2026-05-28T18:38:06.775Z] Fee check: 0.0003 USDC accumulated (0.0003 USDC in escrow)
[2026-05-28T18:38:37.058Z] Fee check: 0.0003 USDC accumulated (0.0003 USDC in escrow)
[2026-05-28T18:39:06.835Z] Fee check: 0.0003 USDC accumulated (0.0003 USDC in escrow)
[2026-05-28T18:39:36.848Z] Fee check: 0.0003 USDC accumulated (0.0003 USDC in escrow)
[2026-05-28T18:40:07.006Z] Fee check: 0.0003 USDC accumulated (0.0003 USDC in escrow)
[2026-05-28T18:40:37.039Z] Fee check: 0.0003 USDC accumulated (0.0003 USDC in escrow)
[2026-05-28T18:41:07.188Z] Fee check: 0.0003 USDC accumulated (0.0003 USDC in escrow)
[2026-05-28T18:41:37.141Z] Fee check: 0.0003 USDC accumulated (0.0003 USDC in escrow)
[2026-05-28T18:42:06.968Z] Fee check: 0.0003 USDC accumulated (0.0003 USDC in escrow)
[2026-05-28T18:42:37.003Z] Fee check: 0.0003 USDC accumulated (0.0003 USDC in escrow)
[2026-05-28T18:43:06.985Z] Fee check: 0.0003 USDC accumulated (0.0003 USDC in escrow)
[2026-05-28T18:43:37.316Z] Fee check: 0.0003 USDC accumulated (0.0003 USDC in escrow)
[2026-05-28T18:44:07.049Z] Fee check: 0.0003 USDC accumulated (0.0003 USDC in escrow)
[2026-05-28T18:44:37.070Z] Fee check: 0.0003 USDC accumulated (0.0003 USDC in escrow)
[2026-05-28T18:45:07.249Z] Fee check: 0.0003 USDC accumulated (0.0003 USDC in escrow)
[2026-05-28T18:45:37.118Z] Fee check: 0.0003 USDC accumulated (0.0003 USDC in escrow)
[2026-05-28T18:46:07.134Z] Fee check: 0.0003 USDC accumulated (0.0003 USDC in escrow)
[2026-05-28T18:46:37.293Z] Fee check: 0.0003 USDC accumulated (0.0003 USDC in escrow)
[2026-05-28T18:47:07.320Z] Fee check: 0.0003 USDC accumulated (0.0003 USDC in escrow)
[2026-05-28T18:47:37.233Z] Fee check: 0.0003 USDC accumulated (0.0003 USDC in escrow)
[2026-05-28T18:48:08.991Z] Fee check: 0.0003 USDC accumulated (0.0003 USDC in escrow)
[2026-05-28T18:48:37.226Z] Fee check: 0.0003 USDC accumulated (0.0003 USDC in escrow)
[2026-05-28T18:49:07.266Z] Fee check: 0.0003 USDC accumulated (0.0003 USDC in escrow)
[2026-05-28T18:49:37.585Z] Fee check: 0.0003 USDC accumulated (0.0003 USDC in escrow)
[2026-05-28T18:50:07.428Z] Fee check: 0.0003 USDC accumulated (0.0003 USDC in escrow)
[2026-05-28T18:50:37.489Z] Fee check: 0.0003 USDC accumulated (0.0003 USDC in escrow)
[2026-05-28T18:51:07.358Z] Fee check: 0.0003 USDC accumulated (0.0003 USDC in escrow)
[2026-05-28T18:51:37.494Z] Fee check: 0.0003 USDC accumulated (0.0003 USDC in escrow)
[2026-05-28T18:52:07.517Z] Fee check: 0.0003 USDC accumulated (0.0003 USDC in escrow)
[2026-05-28T18:52:37.426Z] Fee check: 0.0003 USDC accumulated (0.0003 USDC in escrow)
[2026-05-28T18:53:07.582Z] Fee check: 0.0003 USDC accumulated (0.0003 USDC in escrow)
[2026-05-28T18:53:37.486Z] Fee check: 0.0003 USDC accumulated (0.0003 USDC in escrow)
[2026-05-28T18:54:07.756Z] Fee check: 0.0003 USDC accumulated (0.0003 USDC in escrow)
[2026-05-28T18:54:37.493Z] Fee check: 0.0003 USDC accumulated (0.0003 USDC in escrow)
[2026-05-28T18:55:07.680Z] Fee check: 0.0003 USDC accumulated (0.0003 USDC in escrow)
[2026-05-28T18:55:37.696Z] Fee check: 0.0003 USDC accumulated (0.0003 USDC in escrow)
[2026-05-28T18:56:07.613Z] Fee check: 0.0003 USDC accumulated (0.0003 USDC in escrow)
[2026-05-28T18:56:37.735Z] Fee check: 0.0003 USDC accumulated (0.0003 USDC in escrow)
[2026-05-28T18:57:07.795Z] Fee check: 0.0003 USDC accumulated (0.0003 USDC in escrow)
[2026-05-28T18:57:37.647Z] Fee check: 0.0003 USDC accumulated (0.0003 USDC in escrow)
[2026-05-28T18:58:07.687Z] Fee check: 0.0003 USDC accumulated (0.0003 USDC in escrow)
[2026-05-28T18:58:37.706Z] Fee check: 0.0003 USDC accumulated (0.0003 USDC in escrow)
[2026-05-28T18:59:07.990Z] Fee check: 0.0003 USDC accumulated (0.0003 USDC in escrow)
[2026-05-28T18:59:37.738Z] Fee check: 0.0003 USDC accumulated (0.0003 USDC in escrow)
[2026-05-28T19:00:07.898Z] Fee check: 0.0003 USDC accumulated (0.0003 USDC in escrow)
[2026-05-28T19:00:37.913Z] Fee check: 0.0003 USDC accumulated (0.0003 USDC in escrow)
[2026-05-28T19:01:07.823Z] Fee check: 0.0003 USDC accumulated (0.0003 USDC in escrow)
[2026-05-28T19:01:37.948Z] Fee check: 0.0003 USDC accumulated (0.0003 USDC in escrow)
[2026-05-28T19:02:07.865Z] Fee check: 0.0003 USDC accumulated (0.0003 USDC in escrow)
[2026-05-28T19:02:37.889Z] Fee check: 0.0003 USDC accumulated (0.0003 USDC in escrow)
[2026-05-28T19:03:07.915Z] Fee check: 0.0003 USDC accumulated (0.0003 USDC in escrow)
[2026-05-28T19:03:37.903Z] Fee check: 0.0003 USDC accumulated (0.0003 USDC in escrow)
[2026-05-28T19:04:07.952Z] Fee check: 0.0003 USDC accumulated (0.0003 USDC in escrow)
[2026-05-28T19:04:37.948Z] Fee check: 0.0003 USDC accumulated (0.0003 USDC in escrow)
[2026-05-28T19:05:08.112Z] Fee check: 0.0003 USDC accumulated (0.0003 USDC in escrow)
[2026-05-28T19:05:38.286Z] Fee check: 0.0003 USDC accumulated (0.0003 USDC in escrow)
[2026-05-28T19:06:08.023Z] Fee check: 0.0003 USDC accumulated (0.0003 USDC in escrow)
[2026-05-28T19:06:38.166Z] Fee check: 0.0003 USDC accumulated (0.0003 USDC in escrow)
[2026-05-28T19:07:08.094Z] Fee check: 0.0003 USDC accumulated (0.0003 USDC in escrow)
[2026-05-28T19:07:38.092Z] Fee check: 0.0003 USDC accumulated (0.0003 USDC in escrow)
[2026-05-28T19:08:08.122Z] Fee check: 0.0003 USDC accumulated (0.0003 USDC in escrow)
[2026-05-28T19:08:38.135Z] Fee check: 0.0003 USDC accumulated (0.0003 USDC in escrow)
[2026-05-28T19:09:08.142Z] Fee check: 0.0003 USDC accumulated (0.0003 USDC in escrow)
[2026-05-28T19:09:38.176Z] Fee check: 0.0003 USDC accumulated (0.0003 USDC in escrow)
[2026-05-28T19:10:08.719Z] Fee check: 0.0003 USDC accumulated (0.0003 USDC in escrow)
[2026-05-28T19:10:38.343Z] Fee check: 0.0003 USDC accumulated (0.0003 USDC in escrow)
[2026-05-28T19:11:08.242Z] Fee check: 0.0003 USDC accumulated (0.0003 USDC in escrow)
[2026-05-28T19:11:38.389Z] Fee check: 0.0003 USDC accumulated (0.0003 USDC in escrow)
[2026-05-28T19:12:08.466Z] Fee check: 0.0003 USDC accumulated (0.0003 USDC in escrow)
[2026-05-28T19:12:38.316Z] Fee check: 0.0003 USDC accumulated (0.0003 USDC in escrow)
[2026-05-28T19:13:08.614Z] Fee check: 0.0003 USDC accumulated (0.0003 USDC in escrow)
[2026-05-28T19:13:38.350Z] Fee check: 0.0003 USDC accumulated (0.0003 USDC in escrow)
[2026-05-28T19:14:08.355Z] Fee check: 0.0003 USDC accumulated (0.0003 USDC in escrow)
[2026-05-28T19:14:38.389Z] Fee check: 0.0003 USDC accumulated (0.0003 USDC in escrow)
[2026-05-28T19:15:08.527Z] Fee check: 0.0003 USDC accumulated (0.0003 USDC in escrow)
[2026-05-28T19:15:38.843Z] Fee check: 0.0003 USDC accumulated (0.0003 USDC in escrow)
[2026-05-28T19:16:08.460Z] Fee check: 0.0003 USDC accumulated (0.0003 USDC in escrow)
[2026-05-28T19:16:38.640Z] Fee check: 0.0003 USDC accumulated (0.0003 USDC in escrow)
[2026-05-28T19:17:08.648Z] Fee check: 0.0003 USDC accumulated (0.0003 USDC in escrow)
[2026-05-28T19:17:38.529Z] Fee check: 0.0003 USDC accumulated (0.0003 USDC in escrow)
[2026-05-28T19:18:08.846Z] Fee check: 0.0003 USDC accumulated (0.0003 USDC in escrow)
[2026-05-28T19:18:38.553Z] Fee check: 0.0003 USDC accumulated (0.0003 USDC in escrow)
[2026-05-28T19:19:08.595Z] Fee check: 0.0003 USDC accumulated (0.0003 USDC in escrow)
[2026-05-28T19:19:38.692Z] Fee check: 0.0003 USDC accumulated (0.0003 USDC in escrow)
[2026-05-28T19:20:09.017Z] Fee check: 0.0003 USDC accumulated (0.0003 USDC in escrow)
[2026-05-28T19:20:38.785Z] Fee check: 0.0003 USDC accumulated (0.0003 USDC in escrow)
[2026-05-28T19:21:08.708Z] Fee check: 0.0003 USDC accumulated (0.0003 USDC in escrow)
[2026-05-28T19:21:38.820Z] Fee check: 0.0003 USDC accumulated (0.0003 USDC in escrow)
[2026-05-28T19:22:08.845Z] Fee check: 0.0003 USDC accumulated (0.0003 USDC in escrow)
[2026-05-28T19:22:38.757Z] Fee check: 0.0003 USDC accumulated (0.0003 USDC in escrow)
[2026-05-28T19:23:08.756Z] Fee check: 0.0003 USDC accumulated (0.0003 USDC in escrow)
[2026-05-28T19:23:39.041Z] Fee check: 0.0003 USDC accumulated (0.0003 USDC in escrow)
[2026-05-28T19:24:08.811Z] Fee check: 0.0003 USDC accumulated (0.0003 USDC in escrow)
[2026-05-28T19:24:38.814Z] Fee check: 0.0003 USDC accumulated (0.0003 USDC in escrow)
[2026-05-28T19:25:08.972Z] Fee check: 0.0003 USDC accumulated (0.0003 USDC in escrow)
[2026-05-28T19:25:38.983Z] Fee check: 0.0003 USDC accumulated (0.0003 USDC in escrow)
[2026-05-28T19:26:08.908Z] Fee check: 0.0003 USDC accumulated (0.0003 USDC in escrow)
[2026-05-28T19:26:39.026Z] Fee check: 0.0003 USDC accumulated (0.0003 USDC in escrow)
[2026-05-28T19:27:08.923Z] Fee check: 0.0003 USDC accumulated (0.0003 USDC in escrow)
[2026-05-28T19:27:39.213Z] Fee check: 0.0003 USDC accumulated (0.0003 USDC in escrow)
[2026-05-28T19:28:09.023Z] Fee check: 0.0003 USDC accumulated (0.0003 USDC in escrow)
[2026-05-28T19:28:39.004Z] Fee check: 0.0003 USDC accumulated (0.0003 USDC in escrow)
[2026-05-28T19:29:09.078Z] Fee check: 0.0003 USDC accumulated (0.0003 USDC in escrow)
[2026-05-28T19:29:39.289Z] Fee check: 0.0003 USDC accumulated (0.0003 USDC in escrow)
[2026-05-28T19:30:09.188Z] Fee check: 0.0003 USDC accumulated (0.0003 USDC in escrow)
[2026-05-28T19:30:39.074Z] Fee check: 0.0003 USDC accumulated (0.0003 USDC in escrow)
[2026-05-28T19:31:09.384Z] Fee check: 0.0003 USDC accumulated (0.0003 USDC in escrow)
[2026-05-28T19:31:39.255Z] Fee check: 0.0003 USDC accumulated (0.0003 USDC in escrow)
[2026-05-28T19:32:09.274Z] Fee check: 0.0003 USDC accumulated (0.0003 USDC in escrow)
[2026-05-28T19:32:39.181Z] Fee check: 0.0003 USDC accumulated (0.0003 USDC in escrow)
[2026-05-28T19:33:09.444Z] Fee check: 0.0003 USDC accumulated (0.0003 USDC in escrow)
[2026-05-28T19:33:39.199Z] Fee check: 0.0003 USDC accumulated (0.0003 USDC in escrow)
[2026-05-28T19:34:09.215Z] Fee check: 0.0003 USDC accumulated (0.0003 USDC in escrow)
[2026-05-28T19:34:39.245Z] Fee check: 0.0003 USDC accumulated (0.0003 USDC in escrow)
[2026-05-28T19:35:09.395Z] Fee check: 0.0003 USDC accumulated (0.0003 USDC in escrow)
[2026-05-28T19:35:39.418Z] Fee check: 0.0003 USDC accumulated (0.0003 USDC in escrow)
[2026-05-28T19:36:09.330Z] Fee check: 0.0003 USDC accumulated (0.0003 USDC in escrow)
[2026-05-28T19:36:39.719Z] Fee check: 0.0003 USDC accumulated (0.0003 USDC in escrow)
[2026-05-28T19:37:09.592Z] Fee check: 0.0003 USDC accumulated (0.0003 USDC in escrow)
[2026-05-28T19:37:39.404Z] Fee check: 0.0003 USDC accumulated (0.0003 USDC in escrow)
[2026-05-28T19:38:09.680Z] Fee check: 0.0003 USDC accumulated (0.0003 USDC in escrow)
[2026-05-28T19:38:39.409Z] Fee check: 0.0003 USDC accumulated (0.0003 USDC in escrow)
[2026-05-28T19:39:09.437Z] Fee check: 0.0003 USDC accumulated (0.0003 USDC in escrow)
[2026-05-28T19:39:39.744Z] Fee check: 0.0003 USDC accumulated (0.0003 USDC in escrow)
[2026-05-28T19:40:09.627Z] Fee check: 0.0003 USDC accumulated (0.0003 USDC in escrow)
[2026-05-28T19:40:39.636Z] Fee check: 0.0003 USDC accumulated (0.0003 USDC in escrow)
[2026-05-28T19:41:09.527Z] Fee check: 0.0003 USDC accumulated (0.0003 USDC in escrow)
[2026-05-28T19:41:39.694Z] Fee check: 0.0003 USDC accumulated (0.0003 USDC in escrow)
[2026-05-28T19:42:09.695Z] Fee check: 0.0003 USDC accumulated (0.0003 USDC in escrow)
[2026-05-28T19:42:39.851Z] Fee check: 0.0003 USDC accumulated (0.0003 USDC in escrow)
[2026-05-28T19:43:09.636Z] Fee check: 0.0003 USDC accumulated (0.0003 USDC in escrow)
[2026-05-28T19:43:39.639Z] Fee check: 0.0003 USDC accumulated (0.0003 USDC in escrow)
[2026-05-28T19:44:09.648Z] Fee check: 0.0003 USDC accumulated (0.0003 USDC in escrow)
[2026-05-28T19:44:39.935Z] Fee check: 0.0003 USDC accumulated (0.0003 USDC in escrow)
[2026-05-28T19:45:09.825Z] Fee check: 0.0003 USDC accumulated (0.0003 USDC in escrow)
[2026-05-28T19:45:39.855Z] Fee check: 0.0003 USDC accumulated (0.0003 USDC in escrow)
[2026-05-28T19:46:09.745Z] Fee check: 0.0003 USDC accumulated (0.0003 USDC in escrow)
[2026-05-28T19:46:39.893Z] Fee check: 0.0003 USDC accumulated (0.0003 USDC in escrow)
[2026-05-28T19:47:09.930Z] Fee check: 0.0003 USDC accumulated (0.0003 USDC in escrow)
[2026-05-28T19:47:39.807Z] Fee check: 0.0003 USDC accumulated (0.0003 USDC in escrow)
[2026-05-28T19:48:09.825Z] Fee check: 0.0003 USDC accumulated (0.0003 USDC in escrow)
[2026-05-28T19:48:39.850Z] Fee check: 0.0003 USDC accumulated (0.0003 USDC in escrow)
[2026-05-28T19:49:09.855Z] Fee check: 0.0003 USDC accumulated (0.0003 USDC in escrow)
[2026-05-28T19:49:39.891Z] Fee check: 0.0003 USDC accumulated (0.0003 USDC in escrow)
[2026-05-28T19:50:10.042Z] Fee check: 0.0003 USDC accumulated (0.0003 USDC in escrow)
[2026-05-28T19:50:40.217Z] Fee check: 0.0003 USDC accumulated (0.0003 USDC in escrow)
[2026-05-28T19:51:09.970Z] Fee check: 0.0003 USDC accumulated (0.0003 USDC in escrow)
[2026-05-28T19:51:40.106Z] Fee check: 0.0003 USDC accumulated (0.0003 USDC in escrow)
[2026-05-28T19:52:10.017Z] Fee check: 0.0003 USDC accumulated (0.0003 USDC in escrow)
[2026-05-28T19:52:40.083Z] Fee check: 0.0003 USDC accumulated (0.0003 USDC in escrow)
[2026-05-28T19:53:10.050Z] Fee check: 0.0003 USDC accumulated (0.0003 USDC in escrow)
[2026-05-28T19:53:40.055Z] Fee check: 0.0003 USDC accumulated (0.0003 USDC in escrow)
[2026-05-28T19:54:10.307Z] Fee check: 0.0003 USDC accumulated (0.0003 USDC in escrow)
[2026-05-28T19:54:40.092Z] Fee check: 0.0003 USDC accumulated (0.0003 USDC in escrow)
[2026-05-28T19:55:10.244Z] Fee check: 0.0003 USDC accumulated (0.0003 USDC in escrow)
[2026-05-28T19:55:40.270Z] Fee check: 0.0003 USDC accumulated (0.0003 USDC in escrow)
[2026-05-28T19:56:10.189Z] Fee check: 0.0003 USDC accumulated (0.0003 USDC in escrow)
[2026-05-28T19:56:40.322Z] Fee check: 0.0003 USDC accumulated (0.0003 USDC in escrow)
[2026-05-28T19:57:10.338Z] Fee check: 0.0003 USDC accumulated (0.0003 USDC in escrow)
[2026-05-28T19:57:40.255Z] Fee check: 0.0003 USDC accumulated (0.0003 USDC in escrow)
[2026-05-28T19:58:10.259Z] Fee check: 0.0003 USDC accumulated (0.0003 USDC in escrow)
[2026-05-28T19:58:40.517Z] Fee check: 0.0003 USDC accumulated (0.0003 USDC in escrow)
[2026-05-28T19:59:10.312Z] Fee check: 0.0003 USDC accumulated (0.0003 USDC in escrow)
[2026-05-28T19:59:40.329Z] Fee check: 0.0003 USDC accumulated (0.0003 USDC in escrow)
[2026-05-28T20:00:10.752Z] Fee check: 0.0003 USDC accumulated (0.0003 USDC in escrow)
[2026-05-28T20:00:40.485Z] Fee check: 0.0003 USDC accumulated (0.0003 USDC in escrow)
[2026-05-28T20:01:10.384Z] Fee check: 0.0003 USDC accumulated (0.0003 USDC in escrow)
[2026-05-28T20:01:40.558Z] Fee check: 0.0003 USDC accumulated (0.0003 USDC in escrow)
[2026-05-28T20:02:10.544Z] Fee check: 0.0003 USDC accumulated (0.0003 USDC in escrow)
[2026-05-28T20:02:40.457Z] Fee check: 0.0003 USDC accumulated (0.0003 USDC in escrow)
[2026-05-28T20:03:10.485Z] Fee check: 0.0003 USDC accumulated (0.0003 USDC in escrow)
[2026-05-28T20:03:40.482Z] Fee check: 0.0003 USDC accumulated (0.0003 USDC in escrow)
[2026-05-28T20:04:11.616Z] Fee check: 0.0003 USDC accumulated (0.0003 USDC in escrow)
[2026-05-28T20:04:40.544Z] Fee check: 0.0003 USDC accumulated (0.0003 USDC in escrow)
[2026-05-28T20:05:10.671Z] Fee check: 0.0003 USDC accumulated (0.0003 USDC in escrow)
[2026-05-28T20:05:40.718Z] Fee check: 0.0003 USDC accumulated (0.0003 USDC in escrow)
[2026-05-28T20:06:10.880Z] Fee check: 0.0003 USDC accumulated (0.0003 USDC in escrow)
[2026-05-28T20:06:40.767Z] Fee check: 0.0003 USDC accumulated (0.0003 USDC in escrow)
[2026-05-28T20:07:10.791Z] Fee check: 0.0003 USDC accumulated (0.0003 USDC in escrow)
[2026-05-28T20:07:40.665Z] Fee check: 0.0003 USDC accumulated (0.0003 USDC in escrow)
[2026-05-28T20:08:10.718Z] Fee check: 0.0003 USDC accumulated (0.0003 USDC in escrow)
[2026-05-28T20:08:40.690Z] Fee check: 0.0003 USDC accumulated (0.0003 USDC in escrow)
[2026-05-28T20:09:10.717Z] Fee check: 0.0003 USDC accumulated (0.0003 USDC in escrow)
[2026-05-28T20:09:41.012Z] Fee check: 0.0003 USDC accumulated (0.0003 USDC in escrow)
[2026-05-28T20:10:10.899Z] Fee check: 0.0003 USDC accumulated (0.0003 USDC in escrow)
[2026-05-28T20:10:40.914Z] Fee check: 0.0003 USDC accumulated (0.0003 USDC in escrow)
[2026-05-28T20:11:10.799Z] Fee check: 0.0003 USDC accumulated (0.0003 USDC in escrow)
[2026-05-28T20:11:41.150Z] Fee check: 0.0003 USDC accumulated (0.0003 USDC in escrow)
[2026-05-28T20:12:10.985Z] Fee check: 0.0003 USDC accumulated (0.0003 USDC in escrow)
[2026-05-28T20:12:40.877Z] Fee check: 0.0003 USDC accumulated (0.0003 USDC in escrow)
[2026-05-28T20:13:11.176Z] Fee check: 0.0003 USDC accumulated (0.0003 USDC in escrow)
[2026-05-28T20:13:40.901Z] Fee check: 0.0003 USDC accumulated (0.0003 USDC in escrow)
[2026-05-28T20:14:10.922Z] Fee check: 0.0003 USDC accumulated (0.0003 USDC in escrow)
[2026-05-28T20:14:40.955Z] Fee check: 0.0003 USDC accumulated (0.0003 USDC in escrow)
[2026-05-28T20:15:11.129Z] Fee check: 0.0003 USDC accumulated (0.0003 USDC in escrow)
[2026-05-28T20:15:40.993Z] Fee check: 0.0003 USDC accumulated (0.0003 USDC in escrow)
[2026-05-28T20:16:11.302Z] Fee check: 0.0003 USDC accumulated (0.0003 USDC in escrow)
[2026-05-28T20:16:41.182Z] Fee check: 0.0003 USDC accumulated (0.0003 USDC in escrow)
[2026-05-28T20:17:11.078Z] Fee check: 0.0003 USDC accumulated (0.0003 USDC in escrow)
[2026-05-28T20:17:41.092Z] Fee check: 0.0003 USDC accumulated (0.0003 USDC in escrow)
[2026-05-28T20:18:11.122Z] Fee check: 0.0003 USDC accumulated (0.0003 USDC in escrow)
[2026-05-28T20:18:41.385Z] Fee check: 0.0003 USDC accumulated (0.0003 USDC in escrow)
[2026-05-28T20:19:11.139Z] Fee check: 0.0003 USDC accumulated (0.0003 USDC in escrow)
[2026-05-28T20:19:41.186Z] Fee check: 0.0003 USDC accumulated (0.0003 USDC in escrow)
[2026-05-28T20:20:11.354Z] Fee check: 0.0003 USDC accumulated (0.0003 USDC in escrow)
[2026-05-28T20:20:41.616Z] Fee check: 0.0003 USDC accumulated (0.0003 USDC in escrow)
[2026-05-28T20:21:11.248Z] Fee check: 0.0003 USDC accumulated (0.0003 USDC in escrow)
[2026-05-28T20:21:41.393Z] Fee check: 0.0003 USDC accumulated (0.0003 USDC in escrow)
[2026-05-28T20:22:11.442Z] Fee check: 0.0003 USDC accumulated (0.0003 USDC in escrow)
[2026-05-28T20:22:41.312Z] Fee check: 0.0003 USDC accumulated (0.0003 USDC in escrow)
[2026-05-28T20:23:11.333Z] Fee check: 0.0003 USDC accumulated (0.0003 USDC in escrow)
[2026-05-28T20:23:41.332Z] Fee check: 0.0003 USDC accumulated (0.0003 USDC in escrow)
[2026-05-28T20:24:11.398Z] Fee check: 0.0003 USDC accumulated (0.0003 USDC in escrow)
[2026-05-28T20:24:41.380Z] Fee check: 0.0003 USDC accumulated (0.0003 USDC in escrow)
[2026-05-28T20:25:11.549Z] Fee check: 0.0003 USDC accumulated (0.0003 USDC in escrow)
[2026-05-28T20:25:41.586Z] Fee check: 0.0003 USDC accumulated (0.0003 USDC in escrow)
[2026-05-28T20:26:11.444Z] Fee check: 0.0003 USDC accumulated (0.0003 USDC in escrow)
[2026-05-28T20:26:41.874Z] Fee check: 0.0003 USDC accumulated (0.0003 USDC in escrow)
[2026-05-28T20:27:11.667Z] Fee check: 0.0003 USDC accumulated (0.0003 USDC in escrow)
[2026-05-28T20:27:41.506Z] Fee check: 0.0003 USDC accumulated (0.0003 USDC in escrow)
[2026-05-28T20:28:11.584Z] Fee check: 0.0003 USDC accumulated (0.0003 USDC in escrow)
[2026-05-28T20:28:41.683Z] Fee check: 0.0003 USDC accumulated (0.0003 USDC in escrow)
[2026-05-28T20:29:11.619Z] Fee check: 0.0003 USDC accumulated (0.0003 USDC in escrow)
[2026-05-28T20:29:41.907Z] Fee check: 0.0003 USDC accumulated (0.0003 USDC in escrow)
[2026-05-28T20:30:11.763Z] Fee check: 0.0003 USDC accumulated (0.0003 USDC in escrow)
[2026-05-28T20:30:41.799Z] Fee check: 0.0003 USDC accumulated (0.0003 USDC in escrow)
[2026-05-28T20:31:11.714Z] Fee check: 0.0003 USDC accumulated (0.0003 USDC in escrow)
[2026-05-28T20:31:41.841Z] Fee check: 0.0003 USDC accumulated (0.0003 USDC in escrow)
[2026-05-28T20:32:11.839Z] Fee check: 0.0003 USDC accumulated (0.0003 USDC in escrow)
[2026-05-28T20:32:41.752Z] Fee check: 0.0003 USDC accumulated (0.0003 USDC in escrow)
[2026-05-28T20:33:12.052Z] Fee check: 0.0003 USDC accumulated (0.0003 USDC in escrow)
[2026-05-28T20:33:41.780Z] Fee check: 0.0003 USDC accumulated (0.0003 USDC in escrow)
[2026-05-28T20:34:11.793Z] Fee check: 0.0003 USDC accumulated (0.0003 USDC in escrow)
[2026-05-28T20:34:41.801Z] Fee check: 0.0003 USDC accumulated (0.0003 USDC in escrow)
[2026-05-28T20:35:12.028Z] Fee check: 0.0003 USDC accumulated (0.0003 USDC in escrow)
[2026-05-28T20:35:42.001Z] Fee check: 0.0003 USDC accumulated (0.0003 USDC in escrow)
[2026-05-28T20:36:11.897Z] Fee check: 0.0003 USDC accumulated (0.0003 USDC in escrow)
[2026-05-28T20:36:42.082Z] Fee check: 0.0003 USDC accumulated (0.0003 USDC in escrow)
[2026-05-28T20:37:11.952Z] Fee check: 0.0003 USDC accumulated (0.0003 USDC in escrow)
[2026-05-28T20:37:41.948Z] Fee check: 0.0003 USDC accumulated (0.0003 USDC in escrow)
[2026-05-28T20:38:12.030Z] Fee check: 0.0003 USDC accumulated (0.0003 USDC in escrow)
[2026-05-28T20:38:41.983Z] Fee check: 0.0003 USDC accumulated (0.0003 USDC in escrow)
[2026-05-28T20:39:12.011Z] Fee check: 0.0003 USDC accumulated (0.0003 USDC in escrow)
[2026-05-28T20:39:42.034Z] Fee check: 0.0003 USDC accumulated (0.0003 USDC in escrow)
[2026-05-28T20:40:12.176Z] Fee check: 0.0003 USDC accumulated (0.0003 USDC in escrow)
[2026-05-28T20:40:42.100Z] Fee check: 0.0003 USDC accumulated (0.0003 USDC in escrow)
[2026-05-28T20:41:12.385Z] Fee check: 0.0003 USDC accumulated (0.0003 USDC in escrow)
[2026-05-28T20:41:42.254Z] Fee check: 0.0003 USDC accumulated (0.0003 USDC in escrow)
[2026-05-28T20:42:12.288Z] Fee check: 0.0003 USDC accumulated (0.0003 USDC in escrow)
[2026-05-28T20:42:42.168Z] Fee check: 0.0003 USDC accumulated (0.0003 USDC in escrow)
[2026-05-28T20:43:12.197Z] Fee check: 0.0003 USDC accumulated (0.0003 USDC in escrow)
[2026-05-28T20:43:42.184Z] Fee check: 0.0003 USDC accumulated (0.0003 USDC in escrow)
[2026-05-28T20:44:12.212Z] Fee check: 0.0003 USDC accumulated (0.0003 USDC in escrow)
[2026-05-28T20:44:42.244Z] Fee check: 0.0003 USDC accumulated (0.0003 USDC in escrow)
[2026-05-28T20:45:12.367Z] Fee check: 0.0003 USDC accumulated (0.0003 USDC in escrow)
[2026-05-28T20:45:42.485Z] Fee check: 0.0003 USDC accumulated (0.0003 USDC in escrow)
[2026-05-28T20:46:12.302Z] Fee check: 0.0003 USDC accumulated (0.0003 USDC in escrow)
[2026-05-28T20:46:42.915Z] Fee check: 0.0003 USDC accumulated (0.0003 USDC in escrow)
[2026-05-28T20:47:12.500Z] Fee check: 0.0003 USDC accumulated (0.0003 USDC in escrow)
[2026-05-28T20:47:42.380Z] Fee check: 0.0003 USDC accumulated (0.0003 USDC in escrow)
[2026-05-28T20:48:12.465Z] Fee check: 0.0003 USDC accumulated (0.0003 USDC in escrow)
[2026-05-28T20:48:42.676Z] Fee check: 0.0003 USDC accumulated (0.0003 USDC in escrow)
[2026-05-28T20:49:12.429Z] Fee check: 0.0003 USDC accumulated (0.0003 USDC in escrow)
[2026-05-28T20:49:42.448Z] Fee check: 0.0003 USDC accumulated (0.0003 USDC in escrow)
[2026-05-28T20:50:12.626Z] Fee check: 0.0003 USDC accumulated (0.0003 USDC in escrow)
[2026-05-28T20:50:42.630Z] Fee check: 0.0003 USDC accumulated (0.0003 USDC in escrow)
[2026-05-28T20:51:12.548Z] Fee check: 0.0003 USDC accumulated (0.0003 USDC in escrow)
[2026-05-28T20:51:42.662Z] Fee check: 0.0003 USDC accumulated (0.0003 USDC in escrow)
[2026-05-28T20:52:12.698Z] Fee check: 0.0003 USDC accumulated (0.0003 USDC in escrow)
[2026-05-28T20:52:42.629Z] Fee check: 0.0003 USDC accumulated (0.0003 USDC in escrow)
[2026-05-28T20:53:12.610Z] Fee check: 0.0003 USDC accumulated (0.0003 USDC in escrow)
[2026-05-28T20:53:42.627Z] Fee check: 0.0003 USDC accumulated (0.0003 USDC in escrow)
[2026-05-28T20:54:12.926Z] Fee check: 0.0003 USDC accumulated (0.0003 USDC in escrow)
[2026-05-28T20:54:42.676Z] Fee check: 0.0003 USDC accumulated (0.0003 USDC in escrow)
[2026-05-28T20:55:12.801Z] Fee check: 0.0003 USDC accumulated (0.0003 USDC in escrow)
[2026-05-28T20:55:42.845Z] Fee check: 0.0003 USDC accumulated (0.0003 USDC in escrow)
[2026-05-28T20:56:16.966Z] Fee check: 0.0003 USDC accumulated (0.0003 USDC in escrow)
[2026-05-28T20:56:43.401Z] Fee check: 0.0003 USDC accumulated (0.0003 USDC in escrow)
[2026-05-28T20:57:12.947Z] Fee check: 0.0003 USDC accumulated (0.0003 USDC in escrow)
[2026-05-28T20:57:42.833Z] Fee check: 0.0003 USDC accumulated (0.0003 USDC in escrow)
[2026-05-28T20:58:12.861Z] Fee check: 0.0003 USDC accumulated (0.0003 USDC in escrow)
[2026-05-28T20:58:43.637Z] Fee check: 0.0003 USDC accumulated (0.0003 USDC in escrow)
[2026-05-28T20:59:12.884Z] Fee check: 0.0003 USDC accumulated (0.0003 USDC in escrow)
[2026-05-28T20:59:42.909Z] Fee check: 0.0003 USDC accumulated (0.0003 USDC in escrow)
[2026-05-28T21:00:13.048Z] Fee check: 0.0003 USDC accumulated (0.0003 USDC in escrow)
[2026-05-28T21:00:43.111Z] Fee check: 0.0003 USDC accumulated (0.0003 USDC in escrow)
[2026-05-28T21:01:12.991Z] Fee check: 0.0003 USDC accumulated (0.0003 USDC in escrow)
[2026-05-28T21:01:43.120Z] Fee check: 0.0003 USDC accumulated (0.0003 USDC in escrow)
[2026-05-28T21:02:13.009Z] Fee check: 0.0003 USDC accumulated (0.0003 USDC in escrow)
[2026-05-28T21:02:43.030Z] Fee check: 0.0003 USDC accumulated (0.0003 USDC in escrow)
[2026-05-28T21:03:13.041Z] Fee check: 0.0003 USDC accumulated (0.0003 USDC in escrow)
[2026-05-28T21:03:43.053Z] Fee check: 0.0003 USDC accumulated (0.0003 USDC in escrow)
[2026-05-28T21:04:13.083Z] Fee check: 0.0003 USDC accumulated (0.0003 USDC in escrow)
[2026-05-28T21:04:43.098Z] Fee check: 0.0003 USDC accumulated (0.0003 USDC in escrow)
[2026-05-28T21:05:13.255Z] Fee check: 0.0003 USDC accumulated (0.0003 USDC in escrow)
[2026-05-28T21:05:43.277Z] Fee check: 0.0003 USDC accumulated (0.0003 USDC in escrow)
[2026-05-28T21:06:13.417Z] Fee check: 0.0003 USDC accumulated (0.0003 USDC in escrow)
[2026-05-28T21:06:43.342Z] Fee check: 0.0003 USDC accumulated (0.0003 USDC in escrow)
[2026-05-28T21:07:13.336Z] Fee check: 0.0003 USDC accumulated (0.0003 USDC in escrow)
[2026-05-28T21:07:43.529Z] Fee check: 0.0003 USDC accumulated (0.0003 USDC in escrow)
[2026-05-28T21:08:13.241Z] Fee check: 0.0003 USDC accumulated (0.0003 USDC in escrow)
[2026-05-28T21:08:43.244Z] Fee check: 0.0003 USDC accumulated (0.0003 USDC in escrow)
[2026-05-28T21:09:13.279Z] Fee check: 0.0003 USDC accumulated (0.0003 USDC in escrow)
[2026-05-28T21:09:43.577Z] Fee check: 0.0003 USDC accumulated (0.0003 USDC in escrow)
[2026-05-28T21:10:13.528Z] Fee check: 0.0003 USDC accumulated (0.0003 USDC in escrow)
[2026-05-28T21:10:43.468Z] Fee check: 0.0003 USDC accumulated (0.0003 USDC in escrow)
[2026-05-28T21:11:13.388Z] Fee check: 0.0003 USDC accumulated (0.0003 USDC in escrow)
[2026-05-28T21:11:43.807Z] Fee check: 0.0003 USDC accumulated (0.0003 USDC in escrow)
[2026-05-28T21:12:13.557Z] Fee check: 0.0003 USDC accumulated (0.0003 USDC in escrow)
[2026-05-28T21:12:43.449Z] Fee check: 0.0003 USDC accumulated (0.0003 USDC in escrow)
[2026-05-28T21:13:13.489Z] Fee check: 0.0003 USDC accumulated (0.0003 USDC in escrow)
[2026-05-28T21:13:43.491Z] Fee check: 0.0003 USDC accumulated (0.0003 USDC in escrow)
[2026-05-28T21:14:13.500Z] Fee check: 0.0003 USDC accumulated (0.0003 USDC in escrow)
[2026-05-28T21:14:43.564Z] Fee check: 0.0003 USDC accumulated (0.0003 USDC in escrow)
[2026-05-28T21:15:13.744Z] Fee check: 0.0003 USDC accumulated (0.0003 USDC in escrow)
[2026-05-28T21:15:43.708Z] Fee check: 0.0003 USDC accumulated (0.0003 USDC in escrow)
[2026-05-28T21:16:13.588Z] Fee check: 0.0003 USDC accumulated (0.0003 USDC in escrow)
[2026-05-28T21:16:43.739Z] Fee check: 0.0003 USDC accumulated (0.0003 USDC in escrow)
[2026-05-28T21:17:13.781Z] Fee check: 0.0003 USDC accumulated (0.0003 USDC in escrow)
[2026-05-28T21:17:43.653Z] Fee check: 0.0003 USDC accumulated (0.0003 USDC in escrow)
[2026-05-28T21:18:13.709Z] Fee check: 0.0003 USDC accumulated (0.0003 USDC in escrow)
[2026-05-28T21:18:43.697Z] Fee check: 0.0003 USDC accumulated (0.0003 USDC in escrow)
[2026-05-28T21:19:13.974Z] Fee check: 0.0003 USDC accumulated (0.0003 USDC in escrow)
[2026-05-28T21:19:44.343Z] Fee check: 0.0003 USDC accumulated (0.0003 USDC in escrow)
[2026-05-28T21:20:13.896Z] Fee check: 0.0003 USDC accumulated (0.0003 USDC in escrow)
[2026-05-28T21:20:43.912Z] Fee check: 0.0003 USDC accumulated (0.0003 USDC in escrow)
[2026-05-28T21:21:13.802Z] Fee check: 0.0003 USDC accumulated (0.0003 USDC in escrow)
[2026-05-28T21:21:43.949Z] Fee check: 0.0003 USDC accumulated (0.0003 USDC in escrow)
[2026-05-28T21:22:14.071Z] Fee check: 0.0003 USDC accumulated (0.0003 USDC in escrow)
[2026-05-28T21:22:43.868Z] Fee check: 0.0003 USDC accumulated (0.0003 USDC in escrow)
[2026-05-28T21:23:14.172Z] Fee check: 0.0003 USDC accumulated (0.0003 USDC in escrow)
[2026-05-28T21:23:43.891Z] Fee check: 0.0003 USDC accumulated (0.0003 USDC in escrow)
[2026-05-28T21:24:14.001Z] Fee check: 0.0003 USDC accumulated (0.0003 USDC in escrow)
[2026-05-28T21:24:43.970Z] Fee check: 0.0003 USDC accumulated (0.0003 USDC in escrow)
[2026-05-28T21:25:14.179Z] Fee check: 0.0003 USDC accumulated (0.0003 USDC in escrow)
[2026-05-28T21:25:44.006Z] Fee check: 0.0003 USDC accumulated (0.0003 USDC in escrow)
[2026-05-28T21:26:14.007Z] Fee check: 0.0003 USDC accumulated (0.0003 USDC in escrow)
[2026-05-28T21:26:44.171Z] Fee check: 0.0003 USDC accumulated (0.0003 USDC in escrow)
[2026-05-28T21:27:14.342Z] Fee check: 0.0003 USDC accumulated (0.0003 USDC in escrow)
[2026-05-28T21:27:44.080Z] Fee check: 0.0003 USDC accumulated (0.0003 USDC in escrow)
[2026-05-28T21:28:14.116Z] Fee check: 0.0003 USDC accumulated (0.0003 USDC in escrow)
[2026-05-28T21:28:44.171Z] Fee check: 0.0003 USDC accumulated (0.0003 USDC in escrow)
[2026-05-28T21:29:14.175Z] Fee check: 0.0003 USDC accumulated (0.0003 USDC in escrow)
[2026-05-28T21:29:44.214Z] Fee check: 0.0003 USDC accumulated (0.0003 USDC in escrow)
[2026-05-28T21:30:14.340Z] Fee check: 0.0003 USDC accumulated (0.0003 USDC in escrow)
[2026-05-28T21:30:44.366Z] Fee check: 0.0003 USDC accumulated (0.0003 USDC in escrow)
[2026-05-28T21:31:14.237Z] Fee check: 0.0003 USDC accumulated (0.0003 USDC in escrow)
[2026-05-28T21:31:44.388Z] Fee check: 0.0003 USDC accumulated (0.0003 USDC in escrow)
[2026-05-28T21:32:14.800Z] Fee check: 0.0003 USDC accumulated (0.0003 USDC in escrow)
[2026-05-28T21:32:44.283Z] Fee check: 0.0003 USDC accumulated (0.0003 USDC in escrow)
[2026-05-28T21:33:14.338Z] Fee check: 0.0003 USDC accumulated (0.0003 USDC in escrow)
[2026-05-28T21:33:44.457Z] Fee check: 0.0003 USDC accumulated (0.0003 USDC in escrow)
[2026-05-28T21:34:14.353Z] Fee check: 0.0003 USDC accumulated (0.0003 USDC in escrow)
[2026-05-28T21:34:44.391Z] Fee check: 0.0003 USDC accumulated (0.0003 USDC in escrow)
[2026-05-28T21:35:14.566Z] Fee check: 0.0003 USDC accumulated (0.0003 USDC in escrow)
[2026-05-28T21:35:44.634Z] Fee check: 0.0003 USDC accumulated (0.0003 USDC in escrow)
[2026-05-28T21:36:14.463Z] Fee check: 0.0003 USDC accumulated (0.0003 USDC in escrow)
[2026-05-28T21:36:44.492Z] Fee check: 0.0003 USDC accumulated (0.0003 USDC in escrow)
[2026-05-28T21:37:15.212Z] Fee check: 0.0003 USDC accumulated (0.0003 USDC in escrow)
[2026-05-28T21:37:44.506Z] Fee check: 0.0003 USDC accumulated (0.0003 USDC in escrow)
[2026-05-28T21:38:14.810Z] Fee check: 0.0003 USDC accumulated (0.0003 USDC in escrow)
[2026-05-28T21:38:44.577Z] Fee check: 0.0003 USDC accumulated (0.0003 USDC in escrow)
[2026-05-28T21:39:14.608Z] Fee check: 0.0003 USDC accumulated (0.0003 USDC in escrow)
[2026-05-28T21:39:44.610Z] Fee check: 0.0003 USDC accumulated (0.0003 USDC in escrow)
[2026-05-28T21:40:14.806Z] Fee check: 0.0003 USDC accumulated (0.0003 USDC in escrow)
[2026-05-28T21:40:44.776Z] Fee check: 0.0003 USDC accumulated (0.0003 USDC in escrow)
[2026-05-28T21:41:14.676Z] Fee check: 0.0003 USDC accumulated (0.0003 USDC in escrow)
[2026-05-28T21:41:45.003Z] Fee check: 0.0003 USDC accumulated (0.0003 USDC in escrow)
[2026-05-28T21:42:14.951Z] Fee check: 0.0003 USDC accumulated (0.0003 USDC in escrow)
[2026-05-28T21:42:44.878Z] Fee check: 0.0003 USDC accumulated (0.0003 USDC in escrow)
[2026-05-28T21:43:15.066Z] Fee check: 0.0003 USDC accumulated (0.0003 USDC in escrow)
[2026-05-28T21:43:44.769Z] Fee check: 0.0003 USDC accumulated (0.0003 USDC in escrow)
[2026-05-28T21:44:14.794Z] Fee check: 0.0003 USDC accumulated (0.0003 USDC in escrow)
[2026-05-28T21:44:44.844Z] Fee check: 0.0003 USDC accumulated (0.0003 USDC in escrow)
[2026-05-28T21:45:15.249Z] Fee check: 0.0003 USDC accumulated (0.0003 USDC in escrow)
[2026-05-28T21:45:44.995Z] Fee check: 0.0003 USDC accumulated (0.0003 USDC in escrow)
[2026-05-28T21:46:14.909Z] Fee check: 0.0003 USDC accumulated (0.0003 USDC in escrow)
[2026-05-28T21:46:44.933Z] Fee check: 0.0003 USDC accumulated (0.0003 USDC in escrow)
[2026-05-28T21:47:15.090Z] Fee check: 0.0003 USDC accumulated (0.0003 USDC in escrow)
[2026-05-28T21:47:45.005Z] Fee check: 0.0003 USDC accumulated (0.0003 USDC in escrow)
[2026-05-28T21:48:15.244Z] Fee check: 0.0003 USDC accumulated (0.0003 USDC in escrow)
[2026-05-28T21:48:44.980Z] Fee check: 0.0003 USDC accumulated (0.0003 USDC in escrow)
[2026-05-28T21:49:15.005Z] Fee check: 0.0003 USDC accumulated (0.0003 USDC in escrow)
[2026-05-28T21:49:45.024Z] Fee check: 0.0003 USDC accumulated (0.0003 USDC in escrow)
[2026-05-28T21:50:15.171Z] Fee check: 0.0003 USDC accumulated (0.0003 USDC in escrow)
[2026-05-28T21:50:45.057Z] Fee check: 0.0003 USDC accumulated (0.0003 USDC in escrow)
[2026-05-28T21:51:15.081Z] Fee check: 0.0003 USDC accumulated (0.0003 USDC in escrow)
[2026-05-28T21:51:45.102Z] Fee check: 0.0003 USDC accumulated (0.0003 USDC in escrow)
[2026-05-28T21:52:15.542Z] Fee check: 0.0003 USDC accumulated (0.0003 USDC in escrow)
[2026-05-28T21:52:45.297Z] Fee check: 0.0003 USDC accumulated (0.0003 USDC in escrow)
[2026-05-28T21:53:15.666Z] Fee check: 0.0003 USDC accumulated (0.0003 USDC in escrow)
[2026-05-28T21:53:45.205Z] Fee check: 0.0003 USDC accumulated (0.0003 USDC in escrow)
[2026-05-28T21:54:15.258Z] Fee check: 0.0003 USDC accumulated (0.0003 USDC in escrow)
[2026-05-28T21:54:45.545Z] Fee check: 0.0003 USDC accumulated (0.0003 USDC in escrow)
[2026-05-28T21:55:15.390Z] Fee check: 0.0003 USDC accumulated (0.0003 USDC in escrow)
[2026-05-28T21:55:45.415Z] Fee check: 0.0003 USDC accumulated (0.0003 USDC in escrow)
[2026-05-28T21:56:15.570Z] Fee check: 0.0003 USDC accumulated (0.0003 USDC in escrow)
[2026-05-28T21:56:45.322Z] Fee check: 0.0003 USDC accumulated (0.0003 USDC in escrow)
[2026-05-28T21:57:15.470Z] Fee check: 0.0003 USDC accumulated (0.0003 USDC in escrow)
[2026-05-28T21:57:45.725Z] Fee check: 0.0003 USDC accumulated (0.0003 USDC in escrow)
[2026-05-28T21:58:15.668Z] Fee check: 0.0003 USDC accumulated (0.0003 USDC in escrow)
[2026-05-28T21:58:45.647Z] Fee check: 0.0003 USDC accumulated (0.0003 USDC in escrow)
[2026-05-28T21:59:15.408Z] Fee check: 0.0003 USDC accumulated (0.0003 USDC in escrow)
[2026-05-28T21:59:45.432Z] Fee check: 0.0003 USDC accumulated (0.0003 USDC in escrow)
[2026-05-28T22:00:15.866Z] Fee check: 0.0003 USDC accumulated (0.0003 USDC in escrow)
[2026-05-28T22:00:45.629Z] Fee check: 0.0003 USDC accumulated (0.0003 USDC in escrow)
[2026-05-28T22:01:15.529Z] Fee check: 0.0003 USDC accumulated (0.0003 USDC in escrow)
[2026-05-28T22:01:45.539Z] Fee check: 0.0003 USDC accumulated (0.0003 USDC in escrow)
[2026-05-28T22:02:15.688Z] Fee check: 0.0003 USDC accumulated (0.0003 USDC in escrow)
[2026-05-28T22:02:45.713Z] Fee check: 0.0003 USDC accumulated (0.0003 USDC in escrow)
[2026-05-28T22:03:15.608Z] Fee check: 0.0003 USDC accumulated (0.0003 USDC in escrow)
[2026-05-28T22:03:45.599Z] Fee check: 0.0003 USDC accumulated (0.0003 USDC in escrow)
[2026-05-28T22:04:15.640Z] Fee check: 0.0003 USDC accumulated (0.0003 USDC in escrow)
[2026-05-28T22:04:45.681Z] Fee check: 0.0003 USDC accumulated (0.0003 USDC in escrow)
[2026-05-28T22:05:15.803Z] Fee check: 0.0003 USDC accumulated (0.0003 USDC in escrow)
[2026-05-28T22:05:45.845Z] Fee check: 0.0003 USDC accumulated (0.0003 USDC in escrow)
[2026-05-28T22:06:16.265Z] Fee check: 0.0003 USDC accumulated (0.0003 USDC in escrow)
[2026-05-28T22:06:45.765Z] Fee check: 0.0003 USDC accumulated (0.0003 USDC in escrow)
[2026-05-28T22:07:15.905Z] Fee check: 0.0003 USDC accumulated (0.0003 USDC in escrow)
[2026-05-28T22:07:45.945Z] Fee check: 0.0003 USDC accumulated (0.0003 USDC in escrow)
[2026-05-28T22:08:15.821Z] Fee check: 0.0003 USDC accumulated (0.0003 USDC in escrow)
[2026-05-28T22:08:45.852Z] Fee check: 0.0003 USDC accumulated (0.0003 USDC in escrow)
[2026-05-28T22:09:15.845Z] Fee check: 0.0003 USDC accumulated (0.0003 USDC in escrow)
[2026-05-28T22:09:46.139Z] Fee check: 0.0003 USDC accumulated (0.0003 USDC in escrow)
[2026-05-28T22:10:16.029Z] Fee check: 0.0003 USDC accumulated (0.0003 USDC in escrow)
[2026-05-28T22:10:45.912Z] Fee check: 0.0003 USDC accumulated (0.0003 USDC in escrow)
[2026-05-28T22:11:15.948Z] Fee check: 0.0003 USDC accumulated (0.0003 USDC in escrow)
[2026-05-28T22:11:46.172Z] Fee check: 0.0003 USDC accumulated (0.0003 USDC in escrow)
[2026-05-28T22:12:16.112Z] Fee check: 0.0003 USDC accumulated (0.0003 USDC in escrow)
[2026-05-28T22:12:46.016Z] Fee check: 0.0003 USDC accumulated (0.0003 USDC in escrow)
[2026-05-28T22:13:16.037Z] Fee check: 0.0003 USDC accumulated (0.0003 USDC in escrow)
[2026-05-28T22:13:46.045Z] Fee check: 0.0003 USDC accumulated (0.0003 USDC in escrow)
[2026-05-28T22:14:16.077Z] Fee check: 0.0003 USDC accumulated (0.0003 USDC in escrow)
[2026-05-28T22:14:46.087Z] Fee check: 0.0003 USDC accumulated (0.0003 USDC in escrow)
[2026-05-28T22:15:16.249Z] Fee check: 0.0003 USDC accumulated (0.0003 USDC in escrow)
[2026-05-28T22:15:46.266Z] Fee check: 0.0003 USDC accumulated (0.0003 USDC in escrow)
[2026-05-28T22:16:16.154Z] Fee check: 0.0003 USDC accumulated (0.0003 USDC in escrow)
[2026-05-28T22:16:46.198Z] Fee check: 0.0003 USDC accumulated (0.0003 USDC in escrow)
[2026-05-28T22:17:16.338Z] Fee check: 0.0003 USDC accumulated (0.0003 USDC in escrow)
[2026-05-28T22:17:46.346Z] Fee check: 0.0003 USDC accumulated (0.0003 USDC in escrow)
[2026-05-28T22:18:16.248Z] Fee check: 0.0003 USDC accumulated (0.0003 USDC in escrow)
[2026-05-28T22:18:46.250Z] Fee check: 0.0003 USDC accumulated (0.0003 USDC in escrow)
[2026-05-28T22:19:16.552Z] Fee check: 0.0003 USDC accumulated (0.0003 USDC in escrow)
[2026-05-28T22:19:46.291Z] Fee check: 0.0003 USDC accumulated (0.0003 USDC in escrow)
[2026-05-28T22:20:16.455Z] Fee check: 0.0003 USDC accumulated (0.0003 USDC in escrow)
[2026-05-28T22:20:46.472Z] Fee check: 0.0003 USDC accumulated (0.0003 USDC in escrow)
[2026-05-28T22:21:16.369Z] Fee check: 0.0003 USDC accumulated (0.0003 USDC in escrow)
[2026-05-28T22:21:46.413Z] Fee check: 0.0003 USDC accumulated (0.0003 USDC in escrow)
[2026-05-28T22:22:16.556Z] Fee check: 0.0003 USDC accumulated (0.0003 USDC in escrow)
[2026-05-28T22:22:46.575Z] Fee check: 0.0003 USDC accumulated (0.0003 USDC in escrow)
[2026-05-28T22:23:16.607Z] Fee check: 0.0003 USDC accumulated (0.0003 USDC in escrow)
[2026-05-28T22:23:46.466Z] Fee check: 0.0003 USDC accumulated (0.0003 USDC in escrow)
[2026-05-28T22:24:16.526Z] Fee check: 0.0003 USDC accumulated (0.0003 USDC in escrow)
[2026-05-28T22:24:46.527Z] Fee check: 0.0003 USDC accumulated (0.0003 USDC in escrow)
[2026-05-28T22:25:16.668Z] Fee check: 0.0003 USDC accumulated (0.0003 USDC in escrow)
[2026-05-28T22:25:47.055Z] Fee check: 0.0003 USDC accumulated (0.0003 USDC in escrow)
[2026-05-28T22:26:16.576Z] Fee check: 0.0003 USDC accumulated (0.0003 USDC in escrow)
[2026-05-28T22:26:46.627Z] Fee check: 0.0003 USDC accumulated (0.0003 USDC in escrow)
[2026-05-28T22:27:16.774Z] Fee check: 0.0003 USDC accumulated (0.0003 USDC in escrow)
[2026-05-28T22:27:46.795Z] Fee check: 0.0003 USDC accumulated (0.0003 USDC in escrow)
[2026-05-28T22:28:16.685Z] Fee check: 0.0003 USDC accumulated (0.0003 USDC in escrow)
[2026-05-28T22:28:46.677Z] Fee check: 0.0003 USDC accumulated (0.0003 USDC in escrow)
[2026-05-28T22:29:16.704Z] Fee check: 0.0003 USDC accumulated (0.0003 USDC in escrow)
[2026-05-28T22:29:46.735Z] Fee check: 0.0003 USDC accumulated (0.0003 USDC in escrow)
[2026-05-28T22:30:17.158Z] Fee check: 0.0003 USDC accumulated (0.0003 USDC in escrow)
[2026-05-28T22:30:46.898Z] Fee check: 0.0003 USDC accumulated (0.0003 USDC in escrow)
[2026-05-28T22:31:16.795Z] Fee check: 0.0003 USDC accumulated (0.0003 USDC in escrow)
[2026-05-28T22:31:46.820Z] Fee check: 0.0003 USDC accumulated (0.0003 USDC in escrow)
[2026-05-28T22:32:16.968Z] Fee check: 0.0003 USDC accumulated (0.0003 USDC in escrow)
[2026-05-28T22:32:46.992Z] Fee check: 0.0003 USDC accumulated (0.0003 USDC in escrow)
[2026-05-28T22:33:17.175Z] Fee check: 0.0003 USDC accumulated (0.0003 USDC in escrow)
[2026-05-28T22:33:46.923Z] Fee check: 0.0003 USDC accumulated (0.0003 USDC in escrow)
[2026-05-28T22:34:16.937Z] Fee check: 0.0003 USDC accumulated (0.0003 USDC in escrow)
[2026-05-28T22:34:46.958Z] Fee check: 0.0003 USDC accumulated (0.0003 USDC in escrow)
[2026-05-28T22:35:17.111Z] Fee check: 0.0003 USDC accumulated (0.0003 USDC in escrow)
[2026-05-28T22:35:47.023Z] Fee check: 0.0003 USDC accumulated (0.0003 USDC in escrow)
[2026-05-28T22:36:17.060Z] Fee check: 0.0003 USDC accumulated (0.0003 USDC in escrow)
[2026-05-28T22:36:47.056Z] Fee check: 0.0003 USDC accumulated (0.0003 USDC in escrow)
[2026-05-28T22:37:17.206Z] Fee check: 0.0003 USDC accumulated (0.0003 USDC in escrow)
[2026-05-28T22:37:47.089Z] Fee check: 0.0003 USDC accumulated (0.0003 USDC in escrow)
[2026-05-28T22:38:17.112Z] Fee check: 0.0003 USDC accumulated (0.0003 USDC in escrow)
[2026-05-28T22:38:47.149Z] Fee check: 0.0003 USDC accumulated (0.0003 USDC in escrow)
[2026-05-28T22:39:17.425Z] Fee check: 0.0003 USDC accumulated (0.0003 USDC in escrow)
[2026-05-28T22:39:47.157Z] Fee check: 0.0003 USDC accumulated (0.0003 USDC in escrow)
[2026-05-28T22:40:17.308Z] Fee check: 0.0003 USDC accumulated (0.0003 USDC in escrow)
[2026-05-28T22:40:47.322Z] Fee check: 0.0003 USDC accumulated (0.0003 USDC in escrow)
[2026-05-28T22:41:17.236Z] Fee check: 0.0003 USDC accumulated (0.0003 USDC in escrow)
[2026-05-28T22:41:47.263Z] Fee check: 0.0003 USDC accumulated (0.0003 USDC in escrow)
[2026-05-28T22:42:17.414Z] Fee check: 0.0003 USDC accumulated (0.0003 USDC in escrow)
[2026-05-28T22:42:47.723Z] Fee check: 0.0003 USDC accumulated (0.0003 USDC in escrow)
[2026-05-28T22:43:17.341Z] Fee check: 0.0003 USDC accumulated (0.0003 USDC in escrow)
[2026-05-28T22:43:47.406Z] Fee check: 0.0003 USDC accumulated (0.0003 USDC in escrow)
[2026-05-28T22:44:17.368Z] Fee check: 0.0003 USDC accumulated (0.0003 USDC in escrow)
[2026-05-28T22:44:47.431Z] Fee check: 0.0003 USDC accumulated (0.0003 USDC in escrow)
[2026-05-28T22:45:17.785Z] Fee check: 0.0003 USDC accumulated (0.0003 USDC in escrow)
[2026-05-28T22:45:47.824Z] Fee check: 0.0003 USDC accumulated (0.0003 USDC in escrow)
[2026-05-28T22:46:17.460Z] Fee check: 0.0003 USDC accumulated (0.0003 USDC in escrow)
[2026-05-28T22:46:47.465Z] Fee check: 0.0003 USDC accumulated (0.0003 USDC in escrow)
[2026-05-28T22:47:17.637Z] Fee check: 0.0003 USDC accumulated (0.0003 USDC in escrow)
[2026-05-28T22:47:47.643Z] Fee check: 0.0003 USDC accumulated (0.0003 USDC in escrow)
[2026-05-28T22:48:17.554Z] Fee check: 0.0003 USDC accumulated (0.0003 USDC in escrow)
[2026-05-28T22:48:47.555Z] Fee check: 0.0003 USDC accumulated (0.0003 USDC in escrow)
[2026-05-28T22:49:17.578Z] Fee check: 0.0003 USDC accumulated (0.0003 USDC in escrow)
[2026-05-28T22:49:47.614Z] Fee check: 0.0003 USDC accumulated (0.0003 USDC in escrow)
[2026-05-28T22:50:17.743Z] Fee check: 0.0003 USDC accumulated (0.0003 USDC in escrow)
[2026-05-28T22:50:47.778Z] Fee check: 0.0003 USDC accumulated (0.0003 USDC in escrow)
[2026-05-28T22:51:17.666Z] Fee check: 0.0003 USDC accumulated (0.0003 USDC in escrow)
[2026-05-28T22:51:47.703Z] Fee check: 0.0003 USDC accumulated (0.0003 USDC in escrow)
[2026-05-28T22:52:17.840Z] Fee check: 0.0003 USDC accumulated (0.0003 USDC in escrow)
[2026-05-28T22:52:47.877Z] Fee check: 0.0003 USDC accumulated (0.0003 USDC in escrow)
[2026-05-28T22:53:17.777Z] Fee check: 0.0003 USDC accumulated (0.0003 USDC in escrow)
[2026-05-28T22:53:47.756Z] Fee check: 0.0003 USDC accumulated (0.0003 USDC in escrow)
[2026-05-28T22:54:17.885Z] Fee check: 0.0003 USDC accumulated (0.0003 USDC in escrow)
[2026-05-28T22:54:48.069Z] Fee check: 0.0003 USDC accumulated (0.0003 USDC in escrow)
[2026-05-28T22:55:17.952Z] Fee check: 0.0003 USDC accumulated (0.0003 USDC in escrow)
[2026-05-28T22:55:47.985Z] Fee check: 0.0003 USDC accumulated (0.0003 USDC in escrow)
[2026-05-28T22:56:17.879Z] Fee check: 0.0003 USDC accumulated (0.0003 USDC in escrow)
[2026-05-28T22:56:47.913Z] Fee check: 0.0003 USDC accumulated (0.0003 USDC in escrow)
[2026-05-28T22:57:18.052Z] Fee check: 0.0003 USDC accumulated (0.0003 USDC in escrow)
[2026-05-28T22:57:47.969Z] Fee check: 0.0003 USDC accumulated (0.0003 USDC in escrow)
[2026-05-28T22:58:17.960Z] Fee check: 0.0003 USDC accumulated (0.0003 USDC in escrow)
[2026-05-28T22:58:48.244Z] Fee check: 0.0003 USDC accumulated (0.0003 USDC in escrow)
[2026-05-28T22:59:18.001Z] Fee check: 0.0003 USDC accumulated (0.0003 USDC in escrow)
[2026-05-28T22:59:48.056Z] Fee check: 0.0003 USDC accumulated (0.0003 USDC in escrow)
[2026-05-28T23:00:18.167Z] Fee check: 0.0003 USDC accumulated (0.0003 USDC in escrow)
[2026-05-28T23:00:48.109Z] Fee check: 0.0003 USDC accumulated (0.0003 USDC in escrow)
[2026-05-28T23:01:18.123Z] Fee check: 0.0003 USDC accumulated (0.0003 USDC in escrow)
[2026-05-28T23:01:48.132Z] Fee check: 0.0003 USDC accumulated (0.0003 USDC in escrow)
[2026-05-28T23:02:18.320Z] Fee check: 0.0003 USDC accumulated (0.0003 USDC in escrow)
[2026-05-28T23:02:48.285Z] Fee check: 0.0003 USDC accumulated (0.0003 USDC in escrow)
[2026-05-28T23:03:18.207Z] Fee check: 0.0003 USDC accumulated (0.0003 USDC in escrow)
[2026-05-28T23:03:48.211Z] Fee check: 0.0003 USDC accumulated (0.0003 USDC in escrow)
[2026-05-28T23:04:18.232Z] Fee check: 0.0003 USDC accumulated (0.0003 USDC in escrow)
[2026-05-28T23:04:48.241Z] Fee check: 0.0003 USDC accumulated (0.0003 USDC in escrow)
[2026-05-28T23:05:18.402Z] Fee check: 0.0003 USDC accumulated (0.0003 USDC in escrow)
[2026-05-28T23:05:48.415Z] Fee check: 0.0003 USDC accumulated (0.0003 USDC in escrow)
[2026-05-28T23:06:18.309Z] Fee check: 0.0003 USDC accumulated (0.0003 USDC in escrow)
[2026-05-28T23:06:48.392Z] Fee check: 0.0003 USDC accumulated (0.0003 USDC in escrow)
[2026-05-28T23:07:18.485Z] Fee check: 0.0003 USDC accumulated (0.0003 USDC in escrow)
[2026-05-28T23:07:48.510Z] Fee check: 0.0003 USDC accumulated (0.0003 USDC in escrow)
[2026-05-28T23:08:18.403Z] Fee check: 0.0003 USDC accumulated (0.0003 USDC in escrow)
[2026-05-28T23:08:48.409Z] Fee check: 0.0003 USDC accumulated (0.0003 USDC in escrow)
[2026-05-28T23:09:18.422Z] Fee check: 0.0003 USDC accumulated (0.0003 USDC in escrow)
[2026-05-28T23:09:48.448Z] Fee check: 0.0003 USDC accumulated (0.0003 USDC in escrow)
[2026-05-28T23:10:18.894Z] Fee check: 0.0003 USDC accumulated (0.0003 USDC in escrow)
[2026-05-28T23:10:48.639Z] Fee check: 0.0003 USDC accumulated (0.0003 USDC in escrow)
[2026-05-28T23:11:18.510Z] Fee check: 0.0003 USDC accumulated (0.0003 USDC in escrow)
[2026-05-28T23:11:48.563Z] Fee check: 0.0003 USDC accumulated (0.0003 USDC in escrow)
[2026-05-28T23:12:18.695Z] Fee check: 0.0003 USDC accumulated (0.0003 USDC in escrow)
[2026-05-28T23:12:48.720Z] Fee check: 0.0003 USDC accumulated (0.0003 USDC in escrow)
[2026-05-28T23:13:18.613Z] Fee check: 0.0003 USDC accumulated (0.0003 USDC in escrow)
[2026-05-28T23:13:48.614Z] Fee check: 0.0003 USDC accumulated (0.0003 USDC in escrow)
[2026-05-28T23:14:18.648Z] Fee check: 0.0003 USDC accumulated (0.0003 USDC in escrow)
[2026-05-28T23:14:48.672Z] Fee check: 0.0003 USDC accumulated (0.0003 USDC in escrow)
[2026-05-28T23:15:18.832Z] Fee check: 0.0003 USDC accumulated (0.0003 USDC in escrow)
[2026-05-28T23:15:48.849Z] Fee check: 0.0003 USDC accumulated (0.0003 USDC in escrow)
[2026-05-28T23:16:18.740Z] Fee check: 0.0003 USDC accumulated (0.0003 USDC in escrow)
[2026-05-28T23:16:48.765Z] Fee check: 0.0003 USDC accumulated (0.0003 USDC in escrow)
[2026-05-28T23:17:18.918Z] Fee check: 0.0003 USDC accumulated (0.0003 USDC in escrow)
[2026-05-28T23:17:48.949Z] Fee check: 0.0003 USDC accumulated (0.0003 USDC in escrow)
[2026-05-28T23:18:18.831Z] Fee check: 0.0003 USDC accumulated (0.0003 USDC in escrow)
[2026-05-28T23:18:48.828Z] Fee check: 0.0003 USDC accumulated (0.0003 USDC in escrow)
[2026-05-28T23:19:18.881Z] Fee check: 0.0003 USDC accumulated (0.0003 USDC in escrow)
[2026-05-28T23:19:48.895Z] Fee check: 0.0003 USDC accumulated (0.0003 USDC in escrow)
[2026-05-28T23:20:19.035Z] Fee check: 0.0003 USDC accumulated (0.0003 USDC in escrow)
[2026-05-28T23:20:49.185Z] Fee check: 0.0003 USDC accumulated (0.0003 USDC in escrow)
[2026-05-28T23:21:18.955Z] Fee check: 0.0003 USDC accumulated (0.0003 USDC in escrow)
[2026-05-28T23:21:48.969Z] Fee check: 0.0003 USDC accumulated (0.0003 USDC in escrow)
[2026-05-28T23:22:19.127Z] Fee check: 0.0003 USDC accumulated (0.0003 USDC in escrow)
[2026-05-28T23:22:49.018Z] Fee check: 0.0003 USDC accumulated (0.0003 USDC in escrow)
[2026-05-28T23:23:19.058Z] Fee check: 0.0003 USDC accumulated (0.0003 USDC in escrow)
[2026-05-28T23:23:49.061Z] Fee check: 0.0003 USDC accumulated (0.0003 USDC in escrow)
[2026-05-28T23:24:19.086Z] Fee check: 0.0003 USDC accumulated (0.0003 USDC in escrow)
[2026-05-28T23:24:49.098Z] Fee check: 0.0003 USDC accumulated (0.0003 USDC in escrow)
[2026-05-28T23:25:19.742Z] Fee check: 0.0003 USDC accumulated (0.0003 USDC in escrow)
[2026-05-28T23:25:49.889Z] Fee check: 0.0003 USDC accumulated (0.0003 USDC in escrow)
[2026-05-28T23:26:19.179Z] Fee check: 0.0003 USDC accumulated (0.0003 USDC in escrow)
[2026-05-28T23:26:49.212Z] Fee check: 0.0003 USDC accumulated (0.0003 USDC in escrow)
[2026-05-28T23:27:19.595Z] Fee check: 0.0003 USDC accumulated (0.0003 USDC in escrow)
[2026-05-28T23:27:49.379Z] Fee check: 0.0003 USDC accumulated (0.0003 USDC in escrow)
[2026-05-28T23:28:19.274Z] Fee check: 0.0003 USDC accumulated (0.0003 USDC in escrow)
[2026-05-28T23:28:49.276Z] Fee check: 0.0003 USDC accumulated (0.0003 USDC in escrow)
[2026-05-28T23:29:19.555Z] Fee check: 0.0003 USDC accumulated (0.0003 USDC in escrow)
[2026-05-28T23:29:49.314Z] Fee check: 0.0003 USDC accumulated (0.0003 USDC in escrow)
[2026-05-28T23:30:19.470Z] Fee check: 0.0003 USDC accumulated (0.0003 USDC in escrow)
[2026-05-28T23:30:49.489Z] Fee check: 0.0003 USDC accumulated (0.0003 USDC in escrow)
[2026-05-28T23:31:19.371Z] Fee check: 0.0003 USDC accumulated (0.0003 USDC in escrow)
[2026-05-28T23:31:49.420Z] Fee check: 0.0003 USDC accumulated (0.0003 USDC in escrow)
[2026-05-28T23:32:19.572Z] Fee check: 0.0003 USDC accumulated (0.0003 USDC in escrow)
[2026-05-28T23:32:49.579Z] Fee check: 0.0003 USDC accumulated (0.0003 USDC in escrow)
[2026-05-28T23:33:19.739Z] Fee check: 0.0003 USDC accumulated (0.0003 USDC in escrow)
[2026-05-28T23:33:49.485Z] Fee check: 0.0003 USDC accumulated (0.0003 USDC in escrow)
[2026-05-28T23:34:19.495Z] Fee check: 0.0003 USDC accumulated (0.0003 USDC in escrow)
[2026-05-28T23:34:49.529Z] Fee check: 0.0003 USDC accumulated (0.0003 USDC in escrow)
[2026-05-28T23:35:19.664Z] Fee check: 0.0003 USDC accumulated (0.0003 USDC in escrow)
[2026-05-28T23:35:49.745Z] Fee check: 0.0003 USDC accumulated (0.0003 USDC in escrow)
[2026-05-28T23:36:19.618Z] Fee check: 0.0003 USDC accumulated (0.0003 USDC in escrow)
[2026-05-28T23:36:49.880Z] Fee check: 0.0003 USDC accumulated (0.0003 USDC in escrow)
[2026-05-28T23:37:19.793Z] Fee check: 0.0003 USDC accumulated (0.0003 USDC in escrow)
[2026-05-28T23:37:49.785Z] Fee check: 0.0003 USDC accumulated (0.0003 USDC in escrow)
[2026-05-28T23:38:19.707Z] Fee check: 0.0003 USDC accumulated (0.0003 USDC in escrow)
[2026-05-28T23:38:49.695Z] Fee check: 0.0003 USDC accumulated (0.0003 USDC in escrow)
[2026-05-28T23:39:19.762Z] Fee check: 0.0003 USDC accumulated (0.0003 USDC in escrow)
[2026-05-28T23:39:49.742Z] Fee check: 0.0003 USDC accumulated (0.0003 USDC in escrow)
[2026-05-28T23:40:19.890Z] Fee check: 0.0003 USDC accumulated (0.0003 USDC in escrow)
[2026-05-28T23:40:49.924Z] Fee check: 0.0003 USDC accumulated (0.0003 USDC in escrow)
[2026-05-28T23:41:19.829Z] Fee check: 0.0003 USDC accumulated (0.0003 USDC in escrow)
[2026-05-28T23:41:49.835Z] Fee check: 0.0003 USDC accumulated (0.0003 USDC in escrow)
[2026-05-28T23:42:20.004Z] Fee check: 0.0003 USDC accumulated (0.0003 USDC in escrow)
[2026-05-28T23:42:50.012Z] Fee check: 0.0003 USDC accumulated (0.0003 USDC in escrow)
[2026-05-28T23:43:19.916Z] Fee check: 0.0003 USDC accumulated (0.0003 USDC in escrow)
[2026-05-28T23:43:49.931Z] Fee check: 0.0003 USDC accumulated (0.0003 USDC in escrow)
[2026-05-28T23:44:19.930Z] Fee check: 0.0003 USDC accumulated (0.0003 USDC in escrow)
[2026-05-28T23:44:49.969Z] Fee check: 0.0003 USDC accumulated (0.0003 USDC in escrow)
[2026-05-28T23:45:20.468Z] Fee check: 0.0003 USDC accumulated (0.0003 USDC in escrow)
[2026-05-28T23:45:50.000Z] Fee check: 0.0003 USDC accumulated (0.0003 USDC in escrow)
[2026-05-28T23:46:20.030Z] Fee check: 0.0003 USDC accumulated (0.0003 USDC in escrow)
[2026-05-28T23:46:50.039Z] Fee check: 0.0003 USDC accumulated (0.0003 USDC in escrow)
[2026-05-28T23:47:20.204Z] Fee check: 0.0003 USDC accumulated (0.0003 USDC in escrow)
[2026-05-28T23:47:50.104Z] Fee check: 0.0003 USDC accumulated (0.0003 USDC in escrow)
[2026-05-28T23:48:20.124Z] Fee check: 0.0003 USDC accumulated (0.0003 USDC in escrow)
[2026-05-28T23:48:50.386Z] Fee check: 0.0003 USDC accumulated (0.0003 USDC in escrow)
[2026-05-28T23:49:20.144Z] Fee check: 0.0003 USDC accumulated (0.0003 USDC in escrow)
[2026-05-28T23:49:50.191Z] Fee check: 0.0003 USDC accumulated (0.0003 USDC in escrow)
[2026-05-28T23:50:20.330Z] Fee check: 0.0003 USDC accumulated (0.0003 USDC in escrow)
[2026-05-28T23:50:50.360Z] Fee check: 0.0003 USDC accumulated (0.0003 USDC in escrow)
[2026-05-28T23:51:20.507Z] Fee check: 0.0003 USDC accumulated (0.0003 USDC in escrow)
[2026-05-28T23:51:50.289Z] Fee check: 0.0003 USDC accumulated (0.0003 USDC in escrow)
[2026-05-28T23:52:20.409Z] Fee check: 0.0003 USDC accumulated (0.0003 USDC in escrow)
[2026-05-28T23:52:50.453Z] Fee check: 0.0003 USDC accumulated (0.0003 USDC in escrow)
[2026-05-28T23:53:20.350Z] Fee check: 0.0003 USDC accumulated (0.0003 USDC in escrow)
[2026-05-28T23:53:50.345Z] Fee check: 0.0003 USDC accumulated (0.0003 USDC in escrow)
[2026-05-28T23:54:20.628Z] Fee check: 0.0003 USDC accumulated (0.0003 USDC in escrow)
[2026-05-28T23:54:50.408Z] Fee check: 0.0003 USDC accumulated (0.0003 USDC in escrow)
[2026-05-28T23:55:20.541Z] Fee check: 0.0003 USDC accumulated (0.0003 USDC in escrow)
[2026-05-28T23:55:50.835Z] Fee check: 0.0003 USDC accumulated (0.0003 USDC in escrow)
[2026-05-28T23:56:20.458Z] Fee check: 0.0003 USDC accumulated (0.0003 USDC in escrow)
[2026-05-28T23:56:50.738Z] Fee check: 0.0003 USDC accumulated (0.0003 USDC in escrow)
[2026-05-28T23:57:20.633Z] Fee check: 0.0003 USDC accumulated (0.0003 USDC in escrow)
[2026-05-28T23:57:50.663Z] Fee check: 0.0003 USDC accumulated (0.0003 USDC in escrow)
[2026-05-28T23:58:20.834Z] Fee check: 0.0003 USDC accumulated (0.0003 USDC in escrow)
[2026-05-28T23:58:50.566Z] Fee check: 0.0003 USDC accumulated (0.0003 USDC in escrow)
[2026-05-28T23:59:20.840Z] Fee check: 0.0003 USDC accumulated (0.0003 USDC in escrow)
[2026-05-28T23:59:50.595Z] Fee check: 0.0003 USDC accumulated (0.0003 USDC in escrow)
[2026-05-29T00:00:20.762Z] Fee check: 0.0003 USDC accumulated (0.0003 USDC in escrow)
[2026-05-29T00:00:50.773Z] Fee check: 0.0003 USDC accumulated (0.0003 USDC in escrow)
[2026-05-29T00:01:20.671Z] Fee check: 0.0003 USDC accumulated (0.0003 USDC in escrow)
[2026-05-29T00:01:50.692Z] Fee check: 0.0003 USDC accumulated (0.0003 USDC in escrow)
[2026-05-29T00:02:20.847Z] Fee check: 0.0003 USDC accumulated (0.0003 USDC in escrow)
[2026-05-29T00:02:50.872Z] Fee check: 0.0003 USDC accumulated (0.0003 USDC in escrow)
[2026-05-29T00:03:20.798Z] Fee check: 0.0003 USDC accumulated (0.0003 USDC in escrow)
[2026-05-29T00:03:50.792Z] Fee check: 0.0003 USDC accumulated (0.0003 USDC in escrow)
[2026-05-29T00:04:20.809Z] Fee check: 0.0003 USDC accumulated (0.0003 USDC in escrow)
[2026-05-29T00:04:51.085Z] Fee check: 0.0003 USDC accumulated (0.0003 USDC in escrow)
[2026-05-29T00:05:20.967Z] Fee check: 0.0003 USDC accumulated (0.0003 USDC in escrow)
[2026-05-29T00:05:51.005Z] Fee check: 0.0003 USDC accumulated (0.0003 USDC in escrow)
[2026-05-29T00:06:20.903Z] Fee check: 0.0003 USDC accumulated (0.0003 USDC in escrow)
[2026-05-29T00:06:51.190Z] Fee check: 0.0003 USDC accumulated (0.0003 USDC in escrow)
[2026-05-29T00:07:21.074Z] Fee check: 0.0003 USDC accumulated (0.0003 USDC in escrow)
[2026-05-29T00:07:50.972Z] Fee check: 0.0003 USDC accumulated (0.0003 USDC in escrow)
[2026-05-29T00:08:20.985Z] Fee check: 0.0003 USDC accumulated (0.0003 USDC in escrow)
[2026-05-29T00:08:51.242Z] Fee check: 0.0003 USDC accumulated (0.0003 USDC in escrow)
[2026-05-29T00:09:21.008Z] Fee check: 0.0003 USDC accumulated (0.0003 USDC in escrow)
[2026-05-29T00:09:51.047Z] Fee check: 0.0003 USDC accumulated (0.0003 USDC in escrow)
[2026-05-29T00:10:21.191Z] Fee check: 0.0003 USDC accumulated (0.0003 USDC in escrow)
[2026-05-29T00:10:51.339Z] Fee check: 0.0003 USDC accumulated (0.0003 USDC in escrow)
[2026-05-29T00:11:21.132Z] Fee check: 0.0003 USDC accumulated (0.0003 USDC in escrow)
[2026-05-29T00:11:51.149Z] Fee check: 0.0003 USDC accumulated (0.0003 USDC in escrow)
[2026-05-29T00:12:21.275Z] Fee check: 0.0003 USDC accumulated (0.0003 USDC in escrow)
[2026-05-29T00:12:51.301Z] Fee check: 0.0003 USDC accumulated (0.0003 USDC in escrow)
[2026-05-29T00:13:21.203Z] Fee check: 0.0003 USDC accumulated (0.0003 USDC in escrow)
[2026-05-29T00:13:51.200Z] Fee check: 0.0003 USDC accumulated (0.0003 USDC in escrow)
[2026-05-29T00:14:21.221Z] Fee check: 0.0003 USDC accumulated (0.0003 USDC in escrow)
[2026-05-29T00:14:51.280Z] Fee check: 0.0003 USDC accumulated (0.0003 USDC in escrow)
[2026-05-29T00:15:21.389Z] Fee check: 0.0003 USDC accumulated (0.0003 USDC in escrow)
[2026-05-29T00:15:51.415Z] Fee check: 0.0003 USDC accumulated (0.0003 USDC in escrow)
[2026-05-29T00:16:21.578Z] Fee check: 0.0003 USDC accumulated (0.0003 USDC in escrow)
[2026-05-29T00:16:51.340Z] Fee check: 0.0003 USDC accumulated (0.0003 USDC in escrow)
[2026-05-29T00:17:21.494Z] Fee check: 0.0003 USDC accumulated (0.0003 USDC in escrow)
[2026-05-29T00:17:51.527Z] Fee check: 0.0003 USDC accumulated (0.0003 USDC in escrow)
[2026-05-29T00:18:21.415Z] Fee check: 0.0003 USDC accumulated (0.0003 USDC in escrow)
[2026-05-29T00:18:51.410Z] Fee check: 0.0003 USDC accumulated (0.0003 USDC in escrow)
[2026-05-29T00:19:21.435Z] Fee check: 0.0003 USDC accumulated (0.0003 USDC in escrow)
[2026-05-29T00:19:51.464Z] Fee check: 0.0003 USDC accumulated (0.0003 USDC in escrow)
[2026-05-29T00:20:21.865Z] Fee check: 0.0003 USDC accumulated (0.0003 USDC in escrow)
[2026-05-29T00:20:51.641Z] Fee check: 0.0003 USDC accumulated (0.0003 USDC in escrow)
[2026-05-29T00:21:21.542Z] Fee check: 0.0003 USDC accumulated (0.0003 USDC in escrow)
[2026-05-29T00:21:51.558Z] Fee check: 0.0003 USDC accumulated (0.0003 USDC in escrow)
[2026-05-29T00:22:21.705Z] Fee check: 0.0003 USDC accumulated (0.0003 USDC in escrow)
[2026-05-29T00:22:51.731Z] Fee check: 0.0003 USDC accumulated (0.0003 USDC in escrow)
[2026-05-29T00:23:21.629Z] Fee check: 0.0003 USDC accumulated (0.0003 USDC in escrow)
[2026-05-29T00:23:51.629Z] Fee check: 0.0003 USDC accumulated (0.0003 USDC in escrow)
[2026-05-29T00:24:21.918Z] Fee check: 0.0003 USDC accumulated (0.0003 USDC in escrow)
[2026-05-29T00:24:51.673Z] Fee check: 0.0003 USDC accumulated (0.0003 USDC in escrow)
[2026-05-29T00:25:21.832Z] Fee check: 0.0003 USDC accumulated (0.0003 USDC in escrow)
[2026-05-29T00:25:52.124Z] Fee check: 0.0003 USDC accumulated (0.0003 USDC in escrow)
[2026-05-29T00:26:21.745Z] Fee check: 0.0003 USDC accumulated (0.0003 USDC in escrow)
[2026-05-29T00:26:51.770Z] Fee check: 0.0003 USDC accumulated (0.0003 USDC in escrow)
[2026-05-29T00:27:21.923Z] Fee check: 0.0003 USDC accumulated (0.0003 USDC in escrow)
[2026-05-29T00:27:51.963Z] Fee check: 0.0003 USDC accumulated (0.0003 USDC in escrow)
[2026-05-29T00:28:21.894Z] Fee check: 0.0003 USDC accumulated (0.0003 USDC in escrow)
[2026-05-29T00:28:51.835Z] Fee check: 0.0003 USDC accumulated (0.0003 USDC in escrow)
[2026-05-29T00:29:22.160Z] Fee check: 0.0003 USDC accumulated (0.0003 USDC in escrow)
[2026-05-29T00:29:51.893Z] Fee check: 0.0003 USDC accumulated (0.0003 USDC in escrow)
[2026-05-29T00:30:22.040Z] Fee check: 0.0003 USDC accumulated (0.0003 USDC in escrow)
[2026-05-29T00:30:51.964Z] Fee check: 0.0003 USDC accumulated (0.0003 USDC in escrow)
[2026-05-29T00:31:21.954Z] Fee check: 0.0003 USDC accumulated (0.0003 USDC in escrow)
[2026-05-29T00:31:52.014Z] Fee check: 0.0003 USDC accumulated (0.0003 USDC in escrow)
[2026-05-29T00:32:22.141Z] Fee check: 0.0003 USDC accumulated (0.0003 USDC in escrow)
[2026-05-29T00:32:52.559Z] Fee check: 0.0003 USDC accumulated (0.0003 USDC in escrow)
[2026-05-29T00:33:22.064Z] Fee check: 0.0003 USDC accumulated (0.0003 USDC in escrow)
[2026-05-29T00:33:52.333Z] Fee check: 0.0003 USDC accumulated (0.0003 USDC in escrow)
[2026-05-29T00:34:22.078Z] Fee check: 0.0003 USDC accumulated (0.0003 USDC in escrow)
[2026-05-29T00:34:52.114Z] Fee check: 0.0003 USDC accumulated (0.0003 USDC in escrow)
[2026-05-29T00:35:22.251Z] Fee check: 0.0003 USDC accumulated (0.0003 USDC in escrow)
[2026-05-29T00:35:52.276Z] Fee check: 0.0003 USDC accumulated (0.0003 USDC in escrow)
[2026-05-29T00:36:22.171Z] Fee check: 0.0003 USDC accumulated (0.0003 USDC in escrow)
[2026-05-29T00:36:52.198Z] Fee check: 0.0003 USDC accumulated (0.0003 USDC in escrow)
[2026-05-29T00:37:22.642Z] Fee check: 0.0003 USDC accumulated (0.0003 USDC in escrow)
[2026-05-29T00:37:52.385Z] Fee check: 0.0003 USDC accumulated (0.0003 USDC in escrow)
[2026-05-29T00:38:22.303Z] Fee check: 0.0003 USDC accumulated (0.0003 USDC in escrow)
[2026-05-29T00:38:52.280Z] Fee check: 0.0003 USDC accumulated (0.0003 USDC in escrow)
[2026-05-29T00:39:22.304Z] Fee check: 0.0003 USDC accumulated (0.0003 USDC in escrow)
[2026-05-29T00:39:52.323Z] Fee check: 0.0003 USDC accumulated (0.0003 USDC in escrow)
[2026-05-29T00:40:22.478Z] Fee check: 0.0003 USDC accumulated (0.0003 USDC in escrow)
[2026-05-29T00:40:52.571Z] Fee check: 0.0003 USDC accumulated (0.0003 USDC in escrow)
[2026-05-29T00:41:22.399Z] Fee check: 0.0003 USDC accumulated (0.0003 USDC in escrow)
[2026-05-29T00:41:52.462Z] Fee check: 0.0003 USDC accumulated (0.0003 USDC in escrow)
[2026-05-29T00:42:22.578Z] Fee check: 0.0003 USDC accumulated (0.0003 USDC in escrow)
[2026-05-29T00:42:52.626Z] Fee check: 0.0003 USDC accumulated (0.0003 USDC in escrow)
[2026-05-29T00:43:22.487Z] Fee check: 0.0003 USDC accumulated (0.0003 USDC in escrow)
[2026-05-29T00:43:52.772Z] Fee check: 0.0003 USDC accumulated (0.0003 USDC in escrow)
[2026-05-29T00:44:22.523Z] Fee check: 0.0003 USDC accumulated (0.0003 USDC in escrow)
[2026-05-29T00:44:52.522Z] Fee check: 0.0003 USDC accumulated (0.0003 USDC in escrow)
[2026-05-29T00:45:22.702Z] Fee check: 0.0003 USDC accumulated (0.0003 USDC in escrow)
[2026-05-29T00:45:52.706Z] Fee check: 0.0003 USDC accumulated (0.0003 USDC in escrow)
[2026-05-29T00:46:22.612Z] Fee check: 0.0003 USDC accumulated (0.0003 USDC in escrow)
[2026-05-29T00:46:52.648Z] Fee check: 0.0003 USDC accumulated (0.0003 USDC in escrow)
[2026-05-29T00:47:22.788Z] Fee check: 0.0003 USDC accumulated (0.0003 USDC in escrow)
[2026-05-29T00:47:52.808Z] Fee check: 0.0003 USDC accumulated (0.0003 USDC in escrow)
[2026-05-29T00:48:22.737Z] Fee check: 0.0003 USDC accumulated (0.0003 USDC in escrow)
[2026-05-29T00:48:52.701Z] Fee check: 0.0003 USDC accumulated (0.0003 USDC in escrow)
[2026-05-29T00:49:22.984Z] Fee check: 0.0003 USDC accumulated (0.0003 USDC in escrow)
[2026-05-29T00:49:52.756Z] Fee check: 0.0003 USDC accumulated (0.0003 USDC in escrow)
[2026-05-29T00:50:22.925Z] Fee check: 0.0003 USDC accumulated (0.0003 USDC in escrow)
[2026-05-29T00:50:52.933Z] Fee check: 0.0003 USDC accumulated (0.0003 USDC in escrow)
[2026-05-29T00:51:22.808Z] Fee check: 0.0003 USDC accumulated (0.0003 USDC in escrow)
[2026-05-29T00:51:52.851Z] Fee check: 0.0003 USDC accumulated (0.0003 USDC in escrow)
[2026-05-29T00:52:23.014Z] Fee check: 0.0003 USDC accumulated (0.0003 USDC in escrow)
[2026-05-29T00:52:53.134Z] Fee check: 0.0003 USDC accumulated (0.0003 USDC in escrow)
[2026-05-29T00:53:22.920Z] Fee check: 0.0003 USDC accumulated (0.0003 USDC in escrow)
[2026-05-29T00:53:52.927Z] Fee check: 0.0003 USDC accumulated (0.0003 USDC in escrow)
[2026-05-29T00:54:23.206Z] Fee check: 0.0003 USDC accumulated (0.0003 USDC in escrow)
[2026-05-29T00:54:52.964Z] Fee check: 0.0003 USDC accumulated (0.0003 USDC in escrow)
[2026-05-29T00:55:23.135Z] Fee check: 0.0003 USDC accumulated (0.0003 USDC in escrow)
[2026-05-29T00:55:53.077Z] Fee check: 0.0003 USDC accumulated (0.0003 USDC in escrow)
[2026-05-29T00:56:23.047Z] Fee check: 0.0003 USDC accumulated (0.0003 USDC in escrow)
[2026-05-29T00:56:53.077Z] Fee check: 0.0003 USDC accumulated (0.0003 USDC in escrow)
[2026-05-29T00:57:23.217Z] Fee check: 0.0003 USDC accumulated (0.0003 USDC in escrow)
[2026-05-29T00:57:53.112Z] Fee check: 0.0003 USDC accumulated (0.0003 USDC in escrow)
[2026-05-29T00:58:23.132Z] Fee check: 0.0003 USDC accumulated (0.0003 USDC in escrow)
[2026-05-29T00:58:53.138Z] Fee check: 0.0003 USDC accumulated (0.0003 USDC in escrow)
[2026-05-29T00:59:23.463Z] Fee check: 0.0003 USDC accumulated (0.0003 USDC in escrow)
[2026-05-29T00:59:53.189Z] Fee check: 0.0003 USDC accumulated (0.0003 USDC in escrow)
[2026-05-29T01:00:23.342Z] Fee check: 0.0003 USDC accumulated (0.0003 USDC in escrow)
[2026-05-29T01:00:53.378Z] Fee check: 0.0003 USDC accumulated (0.0003 USDC in escrow)
[2026-05-29T01:01:23.298Z] Fee check: 0.0003 USDC accumulated (0.0003 USDC in escrow)
[2026-05-29T01:01:53.305Z] Fee check: 0.0003 USDC accumulated (0.0003 USDC in escrow)
[2026-05-29T01:02:23.439Z] Fee check: 0.0003 USDC accumulated (0.0003 USDC in escrow)
[2026-05-29T01:02:53.455Z] Fee check: 0.0003 USDC accumulated (0.0003 USDC in escrow)
[2026-05-29T01:03:23.377Z] Fee check: 0.0003 USDC accumulated (0.0003 USDC in escrow)
[2026-05-29T01:03:53.356Z] Fee check: 0.0003 USDC accumulated (0.0003 USDC in escrow)
[2026-05-29T01:04:23.390Z] Fee check: 0.0003 USDC accumulated (0.0003 USDC in escrow)
[2026-05-29T01:04:53.425Z] Fee check: 0.0003 USDC accumulated (0.0003 USDC in escrow)
[2026-05-29T01:05:23.553Z] Fee check: 0.0003 USDC accumulated (0.0003 USDC in escrow)
[2026-05-29T01:05:53.572Z] Fee check: 0.0003 USDC accumulated (0.0003 USDC in escrow)
[2026-05-29T01:06:23.469Z] Fee check: 0.0003 USDC accumulated (0.0003 USDC in escrow)
[2026-05-29T01:06:53.770Z] Fee check: 0.0003 USDC accumulated (0.0003 USDC in escrow)
[2026-05-29T01:07:23.657Z] Fee check: 0.0003 USDC accumulated (0.0003 USDC in escrow)
[2026-05-29T01:07:53.712Z] Fee check: 0.0003 USDC accumulated (0.0003 USDC in escrow)
[2026-05-29T01:08:23.573Z] Fee check: 0.0003 USDC accumulated (0.0003 USDC in escrow)
[2026-05-29T01:08:53.582Z] Fee check: 0.0003 USDC accumulated (0.0003 USDC in escrow)
[2026-05-29T01:09:23.888Z] Fee check: 0.0003 USDC accumulated (0.0003 USDC in escrow)
[2026-05-29T01:09:53.632Z] Fee check: 0.0003 USDC accumulated (0.0003 USDC in escrow)
[2026-05-29T01:10:23.795Z] Fee check: 0.0003 USDC accumulated (0.0003 USDC in escrow)
[2026-05-29T01:10:53.784Z] Fee check: 0.0003 USDC accumulated (0.0003 USDC in escrow)
[2026-05-29T01:11:23.722Z] Fee check: 0.0003 USDC accumulated (0.0003 USDC in escrow)
[2026-05-29T01:11:53.701Z] Fee check: 0.0003 USDC accumulated (0.0003 USDC in escrow)
[2026-05-29T01:12:23.879Z] Fee check: 0.0003 USDC accumulated (0.0003 USDC in escrow)
[2026-05-29T01:12:53.887Z] Fee check: 0.0003 USDC accumulated (0.0003 USDC in escrow)
[2026-05-29T01:13:23.813Z] Fee check: 0.0003 USDC accumulated (0.0003 USDC in escrow)
[2026-05-29T01:13:53.833Z] Fee check: 0.0003 USDC accumulated (0.0003 USDC in escrow)
[2026-05-29T01:14:23.826Z] Fee check: 0.0003 USDC accumulated (0.0003 USDC in escrow)
[2026-05-29T01:14:53.824Z] Fee check: 0.0003 USDC accumulated (0.0003 USDC in escrow)
[2026-05-29T01:15:24.260Z] Fee check: 0.0003 USDC accumulated (0.0003 USDC in escrow)
[2026-05-29T01:15:54.055Z] Fee check: 0.0003 USDC accumulated (0.0003 USDC in escrow)
[2026-05-29T01:16:23.903Z] Fee check: 0.0003 USDC accumulated (0.0003 USDC in escrow)
[2026-05-29T01:16:53.943Z] Fee check: 0.0003 USDC accumulated (0.0003 USDC in escrow)
[2026-05-29T01:17:24.071Z] Fee check: 0.0003 USDC accumulated (0.0003 USDC in escrow)
[2026-05-29T01:17:54.249Z] Fee check: 0.0003 USDC accumulated (0.0003 USDC in escrow)
[2026-05-29T01:18:24.004Z] Fee check: 0.0003 USDC accumulated (0.0003 USDC in escrow)
[2026-05-29T01:18:53.990Z] Fee check: 0.0003 USDC accumulated (0.0003 USDC in escrow)
[2026-05-29T01:19:24.029Z] Fee check: 0.0003 USDC accumulated (0.0003 USDC in escrow)
[2026-05-29T01:19:54.048Z] Fee check: 0.0003 USDC accumulated (0.0003 USDC in escrow)
[2026-05-29T01:20:24.185Z] Fee check: 0.0003 USDC accumulated (0.0003 USDC in escrow)
[2026-05-29T01:20:54.084Z] Fee check: 0.0003 USDC accumulated (0.0003 USDC in escrow)
[2026-05-29T01:21:24.111Z] Fee check: 0.0003 USDC accumulated (0.0003 USDC in escrow)
[2026-05-29T01:21:54.148Z] Fee check: 0.0003 USDC accumulated (0.0003 USDC in escrow)
[2026-05-29T01:22:24.291Z] Fee check: 0.0003 USDC accumulated (0.0003 USDC in escrow)
[2026-05-29T01:22:54.319Z] Fee check: 0.0003 USDC accumulated (0.0003 USDC in escrow)
[2026-05-29T01:23:24.213Z] Fee check: 0.0003 USDC accumulated (0.0003 USDC in escrow)
[2026-05-29T01:23:54.203Z] Fee check: 0.0003 USDC accumulated (0.0003 USDC in escrow)
[2026-05-29T01:24:24.501Z] Fee check: 0.0003 USDC accumulated (0.0003 USDC in escrow)
[2026-05-29T01:24:54.263Z] Fee check: 0.0003 USDC accumulated (0.0003 USDC in escrow)
[2026-05-29T01:25:24.401Z] Fee check: 0.0003 USDC accumulated (0.0003 USDC in escrow)
[2026-05-29T01:25:54.711Z] Fee check: 0.0003 USDC accumulated (0.0003 USDC in escrow)
[2026-05-29T01:26:24.324Z] Fee check: 0.0003 USDC accumulated (0.0003 USDC in escrow)
[2026-05-29T01:26:54.360Z] Fee check: 0.0003 USDC accumulated (0.0003 USDC in escrow)
[2026-05-29T01:27:24.518Z] Fee check: 0.0003 USDC accumulated (0.0003 USDC in escrow)
[2026-05-29T01:27:54.517Z] Fee check: 0.0003 USDC accumulated (0.0003 USDC in escrow)
[2026-05-29T01:28:24.434Z] Fee check: 0.0003 USDC accumulated (0.0003 USDC in escrow)
[2026-05-29T01:28:54.418Z] Fee check: 0.0003 USDC accumulated (0.0003 USDC in escrow)
[2026-05-29T01:29:24.455Z] Fee check: 0.0003 USDC accumulated (0.0003 USDC in escrow)
[2026-05-29T01:29:54.478Z] Fee check: 0.0003 USDC accumulated (0.0003 USDC in escrow)
[2026-05-29T01:30:24.633Z] Fee check: 0.0003 USDC accumulated (0.0003 USDC in escrow)
[2026-05-29T01:30:54.644Z] Fee check: 0.0003 USDC accumulated (0.0003 USDC in escrow)
[2026-05-29T01:31:24.534Z] Fee check: 0.0003 USDC accumulated (0.0003 USDC in escrow)
[2026-05-29T01:31:54.564Z] Fee check: 0.0003 USDC accumulated (0.0003 USDC in escrow)
[2026-05-29T01:32:24.728Z] Fee check: 0.0003 USDC accumulated (0.0003 USDC in escrow)
[2026-05-29T01:32:54.723Z] Fee check: 0.0003 USDC accumulated (0.0003 USDC in escrow)
[2026-05-29T01:33:24.651Z] Fee check: 0.0003 USDC accumulated (0.0003 USDC in escrow)
[2026-05-29T01:33:54.642Z] Fee check: 0.0003 USDC accumulated (0.0003 USDC in escrow)
[2026-05-29T01:34:24.789Z] Fee check: 0.0003 USDC accumulated (0.0003 USDC in escrow)
[2026-05-29T01:34:54.968Z] Fee check: 0.0003 USDC accumulated (0.0003 USDC in escrow)
[2026-05-29T01:35:24.819Z] Fee check: 0.0003 USDC accumulated (0.0003 USDC in escrow)
[2026-05-29T01:35:54.854Z] Fee check: 0.0003 USDC accumulated (0.0003 USDC in escrow)
[2026-05-29T01:36:24.773Z] Fee check: 0.0003 USDC accumulated (0.0003 USDC in escrow)
[2026-05-29T01:36:55.048Z] Fee check: 0.0003 USDC accumulated (0.0003 USDC in escrow)
[2026-05-29T01:37:24.945Z] Fee check: 0.0003 USDC accumulated (0.0003 USDC in escrow)
[2026-05-29T01:37:54.964Z] Fee check: 0.0003 USDC accumulated (0.0003 USDC in escrow)
[2026-05-29T01:38:24.914Z] Fee check: 0.0003 USDC accumulated (0.0003 USDC in escrow)
[2026-05-29T01:38:54.853Z] Fee check: 0.0003 USDC accumulated (0.0003 USDC in escrow)
[2026-05-29T01:39:24.886Z] Fee check: 0.0003 USDC accumulated (0.0003 USDC in escrow)
[2026-05-29T01:39:55.167Z] Fee check: 0.0003 USDC accumulated (0.0003 USDC in escrow)
[2026-05-29T01:40:25.060Z] Fee check: 0.0003 USDC accumulated (0.0003 USDC in escrow)
[2026-05-29T01:40:55.034Z] Fee check: 0.0003 USDC accumulated (0.0003 USDC in escrow)
[2026-05-29T01:41:24.981Z] Fee check: 0.0003 USDC accumulated (0.0003 USDC in escrow)
[2026-05-29T01:41:54.988Z] Fee check: 0.0003 USDC accumulated (0.0003 USDC in escrow)
[2026-05-29T01:42:25.165Z] Fee check: 0.0003 USDC accumulated (0.0003 USDC in escrow)
[2026-05-29T01:42:55.219Z] Fee check: 0.0003 USDC accumulated (0.0003 USDC in escrow)
[2026-05-29T01:43:25.070Z] Fee check: 0.0003 USDC accumulated (0.0003 USDC in escrow)
[2026-05-29T01:43:55.058Z] Fee check: 0.0003 USDC accumulated (0.0003 USDC in escrow)
[2026-05-29T01:44:25.091Z] Fee check: 0.0003 USDC accumulated (0.0003 USDC in escrow)
[2026-05-29T01:44:55.153Z] Fee check: 0.0003 USDC accumulated (0.0003 USDC in escrow)
[2026-05-29T01:45:25.279Z] Fee check: 0.0003 USDC accumulated (0.0003 USDC in escrow)
[2026-05-29T01:45:55.280Z] Fee check: 0.0003 USDC accumulated (0.0003 USDC in escrow)
[2026-05-29T01:46:25.187Z] Fee check: 0.0003 USDC accumulated (0.0003 USDC in escrow)
[2026-05-29T01:46:55.567Z] Fee check: 0.0003 USDC accumulated (0.0003 USDC in escrow)
[2026-05-29T01:47:25.391Z] Fee check: 0.0003 USDC accumulated (0.0003 USDC in escrow)
[2026-05-29T01:47:55.402Z] Fee check: 0.0003 USDC accumulated (0.0003 USDC in escrow)
[2026-05-29T01:48:25.398Z] Fee check: 0.0003 USDC accumulated (0.0003 USDC in escrow)
[2026-05-29T01:48:55.559Z] Fee check: 0.0003 USDC accumulated (0.0003 USDC in escrow)
[2026-05-29T01:49:25.318Z] Fee check: 0.0003 USDC accumulated (0.0003 USDC in escrow)
[2026-05-29T01:49:55.847Z] Fee check: 0.0003 USDC accumulated (0.0003 USDC in escrow)
[2026-05-29T01:50:25.489Z] Fee check: 0.0003 USDC accumulated (0.0003 USDC in escrow)
[2026-05-29T01:50:55.500Z] Fee check: 0.0003 USDC accumulated (0.0003 USDC in escrow)
[2026-05-29T01:51:25.397Z] Fee check: 0.0003 USDC accumulated (0.0003 USDC in escrow)
[2026-05-29T01:51:55.699Z] Fee check: 0.0003 USDC accumulated (0.0003 USDC in escrow)
[2026-05-29T01:52:25.597Z] Fee check: 0.0003 USDC accumulated (0.0003 USDC in escrow)
[2026-05-29T01:52:55.610Z] Fee check: 0.0003 USDC accumulated (0.0003 USDC in escrow)
[2026-05-29T01:53:25.516Z] Fee check: 0.0003 USDC accumulated (0.0003 USDC in escrow)
[2026-05-29T01:53:55.504Z] Fee check: 0.0003 USDC accumulated (0.0003 USDC in escrow)
[2026-05-29T01:54:25.546Z] Fee check: 0.0003 USDC accumulated (0.0003 USDC in escrow)
[2026-05-29T01:54:55.854Z] Fee check: 0.0003 USDC accumulated (0.0003 USDC in escrow)
[2026-05-29T01:55:25.724Z] Fee check: 0.0003 USDC accumulated (0.0003 USDC in escrow)
[2026-05-29T01:55:55.745Z] Fee check: 0.0003 USDC accumulated (0.0003 USDC in escrow)
[2026-05-29T01:56:25.616Z] Fee check: 0.0003 USDC accumulated (0.0003 USDC in escrow)
[2026-05-29T01:56:55.641Z] Fee check: 0.0003 USDC accumulated (0.0003 USDC in escrow)
[2026-05-29T01:57:25.809Z] Fee check: 0.0003 USDC accumulated (0.0003 USDC in escrow)
[2026-05-29T01:57:56.091Z] Fee check: 0.0003 USDC accumulated (0.0003 USDC in escrow)
[2026-05-29T01:58:25.712Z] Fee check: 0.0003 USDC accumulated (0.0003 USDC in escrow)
[2026-05-29T01:58:55.731Z] Fee check: 0.0003 USDC accumulated (0.0003 USDC in escrow)
[2026-05-29T01:59:25.730Z] Fee check: 0.0003 USDC accumulated (0.0003 USDC in escrow)
[2026-05-29T01:59:55.794Z] Fee check: 0.0003 USDC accumulated (0.0003 USDC in escrow)
[2026-05-29T02:00:26.190Z] Fee check: 0.0003 USDC accumulated (0.0003 USDC in escrow)
[2026-05-29T02:00:55.921Z] Fee check: 0.0003 USDC accumulated (0.0003 USDC in escrow)
[2026-05-29T02:01:25.836Z] Fee check: 0.0003 USDC accumulated (0.0003 USDC in escrow)
[2026-05-29T02:01:55.875Z] Fee check: 0.0003 USDC accumulated (0.0003 USDC in escrow)
[2026-05-29T02:02:25.999Z] Fee check: 0.0003 USDC accumulated (0.0003 USDC in escrow)
[2026-05-29T02:02:55.906Z] Fee check: 0.0003 USDC accumulated (0.0003 USDC in escrow)
[2026-05-29T02:03:25.930Z] Fee check: 0.0003 USDC accumulated (0.0003 USDC in escrow)
[2026-05-29T02:03:56.592Z] Fee check: 0.0003 USDC accumulated (0.0003 USDC in escrow)
[2026-05-29T02:04:25.956Z] Fee check: 0.0003 USDC accumulated (0.0003 USDC in escrow)
[2026-05-29T02:04:55.982Z] Fee check: 0.0003 USDC accumulated (0.0003 USDC in escrow)
[2026-05-29T02:05:26.403Z] Fee check: 0.0003 USDC accumulated (0.0003 USDC in escrow)
[2026-05-29T02:05:56.021Z] Fee check: 0.0003 USDC accumulated (0.0003 USDC in escrow)
[2026-05-29T02:06:26.048Z] Fee check: 0.0003 USDC accumulated (0.0003 USDC in escrow)
[2026-05-29T02:06:56.084Z] Fee check: 0.0003 USDC accumulated (0.0003 USDC in escrow)
[2026-05-29T02:07:26.214Z] Fee check: 0.0003 USDC accumulated (0.0003 USDC in escrow)
[2026-05-29T02:07:56.388Z] Fee check: 0.0003 USDC accumulated (0.0003 USDC in escrow)
[2026-05-29T02:08:26.148Z] Fee check: 0.0003 USDC accumulated (0.0003 USDC in escrow)
[2026-05-29T02:08:56.177Z] Fee check: 0.0003 USDC accumulated (0.0003 USDC in escrow)
[2026-05-29T02:09:26.216Z] Fee check: 0.0003 USDC accumulated (0.0003 USDC in escrow)
[2026-05-29T02:09:56.221Z] Fee check: 0.0003 USDC accumulated (0.0003 USDC in escrow)
[2026-05-29T02:10:26.362Z] Fee check: 0.0003 USDC accumulated (0.0003 USDC in escrow)
[2026-05-29T02:10:56.660Z] Fee check: 0.0003 USDC accumulated (0.0003 USDC in escrow)
[2026-05-29T02:11:26.298Z] Fee check: 0.0003 USDC accumulated (0.0003 USDC in escrow)
[2026-05-29T02:11:56.303Z] Fee check: 0.0003 USDC accumulated (0.0003 USDC in escrow)
[2026-05-29T02:12:26.727Z] Fee check: 0.0003 USDC accumulated (0.0003 USDC in escrow)
[2026-05-29T02:12:56.482Z] Fee check: 0.0003 USDC accumulated (0.0003 USDC in escrow)
[2026-05-29T02:13:26.366Z] Fee check: 0.0003 USDC accumulated (0.0003 USDC in escrow)
[2026-05-29T02:13:56.401Z] Fee check: 0.0003 USDC accumulated (0.0003 USDC in escrow)
[2026-05-29T02:14:26.400Z] Fee check: 0.0003 USDC accumulated (0.0003 USDC in escrow)
[2026-05-29T02:14:56.415Z] Fee check: 0.0003 USDC accumulated (0.0003 USDC in escrow)
[2026-05-29T02:15:26.571Z] Fee check: 0.0003 USDC accumulated (0.0003 USDC in escrow)
[2026-05-29T02:15:56.596Z] Fee check: 0.0003 USDC accumulated (0.0003 USDC in escrow)
[2026-05-29T02:16:26.545Z] Fee check: 0.0003 USDC accumulated (0.0003 USDC in escrow)
[2026-05-29T02:16:56.523Z] Fee check: 0.0003 USDC accumulated (0.0003 USDC in escrow)
[2026-05-29T02:17:26.680Z] Fee check: 0.0003 USDC accumulated (0.0003 USDC in escrow)
[2026-05-29T02:17:56.725Z] Fee check: 0.0003 USDC accumulated (0.0003 USDC in escrow)
[2026-05-29T02:18:26.587Z] Fee check: 0.0003 USDC accumulated (0.0003 USDC in escrow)
[2026-05-29T02:18:56.863Z] Fee check: 0.0003 USDC accumulated (0.0003 USDC in escrow)
[2026-05-29T02:19:26.633Z] Fee check: 0.0003 USDC accumulated (0.0003 USDC in escrow)
[2026-05-29T02:19:56.655Z] Fee check: 0.0003 USDC accumulated (0.0003 USDC in escrow)
[2026-05-29T02:20:26.779Z] Fee check: 0.0003 USDC accumulated (0.0003 USDC in escrow)
[2026-05-29T02:20:56.834Z] Fee check: 0.0003 USDC accumulated (0.0003 USDC in escrow)
[2026-05-29T02:21:26.726Z] Fee check: 0.0003 USDC accumulated (0.0003 USDC in escrow)
[2026-05-29T02:21:56.743Z] Fee check: 0.0003 USDC accumulated (0.0003 USDC in escrow)
[2026-05-29T02:22:27.159Z] Fee check: 0.0003 USDC accumulated (0.0003 USDC in escrow)
[2026-05-29T02:22:56.917Z] Fee check: 0.0003 USDC accumulated (0.0003 USDC in escrow)
[2026-05-29T02:23:26.814Z] Fee check: 0.0003 USDC accumulated (0.0003 USDC in escrow)
[2026-05-29T02:23:56.804Z] Fee check: 0.0003 USDC accumulated (0.0003 USDC in escrow)
[2026-05-29T02:24:27.095Z] Fee check: 0.0003 USDC accumulated (0.0003 USDC in escrow)
[2026-05-29T02:24:56.852Z] Fee check: 0.0003 USDC accumulated (0.0003 USDC in escrow)
[2026-05-29T02:25:26.998Z] Fee check: 0.0003 USDC accumulated (0.0003 USDC in escrow)
[2026-05-29T02:25:57.305Z] Fee check: 0.0003 USDC accumulated (0.0003 USDC in escrow)
[2026-05-29T02:26:26.925Z] Fee check: 0.0003 USDC accumulated (0.0003 USDC in escrow)
[2026-05-29T02:26:56.968Z] Fee check: 0.0003 USDC accumulated (0.0003 USDC in escrow)
[2026-05-29T02:27:27.369Z] Fee check: 0.0003 USDC accumulated (0.0003 USDC in escrow)
[2026-05-29T02:27:57.015Z] Fee check: 0.0003 USDC accumulated (0.0003 USDC in escrow)
[2026-05-29T02:28:27.026Z] Fee check: 0.0003 USDC accumulated (0.0003 USDC in escrow)
[2026-05-29T02:28:57.236Z] Fee check: 0.0003 USDC accumulated (0.0003 USDC in escrow)
[2026-05-29T02:29:27.332Z] Fee check: 0.0003 USDC accumulated (0.0003 USDC in escrow)
[2026-05-29T02:29:57.107Z] Fee check: 0.0003 USDC accumulated (0.0003 USDC in escrow)
[2026-05-29T02:30:27.216Z] Fee check: 0.0003 USDC accumulated (0.0003 USDC in escrow)
[2026-05-29T02:30:57.110Z] Fee check: 0.0003 USDC accumulated (0.0003 USDC in escrow)
[2026-05-29T02:31:27.171Z] Fee check: 0.0003 USDC accumulated (0.0003 USDC in escrow)
[2026-05-29T02:31:57.166Z] Fee check: 0.0003 USDC accumulated (0.0003 USDC in escrow)
[2026-05-29T02:32:27.357Z] Fee check: 0.0003 USDC accumulated (0.0003 USDC in escrow)
[2026-05-29T02:32:57.629Z] Fee check: 0.0003 USDC accumulated (0.0003 USDC in escrow)
[2026-05-29T02:33:27.251Z] Fee check: 0.0003 USDC accumulated (0.0003 USDC in escrow)
[2026-05-29T02:33:57.263Z] Fee check: 0.0003 USDC accumulated (0.0003 USDC in escrow)
[2026-05-29T02:34:27.282Z] Fee check: 0.0003 USDC accumulated (0.0003 USDC in escrow)
[2026-05-29T02:34:57.287Z] Fee check: 0.0003 USDC accumulated (0.0003 USDC in escrow)
[2026-05-29T02:35:27.468Z] Fee check: 0.0003 USDC accumulated (0.0003 USDC in escrow)
[2026-05-29T02:35:57.471Z] Fee check: 0.0003 USDC accumulated (0.0003 USDC in escrow)
[2026-05-29T02:36:27.375Z] Fee check: 0.0003 USDC accumulated (0.0003 USDC in escrow)
[2026-05-29T02:36:57.423Z] Fee check: 0.0003 USDC accumulated (0.0003 USDC in escrow)
[2026-05-29T02:37:27.849Z] Fee check: 0.0003 USDC accumulated (0.0003 USDC in escrow)
[2026-05-29T02:37:57.601Z] Fee check: 0.0003 USDC accumulated (0.0003 USDC in escrow)
[2026-05-29T02:38:27.487Z] Fee check: 0.0003 USDC accumulated (0.0003 USDC in escrow)
[2026-05-29T02:38:57.457Z] Fee check: 0.0003 USDC accumulated (0.0003 USDC in escrow)
[2026-05-29T02:39:27.467Z] Fee check: 0.0003 USDC accumulated (0.0003 USDC in escrow)
[2026-05-29T02:39:57.506Z] Fee check: 0.0003 USDC accumulated (0.0003 USDC in escrow)
[2026-05-29T02:40:27.669Z] Fee check: 0.0003 USDC accumulated (0.0003 USDC in escrow)
[2026-05-29T02:40:57.699Z] Fee check: 0.0003 USDC accumulated (0.0003 USDC in escrow)
[2026-05-29T02:41:27.563Z] Fee check: 0.0003 USDC accumulated (0.0003 USDC in escrow)
[2026-05-29T02:41:57.613Z] Fee check: 0.0003 USDC accumulated (0.0003 USDC in escrow)
[2026-05-29T02:42:27.748Z] Fee check: 0.0003 USDC accumulated (0.0003 USDC in escrow)
[2026-05-29T02:42:57.841Z] Fee check: 0.0003 USDC accumulated (0.0003 USDC in escrow)
[2026-05-29T02:43:27.946Z] Fee check: 0.0003 USDC accumulated (0.0003 USDC in escrow)
[2026-05-29T02:43:57.702Z] Fee check: 0.0003 USDC accumulated (0.0003 USDC in escrow)
[2026-05-29T02:44:27.864Z] Fee check: 0.0003 USDC accumulated (0.0003 USDC in escrow)
[2026-05-29T02:44:57.713Z] Fee check: 0.0003 USDC accumulated (0.0003 USDC in escrow)
[2026-05-29T02:45:28.133Z] Fee check: 0.0003 USDC accumulated (0.0003 USDC in escrow)
[2026-05-29T02:45:57.916Z] Fee check: 0.0003 USDC accumulated (0.0003 USDC in escrow)
[2026-05-29T02:46:27.796Z] Fee check: 0.0003 USDC accumulated (0.0003 USDC in escrow)
[2026-05-29T02:46:57.811Z] Fee check: 0.0003 USDC accumulated (0.0003 USDC in escrow)
[2026-05-29T02:47:27.972Z] Fee check: 0.0003 USDC accumulated (0.0003 USDC in escrow)
[2026-05-29T02:47:57.992Z] Fee check: 0.0003 USDC accumulated (0.0003 USDC in escrow)
[2026-05-29T02:48:27.888Z] Fee check: 0.0003 USDC accumulated (0.0003 USDC in escrow)
[2026-05-29T02:48:57.896Z] Fee check: 0.0003 USDC accumulated (0.0003 USDC in escrow)
[2026-05-29T02:49:27.903Z] Fee check: 0.0003 USDC accumulated (0.0003 USDC in escrow)
[2026-05-29T02:49:57.971Z] Fee check: 0.0003 USDC accumulated (0.0003 USDC in escrow)
[2026-05-29T02:50:28.104Z] Fee check: 0.0003 USDC accumulated (0.0003 USDC in escrow)
[2026-05-29T02:50:57.981Z] Fee check: 0.0003 USDC accumulated (0.0003 USDC in escrow)
[2026-05-29T02:51:28.104Z] Fee check: 0.0003 USDC accumulated (0.0003 USDC in escrow)
[2026-05-29T02:51:58.019Z] Fee check: 0.0003 USDC accumulated (0.0003 USDC in escrow)
[2026-05-29T02:52:28.464Z] Fee check: 0.0003 USDC accumulated (0.0003 USDC in escrow)
[2026-05-29T02:52:58.087Z] Fee check: 0.0003 USDC accumulated (0.0003 USDC in escrow)
[2026-05-29T02:53:28.106Z] Fee check: 0.0003 USDC accumulated (0.0003 USDC in escrow)
[2026-05-29T02:53:58.440Z] Fee check: 0.0003 USDC accumulated (0.0003 USDC in escrow)
[2026-05-29T02:54:28.143Z] Fee check: 0.0003 USDC accumulated (0.0003 USDC in escrow)
[2026-05-29T02:54:58.167Z] Fee check: 0.0003 USDC accumulated (0.0003 USDC in escrow)
[2026-05-29T02:55:28.300Z] Fee check: 0.0003 USDC accumulated (0.0003 USDC in escrow)
[2026-05-29T02:55:58.361Z] Fee check: 0.0003 USDC accumulated (0.0003 USDC in escrow)
[2026-05-29T02:56:28.244Z] Fee check: 0.0003 USDC accumulated (0.0003 USDC in escrow)
[2026-05-29T02:56:58.277Z] Fee check: 0.0003 USDC accumulated (0.0003 USDC in escrow)
[2026-05-29T02:57:28.379Z] Fee check: 0.0003 USDC accumulated (0.0003 USDC in escrow)
[2026-05-29T02:57:58.437Z] Fee check: 0.0003 USDC accumulated (0.0003 USDC in escrow)
[2026-05-29T02:58:28.598Z] Fee check: 0.0003 USDC accumulated (0.0003 USDC in escrow)
[2026-05-29T02:58:58.304Z] Fee check: 0.0003 USDC accumulated (0.0003 USDC in escrow)
[2026-05-29T02:59:28.342Z] Fee check: 0.0003 USDC accumulated (0.0003 USDC in escrow)
[2026-05-29T02:59:58.657Z] Fee check: 0.0003 USDC accumulated (0.0003 USDC in escrow)
[2026-05-29T03:00:28.542Z] Fee check: 0.0003 USDC accumulated (0.0003 USDC in escrow)
[2026-05-29T03:00:58.439Z] Fee check: 0.0003 USDC accumulated (0.0003 USDC in escrow)
[2026-05-29T03:01:28.451Z] Fee check: 0.0003 USDC accumulated (0.0003 USDC in escrow)
[2026-05-29T03:01:58.468Z] Fee check: 0.0003 USDC accumulated (0.0003 USDC in escrow)
[2026-05-29T03:02:28.863Z] Fee check: 0.0003 USDC accumulated (0.0003 USDC in escrow)
[2026-05-29T03:02:58.533Z] Fee check: 0.0003 USDC accumulated (0.0003 USDC in escrow)
[2026-05-29T03:03:28.524Z] Fee check: 0.0003 USDC accumulated (0.0003 USDC in escrow)
[2026-05-29T03:03:58.563Z] Fee check: 0.0003 USDC accumulated (0.0003 USDC in escrow)
[2026-05-29T03:04:28.856Z] Fee check: 0.0003 USDC accumulated (0.0003 USDC in escrow)
[2026-05-29T03:04:58.569Z] Fee check: 0.0003 USDC accumulated (0.0003 USDC in escrow)
[2026-05-29T03:05:28.596Z] Fee check: 0.0003 USDC accumulated (0.0003 USDC in escrow)
[2026-05-29T03:05:58.750Z] Fee check: 0.0003 USDC accumulated (0.0003 USDC in escrow)
[2026-05-29T03:06:28.643Z] Fee check: 0.0003 USDC accumulated (0.0003 USDC in escrow)
[2026-05-29T03:06:58.935Z] Fee check: 0.0003 USDC accumulated (0.0003 USDC in escrow)
[2026-05-29T03:07:28.724Z] Fee check: 0.0003 USDC accumulated (0.0003 USDC in escrow)
[2026-05-29T03:07:58.845Z] Fee check: 0.0003 USDC accumulated (0.0003 USDC in escrow)
[2026-05-29T03:08:28.789Z] Fee check: 0.0003 USDC accumulated (0.0003 USDC in escrow)
[2026-05-29T03:08:58.750Z] Fee check: 0.0003 USDC accumulated (0.0003 USDC in escrow)
[2026-05-29T03:09:28.748Z] Fee check: 0.0003 USDC accumulated (0.0003 USDC in escrow)
[2026-05-29T03:09:58.785Z] Fee check: 0.0003 USDC accumulated (0.0003 USDC in escrow)
[2026-05-29T03:10:28.805Z] Fee check: 0.0003 USDC accumulated (0.0003 USDC in escrow)
[2026-05-29T03:10:58.961Z] Fee check: 0.0003 USDC accumulated (0.0003 USDC in escrow)
[2026-05-29T03:11:29.005Z] Fee check: 0.0003 USDC accumulated (0.0003 USDC in escrow)
[2026-05-29T03:11:59.014Z] Fee check: 0.0003 USDC accumulated (0.0003 USDC in escrow)
[2026-05-29T03:12:29.190Z] Fee check: 0.0003 USDC accumulated (0.0003 USDC in escrow)
[2026-05-29T03:12:59.055Z] Fee check: 0.0003 USDC accumulated (0.0003 USDC in escrow)
[2026-05-29T03:13:28.997Z] Fee check: 0.0003 USDC accumulated (0.0003 USDC in escrow)
[2026-05-29T03:13:58.956Z] Fee check: 0.0003 USDC accumulated (0.0003 USDC in escrow)
[2026-05-29T03:14:28.980Z] Fee check: 0.0003 USDC accumulated (0.0003 USDC in escrow)
[2026-05-29T03:14:59.015Z] Fee check: 0.0003 USDC accumulated (0.0003 USDC in escrow)
[2026-05-29T03:15:29.076Z] Fee check: 0.0003 USDC accumulated (0.0003 USDC in escrow)
[2026-05-29T03:15:59.180Z] Fee check: 0.0003 USDC accumulated (0.0003 USDC in escrow)
[2026-05-29T03:16:29.091Z] Fee check: 0.0003 USDC accumulated (0.0003 USDC in escrow)
[2026-05-29T03:16:59.115Z] Fee check: 0.0003 USDC accumulated (0.0003 USDC in escrow)
[2026-05-29T03:17:29.381Z] Fee check: 0.0003 USDC accumulated (0.0003 USDC in escrow)
[2026-05-29T03:17:59.322Z] Fee check: 0.0003 USDC accumulated (0.0003 USDC in escrow)
[2026-05-29T03:18:29.316Z] Fee check: 0.0003 USDC accumulated (0.0003 USDC in escrow)
[2026-05-29T03:18:59.183Z] Fee check: 0.0003 USDC accumulated (0.0003 USDC in escrow)
[2026-05-29T03:19:29.446Z] Fee check: 0.0003 USDC accumulated (0.0003 USDC in escrow)
[2026-05-29T03:19:59.213Z] Fee check: 0.0003 USDC accumulated (0.0003 USDC in escrow)
[2026-05-29T03:20:29.265Z] Fee check: 0.0003 USDC accumulated (0.0003 USDC in escrow)
[2026-05-29T03:20:59.397Z] Fee check: 0.0003 USDC accumulated (0.0003 USDC in escrow)
[2026-05-29T03:21:29.420Z] Fee check: 0.0003 USDC accumulated (0.0003 USDC in escrow)
[2026-05-29T03:21:59.317Z] Fee check: 0.0003 USDC accumulated (0.0003 USDC in escrow)
[2026-05-29T03:22:29.428Z] Fee check: 0.0003 USDC accumulated (0.0003 USDC in escrow)
[2026-05-29T03:22:59.560Z] Fee check: 0.0003 USDC accumulated (0.0003 USDC in escrow)
[2026-05-29T03:23:29.507Z] Fee check: 0.0003 USDC accumulated (0.0003 USDC in escrow)
[2026-05-29T03:23:59.462Z] Fee check: 0.0003 USDC accumulated (0.0003 USDC in escrow)
[2026-05-29T03:24:29.404Z] Fee check: 0.0003 USDC accumulated (0.0003 USDC in escrow)
[2026-05-29T03:24:59.443Z] Fee check: 0.0003 USDC accumulated (0.0003 USDC in escrow)
[2026-05-29T03:25:29.453Z] Fee check: 0.0003 USDC accumulated (0.0003 USDC in escrow)
[2026-05-29T03:25:59.601Z] Fee check: 0.0003 USDC accumulated (0.0003 USDC in escrow)
[2026-05-29T03:26:29.658Z] Fee check: 0.0003 USDC accumulated (0.0003 USDC in escrow)
[2026-05-29T03:26:59.800Z] Fee check: 0.0003 USDC accumulated (0.0003 USDC in escrow)
[2026-05-29T03:27:29.570Z] Fee check: 0.0003 USDC accumulated (0.0003 USDC in escrow)
[2026-05-29T03:27:59.705Z] Fee check: 0.0003 USDC accumulated (0.0003 USDC in escrow)
[2026-05-29T03:28:29.737Z] Fee check: 0.0003 USDC accumulated (0.0003 USDC in escrow)
[2026-05-29T03:28:59.613Z] Fee check: 0.0003 USDC accumulated (0.0003 USDC in escrow)
[2026-05-29T03:29:29.640Z] Fee check: 0.0003 USDC accumulated (0.0003 USDC in escrow)
[2026-05-29T03:29:59.814Z] Fee check: 0.0003 USDC accumulated (0.0003 USDC in escrow)
[2026-05-29T03:30:29.992Z] Fee check: 0.0003 USDC accumulated (0.0003 USDC in escrow)
[2026-05-29T03:30:59.819Z] Fee check: 0.0003 USDC accumulated (0.0003 USDC in escrow)
[2026-05-29T03:31:29.844Z] Fee check: 0.0003 USDC accumulated (0.0003 USDC in escrow)
[2026-05-29T03:31:59.750Z] Fee check: 0.0003 USDC accumulated (0.0003 USDC in escrow)
[2026-05-29T03:32:29.790Z] Fee check: 0.0003 USDC accumulated (0.0003 USDC in escrow)
[2026-05-29T03:32:59.918Z] Fee check: 0.0003 USDC accumulated (0.0003 USDC in escrow)
[2026-05-29T03:33:29.993Z] Fee check: 0.0003 USDC accumulated (0.0003 USDC in escrow)
[2026-05-29T03:33:59.827Z] Fee check: 0.0003 USDC accumulated (0.0003 USDC in escrow)
[2026-05-29T03:34:29.845Z] Fee check: 0.0003 USDC accumulated (0.0003 USDC in escrow)
[2026-05-29T03:34:59.894Z] Fee check: 0.0003 USDC accumulated (0.0003 USDC in escrow)
[2026-05-29T03:35:29.883Z] Fee check: 0.0003 USDC accumulated (0.0003 USDC in escrow)
[2026-05-29T03:36:00.056Z] Fee check: 0.0003 USDC accumulated (0.0003 USDC in escrow)
[2026-05-29T03:36:30.281Z] Fee check: 0.0003 USDC accumulated (0.0003 USDC in escrow)
[2026-05-29T03:37:00.026Z] Fee check: 0.0003 USDC accumulated (0.0003 USDC in escrow)
[2026-05-29T03:37:30.030Z] Fee check: 0.0003 USDC accumulated (0.0003 USDC in escrow)
[2026-05-29T03:38:00.160Z] Fee check: 0.0003 USDC accumulated (0.0003 USDC in escrow)
[2026-05-29T03:38:30.250Z] Fee check: 0.0003 USDC accumulated (0.0003 USDC in escrow)
[2026-05-29T03:39:00.188Z] Fee check: 0.0003 USDC accumulated (0.0003 USDC in escrow)
[2026-05-29T03:39:30.071Z] Fee check: 0.0003 USDC accumulated (0.0003 USDC in escrow)
[2026-05-29T03:40:00.191Z] Fee check: 0.0003 USDC accumulated (0.0003 USDC in escrow)
[2026-05-29T03:40:30.128Z] Fee check: 0.0003 USDC accumulated (0.0003 USDC in escrow)
[2026-05-29T03:41:00.313Z] Fee check: 0.0003 USDC accumulated (0.0003 USDC in escrow)
[2026-05-29T03:41:30.290Z] Fee check: 0.0003 USDC accumulated (0.0003 USDC in escrow)
[2026-05-29T03:42:00.180Z] Fee check: 0.0003 USDC accumulated (0.0003 USDC in escrow)
[2026-05-29T03:42:30.213Z] Fee check: 0.0003 USDC accumulated (0.0003 USDC in escrow)
[2026-05-29T03:43:00.652Z] Fee check: 0.0003 USDC accumulated (0.0003 USDC in escrow)
[2026-05-29T03:43:30.377Z] Fee check: 0.0003 USDC accumulated (0.0003 USDC in escrow)
[2026-05-29T03:44:00.258Z] Fee check: 0.0003 USDC accumulated (0.0003 USDC in escrow)
[2026-05-29T03:44:30.284Z] Fee check: 0.0003 USDC accumulated (0.0003 USDC in escrow)
[2026-05-29T03:45:00.306Z] Fee check: 0.0003 USDC accumulated (0.0003 USDC in escrow)
[2026-05-29T03:45:30.331Z] Fee check: 0.0003 USDC accumulated (0.0003 USDC in escrow)
[2026-05-29T03:46:00.717Z] Fee check: 0.0003 USDC accumulated (0.0003 USDC in escrow)
[2026-05-29T03:46:30.472Z] Fee check: 0.0003 USDC accumulated (0.0003 USDC in escrow)
[2026-05-29T03:47:00.374Z] Fee check: 0.0003 USDC accumulated (0.0003 USDC in escrow)
[2026-05-29T03:47:30.430Z] Fee check: 0.0003 USDC accumulated (0.0003 USDC in escrow)
[2026-05-29T03:48:00.574Z] Fee check: 0.0003 USDC accumulated (0.0003 USDC in escrow)
[2026-05-29T03:48:30.606Z] Fee check: 0.0003 USDC accumulated (0.0003 USDC in escrow)
[2026-05-29T03:49:00.460Z] Fee check: 0.0003 USDC accumulated (0.0003 USDC in escrow)
[2026-05-29T03:49:30.503Z] Fee check: 0.0003 USDC accumulated (0.0003 USDC in escrow)
[2026-05-29T03:50:00.525Z] Fee check: 0.0003 USDC accumulated (0.0003 USDC in escrow)
[2026-05-29T03:50:30.546Z] Fee check: 0.0003 USDC accumulated (0.0003 USDC in escrow)
[2026-05-29T03:51:00.944Z] Fee check: 0.0003 USDC accumulated (0.0003 USDC in escrow)
[2026-05-29T03:51:30.711Z] Fee check: 0.0003 USDC accumulated (0.0003 USDC in escrow)
[2026-05-29T03:52:00.622Z] Fee check: 0.0003 USDC accumulated (0.0003 USDC in escrow)
[2026-05-29T03:52:30.633Z] Fee check: 0.0003 USDC accumulated (0.0003 USDC in escrow)
[2026-05-29T03:53:00.774Z] Fee check: 0.0003 USDC accumulated (0.0003 USDC in escrow)
[2026-05-29T03:53:30.802Z] Fee check: 0.0003 USDC accumulated (0.0003 USDC in escrow)
[2026-05-29T03:54:00.699Z] Fee check: 0.0003 USDC accumulated (0.0003 USDC in escrow)
[2026-05-29T03:54:30.706Z] Fee check: 0.0003 USDC accumulated (0.0003 USDC in escrow)
[2026-05-29T03:55:00.734Z] Fee check: 0.0003 USDC accumulated (0.0003 USDC in escrow)
[2026-05-29T03:55:30.765Z] Fee check: 0.0003 USDC accumulated (0.0003 USDC in escrow)
[2026-05-29T03:56:00.911Z] Fee check: 0.0003 USDC accumulated (0.0003 USDC in escrow)
[2026-05-29T03:56:31.214Z] Fee check: 0.0003 USDC accumulated (0.0003 USDC in escrow)
[2026-05-29T03:57:00.864Z] Fee check: 0.0003 USDC accumulated (0.0003 USDC in escrow)
[2026-05-29T03:57:30.847Z] Fee check: 0.0003 USDC accumulated (0.0003 USDC in escrow)
[2026-05-29T03:58:01.035Z] Fee check: 0.0003 USDC accumulated (0.0003 USDC in escrow)
[2026-05-29T03:58:31.060Z] Fee check: 0.0003 USDC accumulated (0.0003 USDC in escrow)
[2026-05-29T03:59:00.907Z] Fee check: 0.0003 USDC accumulated (0.0003 USDC in escrow)
[2026-05-29T03:59:30.940Z] Fee check: 0.0003 USDC accumulated (0.0003 USDC in escrow)
[2026-05-29T04:00:00.967Z] Fee check: 0.0003 USDC accumulated (0.0003 USDC in escrow)
[2026-05-29T04:00:31.240Z] Fee check: 0.0003 USDC accumulated (0.0003 USDC in escrow)
[2026-05-29T04:01:01.124Z] Fee check: 0.0003 USDC accumulated (0.0003 USDC in escrow)
[2026-05-29T04:01:31.057Z] Fee check: 0.0003 USDC accumulated (0.0003 USDC in escrow)
[2026-05-29T04:02:01.085Z] Fee check: 0.0003 USDC accumulated (0.0003 USDC in escrow)
[2026-05-29T04:02:31.105Z] Fee check: 0.0003 USDC accumulated (0.0003 USDC in escrow)
[2026-05-29T04:03:01.230Z] Fee check: 0.0003 USDC accumulated (0.0003 USDC in escrow)
[2026-05-29T04:03:31.122Z] Fee check: 0.0003 USDC accumulated (0.0003 USDC in escrow)
[2026-05-29T04:04:01.105Z] Fee check: 0.0003 USDC accumulated (0.0003 USDC in escrow)
[2026-05-29T04:04:31.153Z] Fee check: 0.0003 USDC accumulated (0.0003 USDC in escrow)
[2026-05-29T04:05:01.205Z] Fee check: 0.0003 USDC accumulated (0.0003 USDC in escrow)
[2026-05-29T04:05:31.192Z] Fee check: 0.0003 USDC accumulated (0.0003 USDC in escrow)
[2026-05-29T04:06:01.588Z] Fee check: 0.0003 USDC accumulated (0.0003 USDC in escrow)
[2026-05-29T04:06:31.372Z] Fee check: 0.0003 USDC accumulated (0.0003 USDC in escrow)
[2026-05-29T04:07:01.274Z] Fee check: 0.0003 USDC accumulated (0.0003 USDC in escrow)
[2026-05-29T04:07:31.291Z] Fee check: 0.0003 USDC accumulated (0.0003 USDC in escrow)
[2026-05-29T04:08:01.683Z] Fee check: 0.0003 USDC accumulated (0.0003 USDC in escrow)
[2026-05-29T04:08:31.496Z] Fee check: 0.0003 USDC accumulated (0.0003 USDC in escrow)
[2026-05-29T04:09:01.332Z] Fee check: 0.0003 USDC accumulated (0.0003 USDC in escrow)
[2026-05-29T04:09:31.371Z] Fee check: 0.0003 USDC accumulated (0.0003 USDC in escrow)
[2026-05-29T04:10:01.395Z] Fee check: 0.0003 USDC accumulated (0.0003 USDC in escrow)
[2026-05-29T04:10:31.405Z] Fee check: 0.0003 USDC accumulated (0.0003 USDC in escrow)
[2026-05-29T04:11:01.921Z] Fee check: 0.0003 USDC accumulated (0.0003 USDC in escrow)
[2026-05-29T04:11:31.572Z] Fee check: 0.0003 USDC accumulated (0.0003 USDC in escrow)
[2026-05-29T04:12:01.485Z] Fee check: 0.0003 USDC accumulated (0.0003 USDC in escrow)
[2026-05-29T04:12:31.488Z] Fee check: 0.0003 USDC accumulated (0.0003 USDC in escrow)
[2026-05-29T04:13:01.672Z] Fee check: 0.0003 USDC accumulated (0.0003 USDC in escrow)
[2026-05-29T04:13:31.656Z] Fee check: 0.0003 USDC accumulated (0.0003 USDC in escrow)
[2026-05-29T04:14:01.532Z] Fee check: 0.0003 USDC accumulated (0.0003 USDC in escrow)
[2026-05-29T04:14:31.560Z] Fee check: 0.0003 USDC accumulated (0.0003 USDC in escrow)
[2026-05-29T04:15:01.603Z] Fee check: 0.0003 USDC accumulated (0.0003 USDC in escrow)
[2026-05-29T04:15:31.623Z] Fee check: 0.0003 USDC accumulated (0.0003 USDC in escrow)
[2026-05-29T04:16:01.783Z] Fee check: 0.0003 USDC accumulated (0.0003 USDC in escrow)
[2026-05-29T04:16:31.797Z] Fee check: 0.0003 USDC accumulated (0.0003 USDC in escrow)
[2026-05-29T04:17:01.690Z] Fee check: 0.0003 USDC accumulated (0.0003 USDC in escrow)
[2026-05-29T04:17:31.700Z] Fee check: 0.0003 USDC accumulated (0.0003 USDC in escrow)
[2026-05-29T04:18:01.856Z] Fee check: 0.0003 USDC accumulated (0.0003 USDC in escrow)
[2026-05-29T04:18:31.889Z] Fee check: 0.0003 USDC accumulated (0.0003 USDC in escrow)
[2026-05-29T04:19:01.764Z] Fee check: 0.0003 USDC accumulated (0.0003 USDC in escrow)
[2026-05-29T04:19:31.807Z] Fee check: 0.0003 USDC accumulated (0.0003 USDC in escrow)
[2026-05-29T04:20:01.808Z] Fee check: 0.0003 USDC accumulated (0.0003 USDC in escrow)
[2026-05-29T04:20:31.814Z] Fee check: 0.0003 USDC accumulated (0.0003 USDC in escrow)
[2026-05-29T04:21:01.974Z] Fee check: 0.0003 USDC accumulated (0.0003 USDC in escrow)
[2026-05-29T04:21:32.001Z] Fee check: 0.0003 USDC accumulated (0.0003 USDC in escrow)
[2026-05-29T04:22:01.887Z] Fee check: 0.0003 USDC accumulated (0.0003 USDC in escrow)
[2026-05-29T04:22:31.924Z] Fee check: 0.0003 USDC accumulated (0.0003 USDC in escrow)
[2026-05-29T04:23:02.070Z] Fee check: 0.0003 USDC accumulated (0.0003 USDC in escrow)
[2026-05-29T04:23:31.977Z] Fee check: 0.0003 USDC accumulated (0.0003 USDC in escrow)
[2026-05-29T04:24:02.242Z] Fee check: 0.0003 USDC accumulated (0.0003 USDC in escrow)
[2026-05-29T04:24:31.992Z] Fee check: 0.0003 USDC accumulated (0.0003 USDC in escrow)
[2026-05-29T04:25:02.054Z] Fee check: 0.0003 USDC accumulated (0.0003 USDC in escrow)
[2026-05-29T04:25:32.065Z] Fee check: 0.0003 USDC accumulated (0.0003 USDC in escrow)
[2026-05-29T04:26:02.218Z] Fee check: 0.0003 USDC accumulated (0.0003 USDC in escrow)
[2026-05-29T04:26:32.093Z] Fee check: 0.0003 USDC accumulated (0.0003 USDC in escrow)
[2026-05-29T04:27:02.104Z] Fee check: 0.0003 USDC accumulated (0.0003 USDC in escrow)
[2026-05-29T04:27:32.168Z] Fee check: 0.0003 USDC accumulated (0.0003 USDC in escrow)
[2026-05-29T04:28:02.641Z] Fee check: 0.0003 USDC accumulated (0.0003 USDC in escrow)
[2026-05-29T04:28:32.310Z] Fee check: 0.0003 USDC accumulated (0.0003 USDC in escrow)
[2026-05-29T04:29:02.186Z] Fee check: 0.0003 USDC accumulated (0.0003 USDC in escrow)
[2026-05-29T04:29:32.218Z] Fee check: 0.0003 USDC accumulated (0.0003 USDC in escrow)
[2026-05-29T04:30:02.249Z] Fee check: 0.0003 USDC accumulated (0.0003 USDC in escrow)
[2026-05-29T04:30:32.260Z] Fee check: 0.0003 USDC accumulated (0.0003 USDC in escrow)
[2026-05-29T04:31:02.518Z] Fee check: 0.0003 USDC accumulated (0.0003 USDC in escrow)
[2026-05-29T04:31:32.432Z] Fee check: 0.0003 USDC accumulated (0.0003 USDC in escrow)
[2026-05-29T04:32:02.643Z] Fee check: 0.0003 USDC accumulated (0.0003 USDC in escrow)
[2026-05-29T04:32:32.346Z] Fee check: 0.0003 USDC accumulated (0.0003 USDC in escrow)
[2026-05-29T04:33:02.492Z] Fee check: 0.0003 USDC accumulated (0.0003 USDC in escrow)
[2026-05-29T04:33:32.524Z] Fee check: 0.0003 USDC accumulated (0.0003 USDC in escrow)
[2026-05-29T04:34:02.394Z] Fee check: 0.0003 USDC accumulated (0.0003 USDC in escrow)
[2026-05-29T04:34:32.415Z] Fee check: 0.0003 USDC accumulated (0.0003 USDC in escrow)
[2026-05-29T04:35:02.450Z] Fee check: 0.0003 USDC accumulated (0.0003 USDC in escrow)
[2026-05-29T04:35:32.729Z] Fee check: 0.0003 USDC accumulated (0.0003 USDC in escrow)
[2026-05-29T04:36:02.646Z] Fee check: 0.0003 USDC accumulated (0.0003 USDC in escrow)
[2026-05-29T04:36:32.646Z] Fee check: 0.0003 USDC accumulated (0.0003 USDC in escrow)
[2026-05-29T04:37:02.547Z] Fee check: 0.0003 USDC accumulated (0.0003 USDC in escrow)
[2026-05-29T04:37:32.569Z] Fee check: 0.0003 USDC accumulated (0.0003 USDC in escrow)
[2026-05-29T04:38:02.734Z] Fee check: 0.0003 USDC accumulated (0.0003 USDC in escrow)
[2026-05-29T04:38:32.735Z] Fee check: 0.0003 USDC accumulated (0.0003 USDC in escrow)
[2026-05-29T04:39:02.609Z] Fee check: 0.0003 USDC accumulated (0.0003 USDC in escrow)
[2026-05-29T04:39:32.635Z] Fee check: 0.0003 USDC accumulated (0.0003 USDC in escrow)
[2026-05-29T04:40:02.662Z] Fee check: 0.0003 USDC accumulated (0.0003 USDC in escrow)
[2026-05-29T04:40:32.691Z] Fee check: 0.0003 USDC accumulated (0.0003 USDC in escrow)
[2026-05-29T04:41:02.843Z] Fee check: 0.0003 USDC accumulated (0.0003 USDC in escrow)
[2026-05-29T04:41:32.853Z] Fee check: 0.0003 USDC accumulated (0.0003 USDC in escrow)
[2026-05-29T04:42:02.747Z] Fee check: 0.0003 USDC accumulated (0.0003 USDC in escrow)
[2026-05-29T04:42:32.812Z] Fee check: 0.0003 USDC accumulated (0.0003 USDC in escrow)
[2026-05-29T04:43:02.931Z] Fee check: 0.0003 USDC accumulated (0.0003 USDC in escrow)
[2026-05-29T04:43:33.264Z] Fee check: 0.0003 USDC accumulated (0.0003 USDC in escrow)
[2026-05-29T04:44:02.838Z] Fee check: 0.0003 USDC accumulated (0.0003 USDC in escrow)
[2026-05-29T04:44:32.840Z] Fee check: 0.0003 USDC accumulated (0.0003 USDC in escrow)
[2026-05-29T04:45:03.186Z] Fee check: 0.0003 USDC accumulated (0.0003 USDC in escrow)
[2026-05-29T04:45:32.895Z] Fee check: 0.0003 USDC accumulated (0.0003 USDC in escrow)
[2026-05-29T04:46:03.049Z] Fee check: 0.0003 USDC accumulated (0.0003 USDC in escrow)
[2026-05-29T04:46:33.011Z] Fee check: 0.0003 USDC accumulated (0.0003 USDC in escrow)
[2026-05-29T04:47:02.988Z] Fee check: 0.0003 USDC accumulated (0.0003 USDC in escrow)
[2026-05-29T04:47:32.997Z] Fee check: 0.0003 USDC accumulated (0.0003 USDC in escrow)
[2026-05-29T04:48:03.158Z] Fee check: 0.0003 USDC accumulated (0.0003 USDC in escrow)
[2026-05-29T04:48:33.050Z] Fee check: 0.0003 USDC accumulated (0.0003 USDC in escrow)
[2026-05-29T04:49:03.077Z] Fee check: 0.0003 USDC accumulated (0.0003 USDC in escrow)
[2026-05-29T04:49:33.118Z] Fee check: 0.0003 USDC accumulated (0.0003 USDC in escrow)
[2026-05-29T04:50:03.375Z] Fee check: 0.0003 USDC accumulated (0.0003 USDC in escrow)
[2026-05-29T04:50:33.125Z] Fee check: 0.0003 USDC accumulated (0.0003 USDC in escrow)
[2026-05-29T04:51:03.263Z] Fee check: 0.0003 USDC accumulated (0.0003 USDC in escrow)
[2026-05-29T04:51:33.285Z] Fee check: 0.0003 USDC accumulated (0.0003 USDC in escrow)
[2026-05-29T04:52:03.206Z] Fee check: 0.0003 USDC accumulated (0.0003 USDC in escrow)
[2026-05-29T04:52:33.226Z] Fee check: 0.0003 USDC accumulated (0.0003 USDC in escrow)
[2026-05-29T04:53:03.395Z] Fee check: 0.0003 USDC accumulated (0.0003 USDC in escrow)
[2026-05-29T04:53:33.401Z] Fee check: 0.0003 USDC accumulated (0.0003 USDC in escrow)
[2026-05-29T04:54:03.283Z] Fee check: 0.0003 USDC accumulated (0.0003 USDC in escrow)
[2026-05-29T04:54:33.283Z] Fee check: 0.0003 USDC accumulated (0.0003 USDC in escrow)
[2026-05-29T04:55:03.305Z] Fee check: 0.0003 USDC accumulated (0.0003 USDC in escrow)
[2026-05-29T04:55:33.324Z] Fee check: 0.0003 USDC accumulated (0.0003 USDC in escrow)
[2026-05-29T04:56:03.500Z] Fee check: 0.0003 USDC accumulated (0.0003 USDC in escrow)
[2026-05-29T04:56:33.768Z] Fee check: 0.0003 USDC accumulated (0.0003 USDC in escrow)
[2026-05-29T04:57:03.431Z] Fee check: 0.0003 USDC accumulated (0.0003 USDC in escrow)
[2026-05-29T04:57:33.442Z] Fee check: 0.0003 USDC accumulated (0.0003 USDC in escrow)
[2026-05-29T04:58:03.568Z] Fee check: 0.0003 USDC accumulated (0.0003 USDC in escrow)
[2026-05-29T04:58:33.606Z] Fee check: 0.0003 USDC accumulated (0.0003 USDC in escrow)
[2026-05-29T04:59:03.467Z] Fee check: 0.0003 USDC accumulated (0.0003 USDC in escrow)
[2026-05-29T04:59:33.780Z] Fee check: 0.0003 USDC accumulated (0.0003 USDC in escrow)
[2026-05-29T05:00:03.525Z] Fee check: 0.0003 USDC accumulated (0.0003 USDC in escrow)
[2026-05-29T05:00:33.544Z] Fee check: 0.0003 USDC accumulated (0.0003 USDC in escrow)
[2026-05-29T05:01:03.707Z] Fee check: 0.0003 USDC accumulated (0.0003 USDC in escrow)
[2026-05-29T05:01:33.732Z] Fee check: 0.0003 USDC accumulated (0.0003 USDC in escrow)
[2026-05-29T05:02:03.736Z] Fee check: 0.0003 USDC accumulated (0.0003 USDC in escrow)
[2026-05-29T05:02:33.656Z] Fee check: 0.0003 USDC accumulated (0.0003 USDC in escrow)
[2026-05-29T05:03:03.785Z] Fee check: 0.0003 USDC accumulated (0.0003 USDC in escrow)
[2026-05-29T05:03:33.808Z] Fee check: 0.0003 USDC accumulated (0.0003 USDC in escrow)
[2026-05-29T05:04:03.693Z] Fee check: 0.0003 USDC accumulated (0.0003 USDC in escrow)
[2026-05-29T05:04:33.997Z] Fee check: 0.0003 USDC accumulated (0.0003 USDC in escrow)
[2026-05-29T05:05:03.799Z] Fee check: 0.0003 USDC accumulated (0.0003 USDC in escrow)
[2026-05-29T05:05:33.773Z] Fee check: 0.0003 USDC accumulated (0.0003 USDC in escrow)
[2026-05-29T05:06:03.911Z] Fee check: 0.0003 USDC accumulated (0.0003 USDC in escrow)
[2026-05-29T05:06:33.946Z] Fee check: 0.0003 USDC accumulated (0.0003 USDC in escrow)
[2026-05-29T05:07:03.822Z] Fee check: 0.0003 USDC accumulated (0.0003 USDC in escrow)
[2026-05-29T05:07:33.860Z] Fee check: 0.0003 USDC accumulated (0.0003 USDC in escrow)
[2026-05-29T05:08:03.997Z] Fee check: 0.0003 USDC accumulated (0.0003 USDC in escrow)
[2026-05-29T05:08:34.038Z] Fee check: 0.0003 USDC accumulated (0.0003 USDC in escrow)
[2026-05-29T05:09:03.898Z] Fee check: 0.0003 USDC accumulated (0.0003 USDC in escrow)
[2026-05-29T05:09:33.929Z] Fee check: 0.0003 USDC accumulated (0.0003 USDC in escrow)
[2026-05-29T05:10:03.948Z] Fee check: 0.0003 USDC accumulated (0.0003 USDC in escrow)
[2026-05-29T05:10:33.979Z] Fee check: 0.0003 USDC accumulated (0.0003 USDC in escrow)
[2026-05-29T05:11:04.119Z] Fee check: 0.0003 USDC accumulated (0.0003 USDC in escrow)
[2026-05-29T05:11:34.023Z] Fee check: 0.0003 USDC accumulated (0.0003 USDC in escrow)
[2026-05-29T05:12:04.049Z] Fee check: 0.0003 USDC accumulated (0.0003 USDC in escrow)
[2026-05-29T05:12:34.074Z] Fee check: 0.0003 USDC accumulated (0.0003 USDC in escrow)
[2026-05-29T05:13:04.226Z] Fee check: 0.0003 USDC accumulated (0.0003 USDC in escrow)
[2026-05-29T05:13:34.122Z] Fee check: 0.0003 USDC accumulated (0.0003 USDC in escrow)
[2026-05-29T05:14:04.125Z] Fee check: 0.0003 USDC accumulated (0.0003 USDC in escrow)
[2026-05-29T05:14:34.137Z] Fee check: 0.0003 USDC accumulated (0.0003 USDC in escrow)
[2026-05-29T05:15:04.168Z] Fee check: 0.0003 USDC accumulated (0.0003 USDC in escrow)
[2026-05-29T05:15:34.194Z] Fee check: 0.0003 USDC accumulated (0.0003 USDC in escrow)
[2026-05-29T05:16:04.622Z] Fee check: 0.0003 USDC accumulated (0.0003 USDC in escrow)
[2026-05-29T05:16:34.400Z] Fee check: 0.0003 USDC accumulated (0.0003 USDC in escrow)
[2026-05-29T05:17:04.268Z] Fee check: 0.0003 USDC accumulated (0.0003 USDC in escrow)
[2026-05-29T05:17:34.283Z] Fee check: 0.0003 USDC accumulated (0.0003 USDC in escrow)
[2026-05-29T05:18:04.441Z] Fee check: 0.0003 USDC accumulated (0.0003 USDC in escrow)
[2026-05-29T05:18:34.457Z] Fee check: 0.0003 USDC accumulated (0.0003 USDC in escrow)
[2026-05-29T05:19:04.500Z] Fee check: 0.0003 USDC accumulated (0.0003 USDC in escrow)
[2026-05-29T05:19:34.369Z] Fee check: 0.0003 USDC accumulated (0.0003 USDC in escrow)
[2026-05-29T05:20:04.378Z] Fee check: 0.0003 USDC accumulated (0.0003 USDC in escrow)
[2026-05-29T05:20:34.691Z] Fee check: 0.0003 USDC accumulated (0.0003 USDC in escrow)
[2026-05-29T05:21:04.576Z] Fee check: 0.0003 USDC accumulated (0.0003 USDC in escrow)
[2026-05-29T05:21:34.592Z] Fee check: 0.0003 USDC accumulated (0.0003 USDC in escrow)
[2026-05-29T05:22:04.747Z] Fee check: 0.0003 USDC accumulated (0.0003 USDC in escrow)
[2026-05-29T05:22:34.525Z] Fee check: 0.0003 USDC accumulated (0.0003 USDC in escrow)
[2026-05-29T05:23:04.650Z] Fee check: 0.0003 USDC accumulated (0.0003 USDC in escrow)
[2026-05-29T05:23:34.682Z] Fee check: 0.0003 USDC accumulated (0.0003 USDC in escrow)
[2026-05-29T05:24:04.551Z] Fee check: 0.0003 USDC accumulated (0.0003 USDC in escrow)
[2026-05-29T05:24:34.575Z] Fee check: 0.0003 USDC accumulated (0.0003 USDC in escrow)
[2026-05-29T05:25:04.600Z] Fee check: 0.0003 USDC accumulated (0.0003 USDC in escrow)
[2026-05-29T05:25:34.630Z] Fee check: 0.0003 USDC accumulated (0.0003 USDC in escrow)
[2026-05-29T05:26:05.045Z] Fee check: 0.0003 USDC accumulated (0.0003 USDC in escrow)
[2026-05-29T05:26:34.802Z] Fee check: 0.0003 USDC accumulated (0.0003 USDC in escrow)
[2026-05-29T05:27:04.698Z] Fee check: 0.0003 USDC accumulated (0.0003 USDC in escrow)
[2026-05-29T05:27:34.726Z] Fee check: 0.0003 USDC accumulated (0.0003 USDC in escrow)
[2026-05-29T05:28:05.147Z] Fee check: 0.0003 USDC accumulated (0.0003 USDC in escrow)
[2026-05-29T05:28:34.905Z] Fee check: 0.0003 USDC accumulated (0.0003 USDC in escrow)
[2026-05-29T05:29:04.788Z] Fee check: 0.0003 USDC accumulated (0.0003 USDC in escrow)
[2026-05-29T05:29:35.062Z] Fee check: 0.0003 USDC accumulated (0.0003 USDC in escrow)
[2026-05-29T05:30:04.808Z] Fee check: 0.0003 USDC accumulated (0.0003 USDC in escrow)
[2026-05-29T05:30:34.851Z] Fee check: 0.0003 USDC accumulated (0.0003 USDC in escrow)
[2026-05-29T05:31:05.015Z] Fee check: 0.0003 USDC accumulated (0.0003 USDC in escrow)
[2026-05-29T05:31:35.010Z] Fee check: 0.0003 USDC accumulated (0.0003 USDC in escrow)
[2026-05-29T05:32:05.185Z] Fee check: 0.0003 USDC accumulated (0.0003 USDC in escrow)
[2026-05-29T05:32:34.953Z] Fee check: 0.0003 USDC accumulated (0.0003 USDC in escrow)
[2026-05-29T05:33:05.081Z] Fee check: 0.0003 USDC accumulated (0.0003 USDC in escrow)
[2026-05-29T05:33:34.988Z] Fee check: 0.0003 USDC accumulated (0.0003 USDC in escrow)
[2026-05-29T05:34:04.977Z] Fee check: 0.0003 USDC accumulated (0.0003 USDC in escrow)
[2026-05-29T05:34:35.006Z] Fee check: 0.0003 USDC accumulated (0.0003 USDC in escrow)
[2026-05-29T05:35:05.027Z] Fee check: 0.0003 USDC accumulated (0.0003 USDC in escrow)
[2026-05-29T05:35:35.054Z] Fee check: 0.0003 USDC accumulated (0.0003 USDC in escrow)
[2026-05-29T05:36:05.482Z] Fee check: 0.0003 USDC accumulated (0.0003 USDC in escrow)
[2026-05-29T05:36:35.114Z] Fee check: 0.0003 USDC accumulated (0.0003 USDC in escrow)
[2026-05-29T05:37:05.147Z] Fee check: 0.0003 USDC accumulated (0.0003 USDC in escrow)
[2026-05-29T05:37:35.149Z] Fee check: 0.0003 USDC accumulated (0.0003 USDC in escrow)
[2026-05-29T05:38:05.307Z] Fee check: 0.0003 USDC accumulated (0.0003 USDC in escrow)
[2026-05-29T05:38:35.604Z] Fee check: 0.0003 USDC accumulated (0.0003 USDC in escrow)
[2026-05-29T05:39:05.196Z] Fee check: 0.0003 USDC accumulated (0.0003 USDC in escrow)
[2026-05-29T05:39:35.219Z] Fee check: 0.0003 USDC accumulated (0.0003 USDC in escrow)
[2026-05-29T05:40:05.269Z] Fee check: 0.0003 USDC accumulated (0.0003 USDC in escrow)
[2026-05-29T05:40:35.267Z] Fee check: 0.0003 USDC accumulated (0.0003 USDC in escrow)
[2026-05-29T05:41:05.427Z] Fee check: 0.0003 USDC accumulated (0.0003 USDC in escrow)
[2026-05-29T05:41:35.467Z] Fee check: 0.0003 USDC accumulated (0.0003 USDC in escrow)
[2026-05-29T05:42:05.333Z] Fee check: 0.0003 USDC accumulated (0.0003 USDC in escrow)
[2026-05-29T05:42:35.381Z] Fee check: 0.0003 USDC accumulated (0.0003 USDC in escrow)
[2026-05-29T05:43:05.544Z] Fee check: 0.0003 USDC accumulated (0.0003 USDC in escrow)
[2026-05-29T05:43:35.579Z] Fee check: 0.0003 USDC accumulated (0.0003 USDC in escrow)
[2026-05-29T05:44:05.426Z] Fee check: 0.0003 USDC accumulated (0.0003 USDC in escrow)
[2026-05-29T05:44:35.457Z] Fee check: 0.0003 USDC accumulated (0.0003 USDC in escrow)
[2026-05-29T05:45:05.484Z] Fee check: 0.0003 USDC accumulated (0.0003 USDC in escrow)
[2026-05-29T05:45:35.517Z] Fee check: 0.0003 USDC accumulated (0.0003 USDC in escrow)
[2026-05-29T05:46:05.675Z] Fee check: 0.0003 USDC accumulated (0.0003 USDC in escrow)
[2026-05-29T05:46:35.674Z] Fee check: 0.0003 USDC accumulated (0.0003 USDC in escrow)
[2026-05-29T05:47:05.580Z] Fee check: 0.0003 USDC accumulated (0.0003 USDC in escrow)
[2026-05-29T05:47:35.602Z] Fee check: 0.0003 USDC accumulated (0.0003 USDC in escrow)
[2026-05-29T05:48:05.723Z] Fee check: 0.0003 USDC accumulated (0.0003 USDC in escrow)
[2026-05-29T05:48:35.753Z] Fee check: 0.0003 USDC accumulated (0.0003 USDC in escrow)
[2026-05-29T05:49:05.633Z] Fee check: 0.0003 USDC accumulated (0.0003 USDC in escrow)
[2026-05-29T05:49:35.659Z] Fee check: 0.0003 USDC accumulated (0.0003 USDC in escrow)
[2026-05-29T05:50:05.688Z] Fee check: 0.0003 USDC accumulated (0.0003 USDC in escrow)
[2026-05-29T05:50:35.703Z] Fee check: 0.0003 USDC accumulated (0.0003 USDC in escrow)
[2026-05-29T05:51:05.857Z] Fee check: 0.0003 USDC accumulated (0.0003 USDC in escrow)
[2026-05-29T05:51:35.875Z] Fee check: 0.0003 USDC accumulated (0.0003 USDC in escrow)
[2026-05-29T05:52:05.787Z] Fee check: 0.0003 USDC accumulated (0.0003 USDC in escrow)
[2026-05-29T05:52:35.812Z] Fee check: 0.0003 USDC accumulated (0.0003 USDC in escrow)
[2026-05-29T05:53:05.950Z] Fee check: 0.0003 USDC accumulated (0.0003 USDC in escrow)
[2026-05-29T05:53:35.976Z] Fee check: 0.0003 USDC accumulated (0.0003 USDC in escrow)
[2026-05-29T05:54:05.872Z] Fee check: 0.0003 USDC accumulated (0.0003 USDC in escrow)
[2026-05-29T05:54:35.873Z] Fee check: 0.0003 USDC accumulated (0.0003 USDC in escrow)
[2026-05-29T05:55:05.912Z] Fee check: 0.0003 USDC accumulated (0.0003 USDC in escrow)
[2026-05-29T05:55:35.917Z] Fee check: 0.0003 USDC accumulated (0.0003 USDC in escrow)
[2026-05-29T05:56:06.069Z] Fee check: 0.0003 USDC accumulated (0.0003 USDC in escrow)
[2026-05-29T05:56:35.982Z] Fee check: 0.0003 USDC accumulated (0.0003 USDC in escrow)
[2026-05-29T05:57:05.989Z] Fee check: 0.0003 USDC accumulated (0.0003 USDC in escrow)
[2026-05-29T05:57:36.012Z] Fee check: 0.0003 USDC accumulated (0.0003 USDC in escrow)
[2026-05-29T05:58:06.168Z] Fee check: 0.0003 USDC accumulated (0.0003 USDC in escrow)
[2026-05-29T05:58:36.088Z] Fee check: 0.0003 USDC accumulated (0.0003 USDC in escrow)
[2026-05-29T05:59:06.058Z] Fee check: 0.0003 USDC accumulated (0.0003 USDC in escrow)
[2026-05-29T05:59:36.085Z] Fee check: 0.0003 USDC accumulated (0.0003 USDC in escrow)
[2026-05-29T06:00:06.107Z] Fee check: 0.0003 USDC accumulated (0.0003 USDC in escrow)
[2026-05-29T06:00:36.165Z] Fee check: 0.0003 USDC accumulated (0.0003 USDC in escrow)
[2026-05-29T06:01:06.294Z] Fee check: 0.0003 USDC accumulated (0.0003 USDC in escrow)
[2026-05-29T06:01:36.326Z] Fee check: 0.0003 USDC accumulated (0.0003 USDC in escrow)
[2026-05-29T06:02:06.263Z] Fee check: 0.0003 USDC accumulated (0.0003 USDC in escrow)
[2026-05-29T06:02:36.239Z] Fee check: 0.0003 USDC accumulated (0.0003 USDC in escrow)
[2026-05-29T06:03:06.380Z] Fee check: 0.0003 USDC accumulated (0.0003 USDC in escrow)
[2026-05-29T06:03:36.402Z] Fee check: 0.0003 USDC accumulated (0.0003 USDC in escrow)
[2026-05-29T06:04:06.289Z] Fee check: 0.0003 USDC accumulated (0.0003 USDC in escrow)
[2026-05-29T06:04:36.313Z] Fee check: 0.0003 USDC accumulated (0.0003 USDC in escrow)
[2026-05-29T06:05:06.331Z] Fee check: 0.0003 USDC accumulated (0.0003 USDC in escrow)
[2026-05-29T06:05:36.343Z] Fee check: 0.0003 USDC accumulated (0.0003 USDC in escrow)
[2026-05-29T06:06:06.492Z] Fee check: 0.0003 USDC accumulated (0.0003 USDC in escrow)
[2026-05-29T06:06:36.541Z] Fee check: 0.0003 USDC accumulated (0.0003 USDC in escrow)
[2026-05-29T06:07:06.420Z] Fee check: 0.0003 USDC accumulated (0.0003 USDC in escrow)
[2026-05-29T06:07:36.475Z] Fee check: 0.0003 USDC accumulated (0.0003 USDC in escrow)
[2026-05-29T06:08:06.599Z] Fee check: 0.0003 USDC accumulated (0.0003 USDC in escrow)
[2026-05-29T06:08:36.623Z] Fee check: 0.0003 USDC accumulated (0.0003 USDC in escrow)
[2026-05-29T06:09:06.495Z] Fee check: 0.0003 USDC accumulated (0.0003 USDC in escrow)
[2026-05-29T06:09:36.521Z] Fee check: 0.0003 USDC accumulated (0.0003 USDC in escrow)
[2026-05-29T06:10:06.536Z] Fee check: 0.0003 USDC accumulated (0.0003 USDC in escrow)
[2026-05-29T06:10:36.564Z] Fee check: 0.0003 USDC accumulated (0.0003 USDC in escrow)
[2026-05-29T06:11:06.725Z] Fee check: 0.0003 USDC accumulated (0.0003 USDC in escrow)
[2026-05-29T06:11:36.754Z] Fee check: 0.0003 USDC accumulated (0.0003 USDC in escrow)
[2026-05-29T06:12:06.656Z] Fee check: 0.0003 USDC accumulated (0.0003 USDC in escrow)
[2026-05-29T06:12:36.689Z] Fee check: 0.0003 USDC accumulated (0.0003 USDC in escrow)
[2026-05-29T06:13:06.816Z] Fee check: 0.0003 USDC accumulated (0.0003 USDC in escrow)
[2026-05-29T06:13:36.833Z] Fee check: 0.0003 USDC accumulated (0.0003 USDC in escrow)
[2026-05-29T06:14:06.984Z] Fee check: 0.0003 USDC accumulated (0.0003 USDC in escrow)
[2026-05-29T06:14:36.935Z] Fee check: 0.0003 USDC accumulated (0.0003 USDC in escrow)
[2026-05-29T06:15:06.759Z] Fee check: 0.0003 USDC accumulated (0.0003 USDC in escrow)
[2026-05-29T06:15:36.808Z] Fee check: 0.0003 USDC accumulated (0.0003 USDC in escrow)
[2026-05-29T06:16:06.922Z] Fee check: 0.0003 USDC accumulated (0.0003 USDC in escrow)
[2026-05-29T06:16:36.983Z] Fee check: 0.0003 USDC accumulated (0.0003 USDC in escrow)
[2026-05-29T06:17:06.855Z] Fee check: 0.0003 USDC accumulated (0.0003 USDC in escrow)
[2026-05-29T06:17:37.157Z] Fee check: 0.0003 USDC accumulated (0.0003 USDC in escrow)
[2026-05-29T06:18:07.040Z] Fee check: 0.0003 USDC accumulated (0.0003 USDC in escrow)
[2026-05-29T06:18:36.923Z] Fee check: 0.0003 USDC accumulated (0.0003 USDC in escrow)
[2026-05-29T06:19:07.195Z] Fee check: 0.0003 USDC accumulated (0.0003 USDC in escrow)
[2026-05-29T06:19:36.950Z] Fee check: 0.0003 USDC accumulated (0.0003 USDC in escrow)
[2026-05-29T06:20:06.972Z] Fee check: 0.0003 USDC accumulated (0.0003 USDC in escrow)
[2026-05-29T06:20:36.998Z] Fee check: 0.0003 USDC accumulated (0.0003 USDC in escrow)
[2026-05-29T06:21:07.447Z] Fee check: 0.0003 USDC accumulated (0.0003 USDC in escrow)
[2026-05-29T06:21:37.047Z] Fee check: 0.0003 USDC accumulated (0.0003 USDC in escrow)
[2026-05-29T06:22:07.084Z] Fee check: 0.0003 USDC accumulated (0.0003 USDC in escrow)
[2026-05-29T06:22:37.096Z] Fee check: 0.0003 USDC accumulated (0.0003 USDC in escrow)
[2026-05-29T06:23:07.241Z] Fee check: 0.0003 USDC accumulated (0.0003 USDC in escrow)
[2026-05-29T06:23:37.284Z] Fee check: 0.0003 USDC accumulated (0.0003 USDC in escrow)
[2026-05-29T06:24:07.141Z] Fee check: 0.0003 USDC accumulated (0.0003 USDC in escrow)
[2026-05-29T06:24:37.171Z] Fee check: 0.0003 USDC accumulated (0.0003 USDC in escrow)
[2026-05-29T06:25:07.192Z] Fee check: 0.0003 USDC accumulated (0.0003 USDC in escrow)
[2026-05-29T06:25:37.235Z] Fee check: 0.0003 USDC accumulated (0.0003 USDC in escrow)
[2026-05-29T06:26:07.408Z] Fee check: 0.0003 USDC accumulated (0.0003 USDC in escrow)
[2026-05-29T06:26:37.431Z] Fee check: 0.0003 USDC accumulated (0.0003 USDC in escrow)
[2026-05-29T06:27:07.270Z] Fee check: 0.0003 USDC accumulated (0.0003 USDC in escrow)
[2026-05-29T06:27:37.309Z] Fee check: 0.0003 USDC accumulated (0.0003 USDC in escrow)
[2026-05-29T06:28:07.730Z] Fee check: 0.0003 USDC accumulated (0.0003 USDC in escrow)
[2026-05-29T06:28:37.481Z] Fee check: 0.0003 USDC accumulated (0.0003 USDC in escrow)
[2026-05-29T06:29:07.356Z] Fee check: 0.0003 USDC accumulated (0.0003 USDC in escrow)
[2026-05-29T06:29:37.658Z] Fee check: 0.0003 USDC accumulated (0.0003 USDC in escrow)
[2026-05-29T06:30:07.422Z] Fee check: 0.0003 USDC accumulated (0.0003 USDC in escrow)
[2026-05-29T06:30:37.430Z] Fee check: 0.0003 USDC accumulated (0.0003 USDC in escrow)
[2026-05-29T06:31:07.594Z] Fee check: 0.0003 USDC accumulated (0.0003 USDC in escrow)
[2026-05-29T06:31:37.601Z] Fee check: 0.0003 USDC accumulated (0.0003 USDC in escrow)
[2026-05-29T06:32:07.507Z] Fee check: 0.0003 USDC accumulated (0.0003 USDC in escrow)
[2026-05-29T06:32:37.526Z] Fee check: 0.0003 USDC accumulated (0.0003 USDC in escrow)
[2026-05-29T06:33:07.668Z] Fee check: 0.0003 USDC accumulated (0.0003 USDC in escrow)
[2026-05-29T06:33:37.711Z] Fee check: 0.0003 USDC accumulated (0.0003 USDC in escrow)
[2026-05-29T06:34:07.591Z] Fee check: 0.0003 USDC accumulated (0.0003 USDC in escrow)
[2026-05-29T06:34:37.869Z] Fee check: 0.0003 USDC accumulated (0.0003 USDC in escrow)
[2026-05-29T06:35:07.647Z] Fee check: 0.0003 USDC accumulated (0.0003 USDC in escrow)
[2026-05-29T06:35:37.659Z] Fee check: 0.0003 USDC accumulated (0.0003 USDC in escrow)
[2026-05-29T06:36:07.794Z] Fee check: 0.0003 USDC accumulated (0.0003 USDC in escrow)
[2026-05-29T06:36:37.843Z] Fee check: 0.0003 USDC accumulated (0.0003 USDC in escrow)
[2026-05-29T06:37:07.825Z] Fee check: 0.0003 USDC accumulated (0.0003 USDC in escrow)
[2026-05-29T06:37:37.747Z] Fee check: 0.0003 USDC accumulated (0.0003 USDC in escrow)
[2026-05-29T06:38:07.916Z] Fee check: 0.0003 USDC accumulated (0.0003 USDC in escrow)
[2026-05-29T06:38:37.935Z] Fee check: 0.0003 USDC accumulated (0.0003 USDC in escrow)
[2026-05-29T06:39:07.793Z] Fee check: 0.0003 USDC accumulated (0.0003 USDC in escrow)
[2026-05-29T06:39:37.810Z] Fee check: 0.0003 USDC accumulated (0.0003 USDC in escrow)
[2026-05-29T06:40:07.855Z] Fee check: 0.0003 USDC accumulated (0.0003 USDC in escrow)
[2026-05-29T06:40:37.859Z] Fee check: 0.0003 USDC accumulated (0.0003 USDC in escrow)
[2026-05-29T06:41:08.289Z] Fee check: 0.0003 USDC accumulated (0.0003 USDC in escrow)
[2026-05-29T06:41:38.034Z] Fee check: 0.0003 USDC accumulated (0.0003 USDC in escrow)
[2026-05-29T06:42:07.931Z] Fee check: 0.0003 USDC accumulated (0.0003 USDC in escrow)
[2026-05-29T06:42:37.961Z] Fee check: 0.0003 USDC accumulated (0.0003 USDC in escrow)
[2026-05-29T06:43:08.130Z] Fee check: 0.0003 USDC accumulated (0.0003 USDC in escrow)
[2026-05-29T06:43:38.010Z] Fee check: 0.0003 USDC accumulated (0.0003 USDC in escrow)
[2026-05-29T06:44:08.040Z] Fee check: 0.0003 USDC accumulated (0.0003 USDC in escrow)
[2026-05-29T06:44:38.037Z] Fee check: 0.0003 USDC accumulated (0.0003 USDC in escrow)
[2026-05-29T06:45:08.058Z] Fee check: 0.0003 USDC accumulated (0.0003 USDC in escrow)
[2026-05-29T06:45:38.080Z] Fee check: 0.0003 USDC accumulated (0.0003 USDC in escrow)
[2026-05-29T06:46:08.237Z] Fee check: 0.0003 USDC accumulated (0.0003 USDC in escrow)
[2026-05-29T06:46:38.252Z] Fee check: 0.0003 USDC accumulated (0.0003 USDC in escrow)
[2026-05-29T06:47:08.152Z] Fee check: 0.0003 USDC accumulated (0.0003 USDC in escrow)
[2026-05-29T06:47:38.163Z] Fee check: 0.0003 USDC accumulated (0.0003 USDC in escrow)
[2026-05-29T06:48:08.339Z] Fee check: 0.0003 USDC accumulated (0.0003 USDC in escrow)
[2026-05-29T06:48:38.343Z] Fee check: 0.0003 USDC accumulated (0.0003 USDC in escrow)
[2026-05-29T06:49:08.222Z] Fee check: 0.0003 USDC accumulated (0.0003 USDC in escrow)
[2026-05-29T06:49:38.250Z] Fee check: 0.0003 USDC accumulated (0.0003 USDC in escrow)
[2026-05-29T06:50:08.278Z] Fee check: 0.0003 USDC accumulated (0.0003 USDC in escrow)
[2026-05-29T06:50:38.345Z] Fee check: 0.0003 USDC accumulated (0.0003 USDC in escrow)
[2026-05-29T06:51:08.440Z] Fee check: 0.0003 USDC accumulated (0.0003 USDC in escrow)
[2026-05-29T06:51:38.464Z] Fee check: 0.0003 USDC accumulated (0.0003 USDC in escrow)
[2026-05-29T06:52:08.358Z] Fee check: 0.0003 USDC accumulated (0.0003 USDC in escrow)
[2026-05-29T06:52:38.406Z] Fee check: 0.0003 USDC accumulated (0.0003 USDC in escrow)
[2026-05-29T06:53:08.536Z] Fee check: 0.0003 USDC accumulated (0.0003 USDC in escrow)
[2026-05-29T06:53:38.435Z] Fee check: 0.0003 USDC accumulated (0.0003 USDC in escrow)
[2026-05-29T06:54:08.457Z] Fee check: 0.0003 USDC accumulated (0.0003 USDC in escrow)
[2026-05-29T06:54:38.469Z] Fee check: 0.0003 USDC accumulated (0.0003 USDC in escrow)
[2026-05-29T06:55:08.484Z] Fee check: 0.0003 USDC accumulated (0.0003 USDC in escrow)
[2026-05-29T06:55:38.528Z] Fee check: 0.0003 USDC accumulated (0.0003 USDC in escrow)
[2026-05-29T06:56:08.666Z] Fee check: 0.0003 USDC accumulated (0.0003 USDC in escrow)
[2026-05-29T06:56:38.676Z] Fee check: 0.0003 USDC accumulated (0.0003 USDC in escrow)
[2026-05-29T06:57:08.728Z] Fee check: 0.0003 USDC accumulated (0.0003 USDC in escrow)
[2026-05-29T06:57:38.596Z] Fee check: 0.0003 USDC accumulated (0.0003 USDC in escrow)
[2026-05-29T06:58:08.654Z] Fee check: 0.0003 USDC accumulated (0.0003 USDC in escrow)
[2026-05-29T06:58:38.799Z] Fee check: 0.0003 USDC accumulated (0.0003 USDC in escrow)
[2026-05-29T06:59:08.647Z] Fee check: 0.0003 USDC accumulated (0.0003 USDC in escrow)
[2026-05-29T06:59:38.692Z] Fee check: 0.0003 USDC accumulated (0.0003 USDC in escrow)
[2026-05-29T07:00:08.729Z] Fee check: 0.0003 USDC accumulated (0.0003 USDC in escrow)
[2026-05-29T07:00:38.724Z] Fee check: 0.0003 USDC accumulated (0.0003 USDC in escrow)
[2026-05-29T07:01:08.892Z] Fee check: 0.0003 USDC accumulated (0.0003 USDC in escrow)
[2026-05-29T07:01:38.781Z] Fee check: 0.0003 USDC accumulated (0.0003 USDC in escrow)
[2026-05-29T07:02:08.811Z] Fee check: 0.0003 USDC accumulated (0.0003 USDC in escrow)
[2026-05-29T07:02:39.726Z] Fee check: 0.0003 USDC accumulated (0.0003 USDC in escrow)
[2026-05-29T07:03:08.858Z] Fee check: 0.0003 USDC accumulated (0.0003 USDC in escrow)
[2026-05-29T07:03:38.990Z] Fee check: 0.0003 USDC accumulated (0.0003 USDC in escrow)
[2026-05-29T07:04:08.995Z] Fee check: 0.0003 USDC accumulated (0.0003 USDC in escrow)
[2026-05-29T07:04:38.908Z] Fee check: 0.0003 USDC accumulated (0.0003 USDC in escrow)
[2026-05-29T07:05:08.910Z] Fee check: 0.0003 USDC accumulated (0.0003 USDC in escrow)
[2026-05-29T07:05:38.951Z] Fee check: 0.0003 USDC accumulated (0.0003 USDC in escrow)
[2026-05-29T07:06:09.093Z] Fee check: 0.0003 USDC accumulated (0.0003 USDC in escrow)
[2026-05-29T07:06:38.983Z] Fee check: 0.0003 USDC accumulated (0.0003 USDC in escrow)
[2026-05-29T07:07:09.011Z] Fee check: 0.0003 USDC accumulated (0.0003 USDC in escrow)
[2026-05-29T07:07:39.045Z] Fee check: 0.0003 USDC accumulated (0.0003 USDC in escrow)
[2026-05-29T07:08:09.057Z] Fee check: 0.0003 USDC accumulated (0.0003 USDC in escrow)
[2026-05-29T07:08:39.233Z] Fee check: 0.0003 USDC accumulated (0.0003 USDC in escrow)
[2026-05-29T07:09:09.152Z] Fee check: 0.0003 USDC accumulated (0.0003 USDC in escrow)
[2026-05-29T07:09:39.135Z] Fee check: 0.0003 USDC accumulated (0.0003 USDC in escrow)
[2026-05-29T07:10:09.150Z] Fee check: 0.0003 USDC accumulated (0.0003 USDC in escrow)
[2026-05-29T07:10:39.170Z] Fee check: 0.0003 USDC accumulated (0.0003 USDC in escrow)
[2026-05-29T07:11:09.337Z] Fee check: 0.0003 USDC accumulated (0.0003 USDC in escrow)
[2026-05-29T07:11:39.350Z] Fee check: 0.0003 USDC accumulated (0.0003 USDC in escrow)
[2026-05-29T07:12:09.259Z] Fee check: 0.0003 USDC accumulated (0.0003 USDC in escrow)
[2026-05-29T07:12:39.267Z] Fee check: 0.0003 USDC accumulated (0.0003 USDC in escrow)
[2026-05-29T07:13:09.304Z] Fee check: 0.0003 USDC accumulated (0.0003 USDC in escrow)
[2026-05-29T07:13:39.471Z] Fee check: 0.0003 USDC accumulated (0.0003 USDC in escrow)
[2026-05-29T07:14:09.475Z] Fee check: 0.0003 USDC accumulated (0.0003 USDC in escrow)
[2026-05-29T07:14:39.342Z] Fee check: 0.0003 USDC accumulated (0.0003 USDC in escrow)
[2026-05-29T07:15:09.378Z] Fee check: 0.0003 USDC accumulated (0.0003 USDC in escrow)
[2026-05-29T07:15:39.393Z] Fee check: 0.0003 USDC accumulated (0.0003 USDC in escrow)
[2026-05-29T07:16:09.538Z] Fee check: 0.0003 USDC accumulated (0.0003 USDC in escrow)
[2026-05-29T07:16:39.605Z] Fee check: 0.0003 USDC accumulated (0.0003 USDC in escrow)
[2026-05-29T07:17:09.485Z] Fee check: 0.0003 USDC accumulated (0.0003 USDC in escrow)
[2026-05-29T07:17:39.547Z] Fee check: 0.0003 USDC accumulated (0.0003 USDC in escrow)
[2026-05-29T07:18:09.534Z] Fee check: 0.0003 USDC accumulated (0.0003 USDC in escrow)
[2026-05-29T07:18:39.659Z] Fee check: 0.0003 USDC accumulated (0.0003 USDC in escrow)
[2026-05-29T07:19:09.683Z] Fee check: 0.0003 USDC accumulated (0.0003 USDC in escrow)
[2026-05-29T07:19:39.634Z] Fee check: 0.0003 USDC accumulated (0.0003 USDC in escrow)
[2026-05-29T07:20:09.613Z] Fee check: 0.0003 USDC accumulated (0.0003 USDC in escrow)
[2026-05-29T07:20:39.629Z] Fee check: 0.0003 USDC accumulated (0.0003 USDC in escrow)
[2026-05-29T07:21:09.805Z] Fee check: 0.0003 USDC accumulated (0.0003 USDC in escrow)
[2026-05-29T07:21:39.808Z] Fee check: 0.0003 USDC accumulated (0.0003 USDC in escrow)
[2026-05-29T07:22:09.720Z] Fee check: 0.0003 USDC accumulated (0.0003 USDC in escrow)
[2026-05-29T07:22:39.760Z] Fee check: 0.0003 USDC accumulated (0.0003 USDC in escrow)
[2026-05-29T07:23:09.754Z] Fee check: 0.0003 USDC accumulated (0.0003 USDC in escrow)
[2026-05-29T07:23:39.929Z] Fee check: 0.0003 USDC accumulated (0.0003 USDC in escrow)
[2026-05-29T07:24:09.929Z] Fee check: 0.0003 USDC accumulated (0.0003 USDC in escrow)
[2026-05-29T07:24:39.844Z] Fee check: 0.0003 USDC accumulated (0.0003 USDC in escrow)
[2026-05-29T07:25:09.883Z] Fee check: 0.0003 USDC accumulated (0.0003 USDC in escrow)
[2026-05-29T07:25:39.919Z] Fee check: 0.0003 USDC accumulated (0.0003 USDC in escrow)
[2026-05-29T07:26:10.041Z] Fee check: 0.0003 USDC accumulated (0.0003 USDC in escrow)
[2026-05-29T07:26:39.919Z] Fee check: 0.0003 USDC accumulated (0.0003 USDC in escrow)
[2026-05-29T07:27:09.981Z] Fee check: 0.0003 USDC accumulated (0.0003 USDC in escrow)
[2026-05-29T07:27:39.977Z] Fee check: 0.0003 USDC accumulated (0.0003 USDC in escrow)
[2026-05-29T07:28:10.567Z] Fee check: 0.0003 USDC accumulated (0.0003 USDC in escrow)
[2026-05-29T07:28:40.159Z] Fee check: 0.0003 USDC accumulated (0.0003 USDC in escrow)
[2026-05-29T07:29:10.062Z] Fee check: 0.0003 USDC accumulated (0.0003 USDC in escrow)
[2026-05-29T07:29:40.066Z] Fee check: 0.0003 USDC accumulated (0.0003 USDC in escrow)
[2026-05-29T07:30:10.127Z] Fee check: 0.0003 USDC accumulated (0.0003 USDC in escrow)
[2026-05-29T07:30:40.109Z] Fee check: 0.0003 USDC accumulated (0.0003 USDC in escrow)
[2026-05-29T07:31:10.265Z] Fee check: 0.0003 USDC accumulated (0.0003 USDC in escrow)
[2026-05-29T07:31:40.301Z] Fee check: 0.0003 USDC accumulated (0.0003 USDC in escrow)
[2026-05-29T07:32:10.241Z] Fee check: 0.0003 USDC accumulated (0.0003 USDC in escrow)
[2026-05-29T07:32:40.210Z] Fee check: 0.0003 USDC accumulated (0.0003 USDC in escrow)
[2026-05-29T07:33:10.438Z] Fee check: 0.0003 USDC accumulated (0.0003 USDC in escrow)
[2026-05-29T07:33:40.398Z] Fee check: 0.0003 USDC accumulated (0.0003 USDC in escrow)
[2026-05-29T07:34:10.433Z] Fee check: 0.0003 USDC accumulated (0.0003 USDC in escrow)
[2026-05-29T07:34:40.278Z] Fee check: 0.0003 USDC accumulated (0.0003 USDC in escrow)
[2026-05-29T07:35:10.312Z] Fee check: 0.0003 USDC accumulated (0.0003 USDC in escrow)
[2026-05-29T07:35:40.332Z] Fee check: 0.0003 USDC accumulated (0.0003 USDC in escrow)
[2026-05-29T07:36:10.477Z] Fee check: 0.0003 USDC accumulated (0.0003 USDC in escrow)
[2026-05-29T07:36:40.504Z] Fee check: 0.0003 USDC accumulated (0.0003 USDC in escrow)
[2026-05-29T07:37:10.405Z] Fee check: 0.0003 USDC accumulated (0.0003 USDC in escrow)
[2026-05-29T07:37:40.424Z] Fee check: 0.0003 USDC accumulated (0.0003 USDC in escrow)
[2026-05-29T07:38:10.469Z] Fee check: 0.0003 USDC accumulated (0.0003 USDC in escrow)
[2026-05-29T07:38:40.606Z] Fee check: 0.0003 USDC accumulated (0.0003 USDC in escrow)
[2026-05-29T07:39:10.634Z] Fee check: 0.0003 USDC accumulated (0.0003 USDC in escrow)
[2026-05-29T07:39:40.562Z] Fee check: 0.0003 USDC accumulated (0.0003 USDC in escrow)
[2026-05-29T07:40:10.553Z] Fee check: 0.0003 USDC accumulated (0.0003 USDC in escrow)
[2026-05-29T07:40:40.575Z] Fee check: 0.0003 USDC accumulated (0.0003 USDC in escrow)
[2026-05-29T07:41:10.721Z] Fee check: 0.0003 USDC accumulated (0.0003 USDC in escrow)
[2026-05-29T07:41:40.753Z] Fee check: 0.0003 USDC accumulated (0.0003 USDC in escrow)
[2026-05-29T07:42:10.642Z] Fee check: 0.0003 USDC accumulated (0.0003 USDC in escrow)
[2026-05-29T07:42:40.670Z] Fee check: 0.0003 USDC accumulated (0.0003 USDC in escrow)
[2026-05-29T07:43:10.703Z] Fee check: 0.0003 USDC accumulated (0.0003 USDC in escrow)
[2026-05-29T07:43:40.859Z] Fee check: 0.0003 USDC accumulated (0.0003 USDC in escrow)
[2026-05-29T07:44:10.905Z] Fee check: 0.0003 USDC accumulated (0.0003 USDC in escrow)
[2026-05-29T07:44:40.770Z] Fee check: 0.0003 USDC accumulated (0.0003 USDC in escrow)
[2026-05-29T07:45:10.801Z] Fee check: 0.0003 USDC accumulated (0.0003 USDC in escrow)
[2026-05-29T07:45:40.835Z] Fee check: 0.0003 USDC accumulated (0.0003 USDC in escrow)
[2026-05-29T07:46:10.971Z] Fee check: 0.0003 USDC accumulated (0.0003 USDC in escrow)
[2026-05-29T07:46:40.977Z] Fee check: 0.0003 USDC accumulated (0.0003 USDC in escrow)
[2026-05-29T07:47:10.900Z] Fee check: 0.0003 USDC accumulated (0.0003 USDC in escrow)
[2026-05-29T07:47:40.911Z] Fee check: 0.0003 USDC accumulated (0.0003 USDC in escrow)
[2026-05-29T07:48:10.946Z] Fee check: 0.0003 USDC accumulated (0.0003 USDC in escrow)
[2026-05-29T07:48:41.085Z] Fee check: 0.0003 USDC accumulated (0.0003 USDC in escrow)
[2026-05-29T07:49:11.003Z] Fee check: 0.0003 USDC accumulated (0.0003 USDC in escrow)
[2026-05-29T07:49:41.224Z] Fee check: 0.0003 USDC accumulated (0.0003 USDC in escrow)
[2026-05-29T07:50:11.062Z] Fee check: 0.0003 USDC accumulated (0.0003 USDC in escrow)
[2026-05-29T07:50:41.049Z] Fee check: 0.0003 USDC accumulated (0.0003 USDC in escrow)
[2026-05-29T07:51:11.212Z] Fee check: 0.0003 USDC accumulated (0.0003 USDC in escrow)
[2026-05-29T07:51:41.140Z] Fee check: 0.0003 USDC accumulated (0.0003 USDC in escrow)
[2026-05-29T07:52:11.126Z] Fee check: 0.0003 USDC accumulated (0.0003 USDC in escrow)
[2026-05-29T07:52:41.442Z] Fee check: 0.0003 USDC accumulated (0.0003 USDC in escrow)
[2026-05-29T07:53:11.191Z] Fee check: 0.0003 USDC accumulated (0.0003 USDC in escrow)
[2026-05-29T07:53:41.321Z] Fee check: 0.0003 USDC accumulated (0.0003 USDC in escrow)
[2026-05-29T07:54:11.202Z] Fee check: 0.0003 USDC accumulated (0.0003 USDC in escrow)
[2026-05-29T07:54:41.229Z] Fee check: 0.0003 USDC accumulated (0.0003 USDC in escrow)
[2026-05-29T07:55:11.270Z] Fee check: 0.0003 USDC accumulated (0.0003 USDC in escrow)
[2026-05-29T07:55:41.277Z] Fee check: 0.0003 USDC accumulated (0.0003 USDC in escrow)
[2026-05-29T07:56:11.412Z] Fee check: 0.0003 USDC accumulated (0.0003 USDC in escrow)
[2026-05-29T07:56:41.478Z] Fee check: 0.0003 USDC accumulated (0.0003 USDC in escrow)
[2026-05-29T07:57:11.345Z] Fee check: 0.0003 USDC accumulated (0.0003 USDC in escrow)
[2026-05-29T07:57:41.357Z] Fee check: 0.0003 USDC accumulated (0.0003 USDC in escrow)
[2026-05-29T07:58:11.404Z] Fee check: 0.0003 USDC accumulated (0.0003 USDC in escrow)
[2026-05-29T07:58:41.584Z] Fee check: 0.0003 USDC accumulated (0.0003 USDC in escrow)
[2026-05-29T07:59:11.559Z] Fee check: 0.0003 USDC accumulated (0.0003 USDC in escrow)
[2026-05-29T07:59:41.465Z] Fee check: 0.0003 USDC accumulated (0.0003 USDC in escrow)
[2026-05-29T08:00:11.491Z] Fee check: 0.0003 USDC accumulated (0.0003 USDC in escrow)
[2026-05-29T08:00:41.482Z] Fee check: 0.0003 USDC accumulated (0.0003 USDC in escrow)
[2026-05-29T08:01:11.649Z] Fee check: 0.0003 USDC accumulated (0.0003 USDC in escrow)
[2026-05-29T08:01:41.521Z] Fee check: 0.0003 USDC accumulated (0.0003 USDC in escrow)
[2026-05-29T08:02:11.582Z] Fee check: 0.0003 USDC accumulated (0.0003 USDC in escrow)
[2026-05-29T08:02:41.610Z] Fee check: 0.0003 USDC accumulated (0.0003 USDC in escrow)
[2026-05-29T08:03:11.620Z] Fee check: 0.0003 USDC accumulated (0.0003 USDC in escrow)
[2026-05-29T08:03:41.786Z] Fee check: 0.0003 USDC accumulated (0.0003 USDC in escrow)
[2026-05-29T08:04:11.782Z] Fee check: 0.0003 USDC accumulated (0.0003 USDC in escrow)
[2026-05-29T08:04:41.666Z] Fee check: 0.0003 USDC accumulated (0.0003 USDC in escrow)
[2026-05-29T08:05:11.715Z] Fee check: 0.0003 USDC accumulated (0.0003 USDC in escrow)
[2026-05-29T08:05:41.743Z] Fee check: 0.0003 USDC accumulated (0.0003 USDC in escrow)
[2026-05-29T08:06:11.870Z] Fee check: 0.0003 USDC accumulated (0.0003 USDC in escrow)
[2026-05-29T08:06:41.787Z] Fee check: 0.0003 USDC accumulated (0.0003 USDC in escrow)
[2026-05-29T08:07:11.818Z] Fee check: 0.0003 USDC accumulated (0.0003 USDC in escrow)
[2026-05-29T08:07:42.109Z] Fee check: 0.0003 USDC accumulated (0.0003 USDC in escrow)
[2026-05-29T08:08:11.848Z] Fee check: 0.0003 USDC accumulated (0.0003 USDC in escrow)
[2026-05-29T08:08:42.010Z] Fee check: 0.0003 USDC accumulated (0.0003 USDC in escrow)
[2026-05-29T08:09:11.899Z] Fee check: 0.0003 USDC accumulated (0.0003 USDC in escrow)
[2026-05-29T08:09:41.912Z] Fee check: 0.0003 USDC accumulated (0.0003 USDC in escrow)
[2026-05-29T08:10:11.950Z] Fee check: 0.0003 USDC accumulated (0.0003 USDC in escrow)
[2026-05-29T08:10:41.966Z] Fee check: 0.0003 USDC accumulated (0.0003 USDC in escrow)
[2026-05-29T08:11:12.098Z] Fee check: 0.0003 USDC accumulated (0.0003 USDC in escrow)
[2026-05-29T08:11:42.012Z] Fee check: 0.0003 USDC accumulated (0.0003 USDC in escrow)
[2026-05-29T08:12:12.040Z] Fee check: 0.0003 USDC accumulated (0.0003 USDC in escrow)
[2026-05-29T08:12:42.087Z] Fee check: 0.0003 USDC accumulated (0.0003 USDC in escrow)
[2026-05-29T08:13:12.583Z] Fee check: 0.0003 USDC accumulated (0.0003 USDC in escrow)
[2026-05-29T08:13:42.521Z] Fee check: 0.0003 USDC accumulated (0.0003 USDC in escrow)
[2026-05-29T08:14:12.127Z] Fee check: 0.0003 USDC accumulated (0.0003 USDC in escrow)
[2026-05-29T08:14:42.254Z] Fee check: 0.0003 USDC accumulated (0.0003 USDC in escrow)
[2026-05-29T08:15:12.186Z] Fee check: 0.0003 USDC accumulated (0.0003 USDC in escrow)
[2026-05-29T08:15:42.186Z] Fee check: 0.0003 USDC accumulated (0.0003 USDC in escrow)
[2026-05-29T08:16:12.338Z] Fee check: 0.0003 USDC accumulated (0.0003 USDC in escrow)
[2026-05-29T08:16:42.634Z] Fee check: 0.0003 USDC accumulated (0.0003 USDC in escrow)
[2026-05-29T08:17:12.288Z] Fee check: 0.0003 USDC accumulated (0.0003 USDC in escrow)
[2026-05-29T08:17:42.290Z] Fee check: 0.0003 USDC accumulated (0.0003 USDC in escrow)
[2026-05-29T08:18:12.301Z] Fee check: 0.0003 USDC accumulated (0.0003 USDC in escrow)
[2026-05-29T08:18:42.482Z] Fee check: 0.0003 USDC accumulated (0.0003 USDC in escrow)
[2026-05-29T08:19:12.450Z] Fee check: 0.0003 USDC accumulated (0.0003 USDC in escrow)
[2026-05-29T08:19:42.339Z] Fee check: 0.0003 USDC accumulated (0.0003 USDC in escrow)
[2026-05-29T08:20:12.650Z] Fee check: 0.0003 USDC accumulated (0.0003 USDC in escrow)
[2026-05-29T08:20:42.384Z] Fee check: 0.0003 USDC accumulated (0.0003 USDC in escrow)
[2026-05-29T08:21:12.539Z] Fee check: 0.0003 USDC accumulated (0.0003 USDC in escrow)
[2026-05-29T08:21:42.596Z] Fee check: 0.0003 USDC accumulated (0.0003 USDC in escrow)
[2026-05-29T08:22:12.490Z] Fee check: 0.0003 USDC accumulated (0.0003 USDC in escrow)
[2026-05-29T08:22:42.509Z] Fee check: 0.0003 USDC accumulated (0.0003 USDC in escrow)
[2026-05-29T08:23:12.520Z] Fee check: 0.0003 USDC accumulated (0.0003 USDC in escrow)
[2026-05-29T08:23:42.944Z] Fee check: 0.0003 USDC accumulated (0.0003 USDC in escrow)
[2026-05-29T08:24:12.694Z] Fee check: 0.0003 USDC accumulated (0.0003 USDC in escrow)
[2026-05-29T08:24:42.621Z] Fee check: 0.0003 USDC accumulated (0.0003 USDC in escrow)
[2026-05-29T08:25:12.634Z] Fee check: 0.0003 USDC accumulated (0.0003 USDC in escrow)
[2026-05-29T08:25:42.647Z] Fee check: 0.0003 USDC accumulated (0.0003 USDC in escrow)
[2026-05-29T08:26:12.805Z] Fee check: 0.0003 USDC accumulated (0.0003 USDC in escrow)
[2026-05-29T08:26:42.807Z] Fee check: 0.0003 USDC accumulated (0.0003 USDC in escrow)
[2026-05-29T08:27:12.706Z] Fee check: 0.0003 USDC accumulated (0.0003 USDC in escrow)
[2026-05-29T08:27:42.766Z] Fee check: 0.0003 USDC accumulated (0.0003 USDC in escrow)
[2026-05-29T08:28:12.768Z] Fee check: 0.0003 USDC accumulated (0.0003 USDC in escrow)
[2026-05-29T08:28:43.026Z] Fee check: 0.0003 USDC accumulated (0.0003 USDC in escrow)
[2026-05-29T08:29:13.081Z] Fee check: 0.0003 USDC accumulated (0.0003 USDC in escrow)
[2026-05-29T08:29:42.846Z] Fee check: 0.0003 USDC accumulated (0.0003 USDC in escrow)
[2026-05-29T08:30:12.847Z] Fee check: 0.0003 USDC accumulated (0.0003 USDC in escrow)
[2026-05-29T08:30:42.889Z] Fee check: 0.0003 USDC accumulated (0.0003 USDC in escrow)
[2026-05-29T08:31:13.039Z] Fee check: 0.0003 USDC accumulated (0.0003 USDC in escrow)
[2026-05-29T08:31:42.929Z] Fee check: 0.0003 USDC accumulated (0.0003 USDC in escrow)
[2026-05-29T08:32:12.966Z] Fee check: 0.0003 USDC accumulated (0.0003 USDC in escrow)
[2026-05-29T08:32:42.962Z] Fee check: 0.0003 USDC accumulated (0.0003 USDC in escrow)
[2026-05-29T08:33:12.993Z] Fee check: 0.0003 USDC accumulated (0.0003 USDC in escrow)
[2026-05-29T08:33:44.333Z] Fee check: 0.0003 USDC accumulated (0.0003 USDC in escrow)
[2026-05-29T08:34:13.169Z] Fee check: 0.0003 USDC accumulated (0.0003 USDC in escrow)
[2026-05-29T08:34:43.054Z] Fee check: 0.0003 USDC accumulated (0.0003 USDC in escrow)
[2026-05-29T08:35:13.081Z] Fee check: 0.0003 USDC accumulated (0.0003 USDC in escrow)
[2026-05-29T08:35:43.106Z] Fee check: 0.0003 USDC accumulated (0.0003 USDC in escrow)
[2026-05-29T08:36:13.224Z] Fee check: 0.0003 USDC accumulated (0.0003 USDC in escrow)
[2026-05-29T08:36:43.282Z] Fee check: 0.0003 USDC accumulated (0.0003 USDC in escrow)
[2026-05-29T08:37:13.158Z] Fee check: 0.0003 USDC accumulated (0.0003 USDC in escrow)
[2026-05-29T08:37:43.195Z] Fee check: 0.0003 USDC accumulated (0.0003 USDC in escrow)
[2026-05-29T08:38:13.217Z] Fee check: 0.0003 USDC accumulated (0.0003 USDC in escrow)
[2026-05-29T08:38:43.247Z] Fee check: 0.0003 USDC accumulated (0.0003 USDC in escrow)
[2026-05-29T08:39:13.386Z] Fee check: 0.0003 USDC accumulated (0.0003 USDC in escrow)
[2026-05-29T08:39:43.423Z] Fee check: 0.0003 USDC accumulated (0.0003 USDC in escrow)
[2026-05-29T08:40:13.328Z] Fee check: 0.0003 USDC accumulated (0.0003 USDC in escrow)
[2026-05-29T08:40:43.596Z] Fee check: 0.0003 USDC accumulated (0.0003 USDC in escrow)
[2026-05-29T08:41:13.498Z] Fee check: 0.0003 USDC accumulated (0.0003 USDC in escrow)
[2026-05-29T08:41:43.533Z] Fee check: 0.0003 USDC accumulated (0.0003 USDC in escrow)
[2026-05-29T08:42:13.420Z] Fee check: 0.0003 USDC accumulated (0.0003 USDC in escrow)
[2026-05-29T08:42:43.436Z] Fee check: 0.0003 USDC accumulated (0.0003 USDC in escrow)
[2026-05-29T08:43:13.441Z] Fee check: 0.0003 USDC accumulated (0.0003 USDC in escrow)
[2026-05-29T08:43:43.628Z] Fee check: 0.0003 USDC accumulated (0.0003 USDC in escrow)
[2026-05-29T08:44:13.630Z] Fee check: 0.0003 USDC accumulated (0.0003 USDC in escrow)
[2026-05-29T08:44:43.642Z] Fee check: 0.0003 USDC accumulated (0.0003 USDC in escrow)
[2026-05-29T08:45:13.535Z] Fee check: 0.0003 USDC accumulated (0.0003 USDC in escrow)
[2026-05-29T08:45:43.585Z] Fee check: 0.0003 USDC accumulated (0.0003 USDC in escrow)
[2026-05-29T08:46:13.722Z] Fee check: 0.0003 USDC accumulated (0.0003 USDC in escrow)
[2026-05-29T08:46:43.765Z] Fee check: 0.0003 USDC accumulated (0.0003 USDC in escrow)
[2026-05-29T08:47:13.906Z] Fee check: 0.0003 USDC accumulated (0.0003 USDC in escrow)
[2026-05-29T08:47:43.695Z] Fee check: 0.0003 USDC accumulated (0.0003 USDC in escrow)
[2026-05-29T08:48:13.699Z] Fee check: 0.0003 USDC accumulated (0.0003 USDC in escrow)
[2026-05-29T08:48:43.831Z] Fee check: 0.0003 USDC accumulated (0.0003 USDC in escrow)
[2026-05-29T08:49:13.881Z] Fee check: 0.0003 USDC accumulated (0.0003 USDC in escrow)
[2026-05-29T08:49:43.919Z] Fee check: 0.0003 USDC accumulated (0.0003 USDC in escrow)
[2026-05-29T08:50:13.812Z] Fee check: 0.0003 USDC accumulated (0.0003 USDC in escrow)
[2026-05-29T08:50:43.824Z] Fee check: 0.0003 USDC accumulated (0.0003 USDC in escrow)
[2026-05-29T08:51:13.995Z] Fee check: 0.0003 USDC accumulated (0.0003 USDC in escrow)
[2026-05-29T08:51:43.985Z] Fee check: 0.0003 USDC accumulated (0.0003 USDC in escrow)
[2026-05-29T08:52:13.920Z] Fee check: 0.0003 USDC accumulated (0.0003 USDC in escrow)
[2026-05-29T08:52:44.183Z] Fee check: 0.0003 USDC accumulated (0.0003 USDC in escrow)
[2026-05-29T08:53:13.936Z] Fee check: 0.0003 USDC accumulated (0.0003 USDC in escrow)
[2026-05-29T08:53:43.949Z] Fee check: 0.0003 USDC accumulated (0.0003 USDC in escrow)
[2026-05-29T08:54:14.109Z] Fee check: 0.0003 USDC accumulated (0.0003 USDC in escrow)
[2026-05-29T08:54:44.021Z] Fee check: 0.0003 USDC accumulated (0.0003 USDC in escrow)
[2026-05-29T08:55:14.021Z] Fee check: 0.0003 USDC accumulated (0.0003 USDC in escrow)
[2026-05-29T08:55:44.050Z] Fee check: 0.0003 USDC accumulated (0.0003 USDC in escrow)
[2026-05-29T08:56:14.218Z] Fee check: 0.0003 USDC accumulated (0.0003 USDC in escrow)
[2026-05-29T08:56:44.114Z] Fee check: 0.0003 USDC accumulated (0.0003 USDC in escrow)
[2026-05-29T08:57:14.117Z] Fee check: 0.0003 USDC accumulated (0.0003 USDC in escrow)
[2026-05-29T08:57:44.427Z] Fee check: 0.0003 USDC accumulated (0.0003 USDC in escrow)
[2026-05-29T08:58:14.179Z] Fee check: 0.0003 USDC accumulated (0.0003 USDC in escrow)
[2026-05-29T08:58:44.200Z] Fee check: 0.0003 USDC accumulated (0.0003 USDC in escrow)
[2026-05-29T08:59:14.356Z] Fee check: 0.0003 USDC accumulated (0.0003 USDC in escrow)
[2026-05-29T08:59:44.640Z] Fee check: 0.0003 USDC accumulated (0.0003 USDC in escrow)
[2026-05-29T09:00:14.249Z] Fee check: 0.0003 USDC accumulated (0.0003 USDC in escrow)
[2026-05-29T09:00:44.561Z] Fee check: 0.0003 USDC accumulated (0.0003 USDC in escrow)
[2026-05-29T09:01:14.449Z] Fee check: 0.0003 USDC accumulated (0.0003 USDC in escrow)
[2026-05-29T09:01:44.465Z] Fee check: 0.0003 USDC accumulated (0.0003 USDC in escrow)
[2026-05-29T09:02:14.384Z] Fee check: 0.0003 USDC accumulated (0.0003 USDC in escrow)
[2026-05-29T09:02:44.419Z] Fee check: 0.0003 USDC accumulated (0.0003 USDC in escrow)
[2026-05-29T09:03:14.691Z] Fee check: 0.0003 USDC accumulated (0.0003 USDC in escrow)
[2026-05-29T09:03:44.436Z] Fee check: 0.0003 USDC accumulated (0.0003 USDC in escrow)
[2026-05-29T09:04:14.597Z] Fee check: 0.0003 USDC accumulated (0.0003 USDC in escrow)
[2026-05-29T09:04:44.880Z] Fee check: 0.0003 USDC accumulated (0.0003 USDC in escrow)
[2026-05-29T09:05:14.595Z] Fee check: 0.0003 USDC accumulated (0.0003 USDC in escrow)
[2026-05-29T09:05:44.522Z] Fee check: 0.0003 USDC accumulated (0.0003 USDC in escrow)
[2026-05-29T09:06:14.672Z] Fee check: 0.0003 USDC accumulated (0.0003 USDC in escrow)
[2026-05-29T09:06:44.578Z] Fee check: 0.0003 USDC accumulated (0.0003 USDC in escrow)
[2026-05-29T09:07:14.598Z] Fee check: 0.0003 USDC accumulated (0.0003 USDC in escrow)
[2026-05-29T09:07:44.618Z] Fee check: 0.0003 USDC accumulated (0.0003 USDC in escrow)
[2026-05-29T09:08:14.927Z] Fee check: 0.0003 USDC accumulated (0.0003 USDC in escrow)
[2026-05-29T09:08:44.676Z] Fee check: 0.0003 USDC accumulated (0.0003 USDC in escrow)
[2026-05-29T09:09:14.836Z] Fee check: 0.0003 USDC accumulated (0.0003 USDC in escrow)
[2026-05-29T09:09:44.863Z] Fee check: 0.0003 USDC accumulated (0.0003 USDC in escrow)
[2026-05-29T09:10:14.748Z] Fee check: 0.0003 USDC accumulated (0.0003 USDC in escrow)
[2026-05-29T09:10:44.770Z] Fee check: 0.0003 USDC accumulated (0.0003 USDC in escrow)
[2026-05-29T09:11:14.922Z] Fee check: 0.0003 USDC accumulated (0.0003 USDC in escrow)
[2026-05-29T09:11:44.954Z] Fee check: 0.0003 USDC accumulated (0.0003 USDC in escrow)
[2026-05-29T09:12:14.844Z] Fee check: 0.0003 USDC accumulated (0.0003 USDC in escrow)
[2026-05-29T09:12:44.885Z] Fee check: 0.0003 USDC accumulated (0.0003 USDC in escrow)
[2026-05-29T09:13:15.171Z] Fee check: 0.0003 USDC accumulated (0.0003 USDC in escrow)
[2026-05-29T09:13:44.915Z] Fee check: 0.0003 USDC accumulated (0.0003 USDC in escrow)
[2026-05-29T09:14:15.108Z] Fee check: 0.0003 USDC accumulated (0.0003 USDC in escrow)
[2026-05-29T09:14:45.237Z] Fee check: 0.0003 USDC accumulated (0.0003 USDC in escrow)
[2026-05-29T09:15:14.996Z] Fee check: 0.0003 USDC accumulated (0.0003 USDC in escrow)
[2026-05-29T09:15:45.026Z] Fee check: 0.0003 USDC accumulated (0.0003 USDC in escrow)
[2026-05-29T09:16:15.186Z] Fee check: 0.0003 USDC accumulated (0.0003 USDC in escrow)
[2026-05-29T09:16:45.061Z] Fee check: 0.0003 USDC accumulated (0.0003 USDC in escrow)
[2026-05-29T09:17:15.360Z] Fee check: 0.0003 USDC accumulated (0.0003 USDC in escrow)
[2026-05-29T09:17:45.106Z] Fee check: 0.0003 USDC accumulated (0.0003 USDC in escrow)
[2026-05-29T09:18:15.140Z] Fee check: 0.0003 USDC accumulated (0.0003 USDC in escrow)
[2026-05-29T09:18:45.423Z] Fee check: 0.0003 USDC accumulated (0.0003 USDC in escrow)
[2026-05-29T09:19:15.303Z] Fee check: 0.0003 USDC accumulated (0.0003 USDC in escrow)
[2026-05-29T09:19:45.383Z] Fee check: 0.0003 USDC accumulated (0.0003 USDC in escrow)
[2026-05-29T09:20:15.218Z] Fee check: 0.0003 USDC accumulated (0.0003 USDC in escrow)
[2026-05-29T09:20:45.265Z] Fee check: 0.0003 USDC accumulated (0.0003 USDC in escrow)
[2026-05-29T09:21:15.671Z] Fee check: 0.0003 USDC accumulated (0.0003 USDC in escrow)
[2026-05-29T09:21:45.435Z] Fee check: 0.0003 USDC accumulated (0.0003 USDC in escrow)
[2026-05-29T09:22:15.350Z] Fee check: 0.0003 USDC accumulated (0.0003 USDC in escrow)
[2026-05-29T09:22:45.337Z] Fee check: 0.0003 USDC accumulated (0.0003 USDC in escrow)
[2026-05-29T09:23:15.636Z] Fee check: 0.0003 USDC accumulated (0.0003 USDC in escrow)
[2026-05-29T09:23:45.410Z] Fee check: 0.0003 USDC accumulated (0.0003 USDC in escrow)
[2026-05-29T09:24:15.546Z] Fee check: 0.0003 USDC accumulated (0.0003 USDC in escrow)
[2026-05-29T09:24:45.575Z] Fee check: 0.0003 USDC accumulated (0.0003 USDC in escrow)
[2026-05-29T09:25:15.466Z] Fee check: 0.0003 USDC accumulated (0.0003 USDC in escrow)
[2026-05-29T09:25:45.547Z] Fee check: 0.0003 USDC accumulated (0.0003 USDC in escrow)
[2026-05-29T09:26:15.644Z] Fee check: 0.0003 USDC accumulated (0.0003 USDC in escrow)
[2026-05-29T09:26:45.677Z] Fee check: 0.0003 USDC accumulated (0.0003 USDC in escrow)
[2026-05-29T09:27:15.555Z] Fee check: 0.0003 USDC accumulated (0.0003 USDC in escrow)
[2026-05-29T09:27:45.604Z] Fee check: 0.0003 USDC accumulated (0.0003 USDC in escrow)
[2026-05-29T09:28:15.704Z] Fee check: 0.0003 USDC accumulated (0.0003 USDC in escrow)
[2026-05-29T09:28:45.641Z] Fee check: 0.0003 USDC accumulated (0.0003 USDC in escrow)
[2026-05-29T09:29:16.154Z] Fee check: 0.0003 USDC accumulated (0.0003 USDC in escrow)
[2026-05-29T09:29:46.078Z] Fee check: 0.0003 USDC accumulated (0.0003 USDC in escrow)
[2026-05-29T09:30:15.699Z] Fee check: 0.0003 USDC accumulated (0.0003 USDC in escrow)
[2026-05-29T09:30:45.719Z] Fee check: 0.0003 USDC accumulated (0.0003 USDC in escrow)
[2026-05-29T09:31:15.908Z] Fee check: 0.0003 USDC accumulated (0.0003 USDC in escrow)
[2026-05-29T09:31:45.899Z] Fee check: 0.0003 USDC accumulated (0.0003 USDC in escrow)
[2026-05-29T09:32:15.822Z] Fee check: 0.0003 USDC accumulated (0.0003 USDC in escrow)
[2026-05-29T09:32:46.095Z] Fee check: 0.0003 USDC accumulated (0.0003 USDC in escrow)
[2026-05-29T09:33:15.836Z] Fee check: 0.0003 USDC accumulated (0.0003 USDC in escrow)
[2026-05-29T09:33:45.869Z] Fee check: 0.0003 USDC accumulated (0.0003 USDC in escrow)
[2026-05-29T09:34:16.017Z] Fee check: 0.0003 USDC accumulated (0.0003 USDC in escrow)
[2026-05-29T09:34:46.046Z] Fee check: 0.0003 USDC accumulated (0.0003 USDC in escrow)
[2026-05-29T09:35:16.229Z] Fee check: 0.0003 USDC accumulated (0.0003 USDC in escrow)
[2026-05-29T09:35:45.961Z] Fee check: 0.0003 USDC accumulated (0.0003 USDC in escrow)
[2026-05-29T09:36:16.111Z] Fee check: 0.0003 USDC accumulated (0.0003 USDC in escrow)
[2026-05-29T09:36:46.024Z] Fee check: 0.0003 USDC accumulated (0.0003 USDC in escrow)
[2026-05-29T09:37:16.024Z] Fee check: 0.0003 USDC accumulated (0.0003 USDC in escrow)
[2026-05-29T09:37:46.057Z] Fee check: 0.0003 USDC accumulated (0.0003 USDC in escrow)
[2026-05-29T09:38:16.084Z] Fee check: 0.0003 USDC accumulated (0.0003 USDC in escrow)
[2026-05-29T09:38:46.104Z] Fee check: 0.0003 USDC accumulated (0.0003 USDC in escrow)
[2026-05-29T09:39:16.273Z] Fee check: 0.0003 USDC accumulated (0.0003 USDC in escrow)
[2026-05-29T09:39:46.165Z] Fee check: 0.0003 USDC accumulated (0.0003 USDC in escrow)
[2026-05-29T09:40:16.467Z] Fee check: 0.0003 USDC accumulated (0.0003 USDC in escrow)
[2026-05-29T09:40:46.191Z] Fee check: 0.0003 USDC accumulated (0.0003 USDC in escrow)
[2026-05-29T09:41:16.374Z] Fee check: 0.0003 USDC accumulated (0.0003 USDC in escrow)
[2026-05-29T09:41:46.372Z] Fee check: 0.0003 USDC accumulated (0.0003 USDC in escrow)
[2026-05-29T09:42:16.272Z] Fee check: 0.0003 USDC accumulated (0.0003 USDC in escrow)
[2026-05-29T09:42:46.290Z] Fee check: 0.0003 USDC accumulated (0.0003 USDC in escrow)
[2026-05-29T09:43:16.585Z] Fee check: 0.0003 USDC accumulated (0.0003 USDC in escrow)
[2026-05-29T09:43:46.364Z] Fee check: 0.0003 USDC accumulated (0.0003 USDC in escrow)
[2026-05-29T09:44:16.495Z] Fee check: 0.0003 USDC accumulated (0.0003 USDC in escrow)
[2026-05-29T09:44:46.542Z] Fee check: 0.0003 USDC accumulated (0.0003 USDC in escrow)
[2026-05-29T09:45:16.500Z] Fee check: 0.0003 USDC accumulated (0.0003 USDC in escrow)
[2026-05-29T09:45:46.443Z] Fee check: 0.0003 USDC accumulated (0.0003 USDC in escrow)
[2026-05-29T09:46:16.847Z] Fee check: 0.0003 USDC accumulated (0.0003 USDC in escrow)
[2026-05-29T09:46:46.619Z] Fee check: 0.0003 USDC accumulated (0.0003 USDC in escrow)
[2026-05-29T09:47:16.502Z] Fee check: 0.0003 USDC accumulated (0.0003 USDC in escrow)
[2026-05-29T09:47:46.532Z] Fee check: 0.0003 USDC accumulated (0.0003 USDC in escrow)
[2026-05-29T09:48:16.555Z] Fee check: 0.0003 USDC accumulated (0.0003 USDC in escrow)
[2026-05-29T09:48:46.609Z] Fee check: 0.0003 USDC accumulated (0.0003 USDC in escrow)
[2026-05-29T09:49:16.723Z] Fee check: 0.0003 USDC accumulated (0.0003 USDC in escrow)
[2026-05-29T09:49:46.753Z] Fee check: 0.0003 USDC accumulated (0.0003 USDC in escrow)
[2026-05-29T09:50:16.656Z] Fee check: 0.0003 USDC accumulated (0.0003 USDC in escrow)
[2026-05-29T09:50:46.957Z] Fee check: 0.0003 USDC accumulated (0.0003 USDC in escrow)
[2026-05-29T09:51:16.831Z] Fee check: 0.0003 USDC accumulated (0.0003 USDC in escrow)
[2026-05-29T09:51:46.858Z] Fee check: 0.0003 USDC accumulated (0.0003 USDC in escrow)
[2026-05-29T09:52:16.750Z] Fee check: 0.0003 USDC accumulated (0.0003 USDC in escrow)
[2026-05-29T09:52:46.781Z] Fee check: 0.0003 USDC accumulated (0.0003 USDC in escrow)
[2026-05-29T09:53:16.839Z] Fee check: 0.0003 USDC accumulated (0.0003 USDC in escrow)
[2026-05-29T09:53:46.834Z] Fee check: 0.0003 USDC accumulated (0.0003 USDC in escrow)
[2026-05-29T09:54:16.977Z] Fee check: 0.0003 USDC accumulated (0.0003 USDC in escrow)
[2026-05-29T09:54:46.992Z] Fee check: 0.0003 USDC accumulated (0.0003 USDC in escrow)
[2026-05-29T09:55:16.923Z] Fee check: 0.0003 USDC accumulated (0.0003 USDC in escrow)
[2026-05-29T09:55:46.915Z] Fee check: 0.0003 USDC accumulated (0.0003 USDC in escrow)
[2026-05-29T09:56:17.075Z] Fee check: 0.0003 USDC accumulated (0.0003 USDC in escrow)
[2026-05-29T09:56:46.970Z] Fee check: 0.0003 USDC accumulated (0.0003 USDC in escrow)
[2026-05-29T09:57:17.001Z] Fee check: 0.0003 USDC accumulated (0.0003 USDC in escrow)
[2026-05-29T09:57:47.280Z] Fee check: 0.0003 USDC accumulated (0.0003 USDC in escrow)
[2026-05-29T09:58:17.050Z] Fee check: 0.0003 USDC accumulated (0.0003 USDC in escrow)
[2026-05-29T09:58:47.064Z] Fee check: 0.0003 USDC accumulated (0.0003 USDC in escrow)
[2026-05-29T09:59:17.220Z] Fee check: 0.0003 USDC accumulated (0.0003 USDC in escrow)
[2026-05-29T09:59:47.104Z] Fee check: 0.0003 USDC accumulated (0.0003 USDC in escrow)
[2026-05-29T10:00:17.146Z] Fee check: 0.0003 USDC accumulated (0.0003 USDC in escrow)
[2026-05-29T10:00:47.167Z] Fee check: 0.0003 USDC accumulated (0.0003 USDC in escrow)
[2026-05-29T10:01:17.302Z] Fee check: 0.0003 USDC accumulated (0.0003 USDC in escrow)
[2026-05-29T10:01:47.212Z] Fee check: 0.0003 USDC accumulated (0.0003 USDC in escrow)
[2026-05-29T10:02:17.240Z] Fee check: 0.0003 USDC accumulated (0.0003 USDC in escrow)
[2026-05-29T10:02:47.245Z] Fee check: 0.0003 USDC accumulated (0.0003 USDC in escrow)
[2026-05-29T10:03:17.279Z] Fee check: 0.0003 USDC accumulated (0.0003 USDC in escrow)
[2026-05-29T10:03:47.310Z] Fee check: 0.0003 USDC accumulated (0.0003 USDC in escrow)
[2026-05-29T10:04:17.452Z] Fee check: 0.0003 USDC accumulated (0.0003 USDC in escrow)
[2026-05-29T10:04:47.481Z] Fee check: 0.0003 USDC accumulated (0.0003 USDC in escrow)
[2026-05-29T10:05:17.630Z] Fee check: 0.0003 USDC accumulated (0.0003 USDC in escrow)
[2026-05-29T10:05:47.406Z] Fee check: 0.0003 USDC accumulated (0.0003 USDC in escrow)
[2026-05-29T10:06:17.556Z] Fee check: 0.0003 USDC accumulated (0.0003 USDC in escrow)
[2026-05-29T10:06:47.864Z] Fee check: 0.0003 USDC accumulated (0.0003 USDC in escrow)
[2026-05-29T10:07:17.472Z] Fee check: 0.0003 USDC accumulated (0.0003 USDC in escrow)
[2026-05-29T10:07:47.496Z] Fee check: 0.0003 USDC accumulated (0.0003 USDC in escrow)
[2026-05-29T10:08:17.531Z] Fee check: 0.0003 USDC accumulated (0.0003 USDC in escrow)
[2026-05-29T10:08:47.549Z] Fee check: 0.0003 USDC accumulated (0.0003 USDC in escrow)
[2026-05-29T10:09:17.691Z] Fee check: 0.0003 USDC accumulated (0.0003 USDC in escrow)
[2026-05-29T10:09:47.747Z] Fee check: 0.0003 USDC accumulated (0.0003 USDC in escrow)
[2026-05-29T10:10:17.622Z] Fee check: 0.0003 USDC accumulated (0.0003 USDC in escrow)
[2026-05-29T10:10:47.646Z] Fee check: 0.0003 USDC accumulated (0.0003 USDC in escrow)
[2026-05-29T10:11:17.792Z] Fee check: 0.0003 USDC accumulated (0.0003 USDC in escrow)
[2026-05-29T10:11:47.807Z] Fee check: 0.0003 USDC accumulated (0.0003 USDC in escrow)
[2026-05-29T10:12:17.726Z] Fee check: 0.0003 USDC accumulated (0.0003 USDC in escrow)
[2026-05-29T10:12:47.748Z] Fee check: 0.0003 USDC accumulated (0.0003 USDC in escrow)
[2026-05-29T10:13:18.009Z] Fee check: 0.0003 USDC accumulated (0.0003 USDC in escrow)
[2026-05-29T10:13:47.794Z] Fee check: 0.0003 USDC accumulated (0.0003 USDC in escrow)
[2026-05-29T10:14:17.960Z] Fee check: 0.0003 USDC accumulated (0.0003 USDC in escrow)
[2026-05-29T10:14:47.978Z] Fee check: 0.0003 USDC accumulated (0.0003 USDC in escrow)
[2026-05-29T10:15:17.851Z] Fee check: 0.0003 USDC accumulated (0.0003 USDC in escrow)
[2026-05-29T10:15:47.864Z] Fee check: 0.0003 USDC accumulated (0.0003 USDC in escrow)
[2026-05-29T10:16:18.057Z] Fee check: 0.0003 USDC accumulated (0.0003 USDC in escrow)
[2026-05-29T10:16:48.052Z] Fee check: 0.0003 USDC accumulated (0.0003 USDC in escrow)
[2026-05-29T10:17:17.949Z] Fee check: 0.0003 USDC accumulated (0.0003 USDC in escrow)
[2026-05-29T10:17:47.984Z] Fee check: 0.0003 USDC accumulated (0.0003 USDC in escrow)
[2026-05-29T10:18:17.980Z] Fee check: 0.0003 USDC accumulated (0.0003 USDC in escrow)
[2026-05-29T10:18:48.043Z] Fee check: 0.0003 USDC accumulated (0.0003 USDC in escrow)
[2026-05-29T10:19:18.234Z] Fee check: 0.0003 USDC accumulated (0.0003 USDC in escrow)
[2026-05-29T10:19:48.551Z] Fee check: 0.0003 USDC accumulated (0.0003 USDC in escrow)
[2026-05-29T10:20:18.105Z] Fee check: 0.0003 USDC accumulated (0.0003 USDC in escrow)
[2026-05-29T10:20:48.101Z] Fee check: 0.0003 USDC accumulated (0.0003 USDC in escrow)
[2026-05-29T10:21:18.249Z] Fee check: 0.0003 USDC accumulated (0.0003 USDC in escrow)
[2026-05-29T10:21:48.175Z] Fee check: 0.0003 USDC accumulated (0.0003 USDC in escrow)
[2026-05-29T10:22:18.450Z] Fee check: 0.0003 USDC accumulated (0.0003 USDC in escrow)
[2026-05-29T10:22:48.226Z] Fee check: 0.0003 USDC accumulated (0.0003 USDC in escrow)
[2026-05-29T10:23:18.303Z] Fee check: 0.0003 USDC accumulated (0.0003 USDC in escrow)
[2026-05-29T10:23:48.283Z] Fee check: 0.0003 USDC accumulated (0.0003 USDC in escrow)
[2026-05-29T10:24:18.410Z] Fee check: 0.0003 USDC accumulated (0.0003 USDC in escrow)
[2026-05-29T10:24:48.432Z] Fee check: 0.0003 USDC accumulated (0.0003 USDC in escrow)
[2026-05-29T10:25:18.350Z] Fee check: 0.0003 USDC accumulated (0.0003 USDC in escrow)
[2026-05-29T10:25:48.358Z] Fee check: 0.0003 USDC accumulated (0.0003 USDC in escrow)
[2026-05-29T10:26:18.499Z] Fee check: 0.0003 USDC accumulated (0.0003 USDC in escrow)
[2026-05-29T10:26:48.532Z] Fee check: 0.0003 USDC accumulated (0.0003 USDC in escrow)
[2026-05-29T10:27:18.433Z] Fee check: 0.0003 USDC accumulated (0.0003 USDC in escrow)
[2026-05-29T10:27:48.469Z] Fee check: 0.0003 USDC accumulated (0.0003 USDC in escrow)
[2026-05-29T10:28:18.481Z] Fee check: 0.0003 USDC accumulated (0.0003 USDC in escrow)
[2026-05-29T10:28:48.497Z] Fee check: 0.0003 USDC accumulated (0.0003 USDC in escrow)
[2026-05-29T10:29:18.846Z] Fee check: 0.0003 USDC accumulated (0.0003 USDC in escrow)
[2026-05-29T10:29:48.666Z] Fee check: 0.0003 USDC accumulated (0.0003 USDC in escrow)
[2026-05-29T10:30:18.588Z] Fee check: 0.0003 USDC accumulated (0.0003 USDC in escrow)
[2026-05-29T10:30:48.612Z] Fee check: 0.0003 USDC accumulated (0.0003 USDC in escrow)
[2026-05-29T10:31:18.732Z] Fee check: 0.0003 USDC accumulated (0.0003 USDC in escrow)
[2026-05-29T10:31:48.762Z] Fee check: 0.0003 USDC accumulated (0.0003 USDC in escrow)
[2026-05-29T10:32:18.688Z] Fee check: 0.0003 USDC accumulated (0.0003 USDC in escrow)
[2026-05-29T10:32:48.705Z] Fee check: 0.0003 USDC accumulated (0.0003 USDC in escrow)
[2026-05-29T10:33:18.721Z] Fee check: 0.0003 USDC accumulated (0.0003 USDC in escrow)
[2026-05-29T10:33:48.985Z] Fee check: 0.0003 USDC accumulated (0.0003 USDC in escrow)
[2026-05-29T10:34:18.885Z] Fee check: 0.0003 USDC accumulated (0.0003 USDC in escrow)
[2026-05-29T10:34:48.911Z] Fee check: 0.0003 USDC accumulated (0.0003 USDC in escrow)
[2026-05-29T10:35:18.816Z] Fee check: 0.0003 USDC accumulated (0.0003 USDC in escrow)
[2026-05-29T10:35:48.851Z] Fee check: 0.0003 USDC accumulated (0.0003 USDC in escrow)
[2026-05-29T10:36:18.993Z] Fee check: 0.0003 USDC accumulated (0.0003 USDC in escrow)
[2026-05-29T10:36:48.996Z] Fee check: 0.0003 USDC accumulated (0.0003 USDC in escrow)
[2026-05-29T10:37:18.900Z] Fee check: 0.0003 USDC accumulated (0.0003 USDC in escrow)
[2026-05-29T10:37:48.945Z] Fee check: 0.0003 USDC accumulated (0.0003 USDC in escrow)
[2026-05-29T10:38:18.959Z] Fee check: 0.0003 USDC accumulated (0.0003 USDC in escrow)
[2026-05-29T10:38:49.226Z] Fee check: 0.0003 USDC accumulated (0.0003 USDC in escrow)
[2026-05-29T10:39:19.152Z] Fee check: 0.0003 USDC accumulated (0.0003 USDC in escrow)
[2026-05-29T10:39:49.030Z] Fee check: 0.0003 USDC accumulated (0.0003 USDC in escrow)
[2026-05-29T10:40:19.045Z] Fee check: 0.0003 USDC accumulated (0.0003 USDC in escrow)
[2026-05-29T10:40:49.072Z] Fee check: 0.0003 USDC accumulated (0.0003 USDC in escrow)
[2026-05-29T10:41:19.228Z] Fee check: 0.0003 USDC accumulated (0.0003 USDC in escrow)
[2026-05-29T10:41:49.379Z] Fee check: 0.0003 USDC accumulated (0.0003 USDC in escrow)
[2026-05-29T10:42:19.137Z] Fee check: 0.0003 USDC accumulated (0.0003 USDC in escrow)
[2026-05-29T10:42:49.181Z] Fee check: 0.0003 USDC accumulated (0.0003 USDC in escrow)
[2026-05-29T10:43:19.190Z] Fee check: 0.0003 USDC accumulated (0.0003 USDC in escrow)
[2026-05-29T10:43:49.390Z] Fee check: 0.0003 USDC accumulated (0.0003 USDC in escrow)
[2026-05-29T10:44:19.368Z] Fee check: 0.0003 USDC accumulated (0.0003 USDC in escrow)
[2026-05-29T10:44:49.384Z] Fee check: 0.0003 USDC accumulated (0.0003 USDC in escrow)
[2026-05-29T10:45:19.273Z] Fee check: 0.0003 USDC accumulated (0.0003 USDC in escrow)
[2026-05-29T10:45:49.322Z] Fee check: 0.0003 USDC accumulated (0.0003 USDC in escrow)
[2026-05-29T10:46:19.473Z] Fee check: 0.0003 USDC accumulated (0.0003 USDC in escrow)
[2026-05-29T10:46:49.496Z] Fee check: 0.0003 USDC accumulated (0.0003 USDC in escrow)
[2026-05-29T10:47:19.641Z] Fee check: 0.0003 USDC accumulated (0.0003 USDC in escrow)
[2026-05-29T10:47:49.403Z] Fee check: 0.0003 USDC accumulated (0.0003 USDC in escrow)
[2026-05-29T10:48:19.451Z] Fee check: 0.0003 USDC accumulated (0.0003 USDC in escrow)
[2026-05-29T10:48:49.458Z] Fee check: 0.0003 USDC accumulated (0.0003 USDC in escrow)
[2026-05-29T10:49:19.611Z] Fee check: 0.0003 USDC accumulated (0.0003 USDC in escrow)
[2026-05-29T10:49:49.644Z] Fee check: 0.0003 USDC accumulated (0.0003 USDC in escrow)
[2026-05-29T10:50:19.543Z] Fee check: 0.0003 USDC accumulated (0.0003 USDC in escrow)
[2026-05-29T10:50:49.561Z] Fee check: 0.0003 USDC accumulated (0.0003 USDC in escrow)
[2026-05-29T10:51:19.714Z] Fee check: 0.0003 USDC accumulated (0.0003 USDC in escrow)
[2026-05-29T10:51:49.749Z] Fee check: 0.0003 USDC accumulated (0.0003 USDC in escrow)
[2026-05-29T10:52:19.639Z] Fee check: 0.0003 USDC accumulated (0.0003 USDC in escrow)
[2026-05-29T10:52:49.640Z] Fee check: 0.0003 USDC accumulated (0.0003 USDC in escrow)
[2026-05-29T10:53:19.684Z] Fee check: 0.0003 USDC accumulated (0.0003 USDC in escrow)
[2026-05-29T10:53:49.737Z] Fee check: 0.0003 USDC accumulated (0.0003 USDC in escrow)
[2026-05-29T10:54:20.117Z] Fee check: 0.0003 USDC accumulated (0.0003 USDC in escrow)
[2026-05-29T10:54:49.882Z] Fee check: 0.0003 USDC accumulated (0.0003 USDC in escrow)
[2026-05-29T10:55:19.780Z] Fee check: 0.0003 USDC accumulated (0.0003 USDC in escrow)
[2026-05-29T10:55:49.875Z] Fee check: 0.0003 USDC accumulated (0.0003 USDC in escrow)
[2026-05-29T10:56:19.932Z] Fee check: 0.0003 USDC accumulated (0.0003 USDC in escrow)
[2026-05-29T10:56:49.978Z] Fee check: 0.0003 USDC accumulated (0.0003 USDC in escrow)
[2026-05-29T10:57:19.951Z] Fee check: 0.0003 USDC accumulated (0.0003 USDC in escrow)
[2026-05-29T10:57:49.881Z] Fee check: 0.0003 USDC accumulated (0.0003 USDC in escrow)
[2026-05-29T10:58:19.907Z] Fee check: 0.0003 USDC accumulated (0.0003 USDC in escrow)
[2026-05-29T10:58:49.929Z] Fee check: 0.0003 USDC accumulated (0.0003 USDC in escrow)
[2026-05-29T10:59:20.092Z] Fee check: 0.0003 USDC accumulated (0.0003 USDC in escrow)
[2026-05-29T10:59:50.342Z] Fee check: 0.0003 USDC accumulated (0.0003 USDC in escrow)
[2026-05-29T11:00:20.022Z] Fee check: 0.0003 USDC accumulated (0.0003 USDC in escrow)
[2026-05-29T11:00:50.035Z] Fee check: 0.0003 USDC accumulated (0.0003 USDC in escrow)
[2026-05-29T11:01:20.187Z] Fee check: 0.0003 USDC accumulated (0.0003 USDC in escrow)
[2026-05-29T11:01:50.077Z] Fee check: 0.0003 USDC accumulated (0.0003 USDC in escrow)
[2026-05-29T11:02:20.100Z] Fee check: 0.0003 USDC accumulated (0.0003 USDC in escrow)
[2026-05-29T11:02:50.396Z] Fee check: 0.0003 USDC accumulated (0.0003 USDC in escrow)
[2026-05-29T11:03:20.153Z] Fee check: 0.0003 USDC accumulated (0.0003 USDC in escrow)
[2026-05-29T11:03:50.167Z] Fee check: 0.0003 USDC accumulated (0.0003 USDC in escrow)
[2026-05-29T11:04:20.334Z] Fee check: 0.0003 USDC accumulated (0.0003 USDC in escrow)
[2026-05-29T11:04:50.353Z] Fee check: 0.0003 USDC accumulated (0.0003 USDC in escrow)
[2026-05-29T11:05:20.255Z] Fee check: 0.0003 USDC accumulated (0.0003 USDC in escrow)
[2026-05-29T11:05:50.269Z] Fee check: 0.0003 USDC accumulated (0.0003 USDC in escrow)
[2026-05-29T11:06:20.437Z] Fee check: 0.0003 USDC accumulated (0.0003 USDC in escrow)
[2026-05-29T11:06:50.326Z] Fee check: 0.0003 USDC accumulated (0.0003 USDC in escrow)
[2026-05-29T11:07:20.588Z] Fee check: 0.0003 USDC accumulated (0.0003 USDC in escrow)
[2026-05-29T11:07:50.465Z] Fee check: 0.0003 USDC accumulated (0.0003 USDC in escrow)
[2026-05-29T11:08:20.483Z] Fee check: 0.0003 USDC accumulated (0.0003 USDC in escrow)
[2026-05-29T11:08:50.405Z] Fee check: 0.0003 USDC accumulated (0.0003 USDC in escrow)
[2026-05-29T11:09:20.573Z] Fee check: 0.0003 USDC accumulated (0.0003 USDC in escrow)
[2026-05-29T11:09:50.621Z] Fee check: 0.0003 USDC accumulated (0.0003 USDC in escrow)
[2026-05-29T11:10:20.493Z] Fee check: 0.0003 USDC accumulated (0.0003 USDC in escrow)
[2026-05-29T11:10:50.515Z] Fee check: 0.0003 USDC accumulated (0.0003 USDC in escrow)
[2026-05-29T11:11:20.671Z] Fee check: 0.0003 USDC accumulated (0.0003 USDC in escrow)
[2026-05-29T11:11:50.701Z] Fee check: 0.0003 USDC accumulated (0.0003 USDC in escrow)
[2026-05-29T11:12:20.596Z] Fee check: 0.0003 USDC accumulated (0.0003 USDC in escrow)
[2026-05-29T11:12:50.634Z] Fee check: 0.0003 USDC accumulated (0.0003 USDC in escrow)
[2026-05-29T11:13:20.640Z] Fee check: 0.0003 USDC accumulated (0.0003 USDC in escrow)
[2026-05-29T11:13:50.654Z] Fee check: 0.0003 USDC accumulated (0.0003 USDC in escrow)
[2026-05-29T11:14:20.840Z] Fee check: 0.0003 USDC accumulated (0.0003 USDC in escrow)
[2026-05-29T11:14:50.828Z] Fee check: 0.0003 USDC accumulated (0.0003 USDC in escrow)
[2026-05-29T11:15:20.741Z] Fee check: 0.0003 USDC accumulated (0.0003 USDC in escrow)
[2026-05-29T11:15:50.749Z] Fee check: 0.0003 USDC accumulated (0.0003 USDC in escrow)
[2026-05-29T11:16:20.906Z] Fee check: 0.0003 USDC accumulated (0.0003 USDC in escrow)
[2026-05-29T11:16:50.931Z] Fee check: 0.0003 USDC accumulated (0.0003 USDC in escrow)
[2026-05-29T11:17:20.822Z] Fee check: 0.0003 USDC accumulated (0.0003 USDC in escrow)
[2026-05-29T11:17:50.852Z] Fee check: 0.0003 USDC accumulated (0.0003 USDC in escrow)
[2026-05-29T11:18:20.890Z] Fee check: 0.0003 USDC accumulated (0.0003 USDC in escrow)
[2026-05-29T11:18:50.906Z] Fee check: 0.0003 USDC accumulated (0.0003 USDC in escrow)
[2026-05-29T11:19:21.046Z] Fee check: 0.0003 USDC accumulated (0.0003 USDC in escrow)
[2026-05-29T11:19:51.005Z] Fee check: 0.0003 USDC accumulated (0.0003 USDC in escrow)
[2026-05-29T11:20:20.959Z] Fee check: 0.0003 USDC accumulated (0.0003 USDC in escrow)
[2026-05-29T11:20:50.991Z] Fee check: 0.0003 USDC accumulated (0.0003 USDC in escrow)
[2026-05-29T11:21:21.139Z] Fee check: 0.0003 USDC accumulated (0.0003 USDC in escrow)
[2026-05-29T11:21:51.030Z] Fee check: 0.0003 USDC accumulated (0.0003 USDC in escrow)
[2026-05-29T11:22:21.061Z] Fee check: 0.0003 USDC accumulated (0.0003 USDC in escrow)
[2026-05-29T11:22:51.078Z] Fee check: 0.0003 USDC accumulated (0.0003 USDC in escrow)
[2026-05-29T11:23:21.119Z] Fee check: 0.0003 USDC accumulated (0.0003 USDC in escrow)
[2026-05-29T11:23:51.164Z] Fee check: 0.0003 USDC accumulated (0.0003 USDC in escrow)
[2026-05-29T11:24:21.292Z] Fee check: 0.0003 USDC accumulated (0.0003 USDC in escrow)
[2026-05-29T11:24:51.329Z] Fee check: 0.0003 USDC accumulated (0.0003 USDC in escrow)
[2026-05-29T11:25:21.204Z] Fee check: 0.0003 USDC accumulated (0.0003 USDC in escrow)
[2026-05-29T11:25:51.237Z] Fee check: 0.0003 USDC accumulated (0.0003 USDC in escrow)
[2026-05-29T11:26:21.381Z] Fee check: 0.0003 USDC accumulated (0.0003 USDC in escrow)
[2026-05-29T11:26:51.401Z] Fee check: 0.0003 USDC accumulated (0.0003 USDC in escrow)
[2026-05-29T11:27:21.302Z] Fee check: 0.0003 USDC accumulated (0.0003 USDC in escrow)
[2026-05-29T11:27:51.328Z] Fee check: 0.0003 USDC accumulated (0.0003 USDC in escrow)
[2026-05-29T11:28:21.363Z] Fee check: 0.0003 USDC accumulated (0.0003 USDC in escrow)
[2026-05-29T11:28:51.376Z] Fee check: 0.0003 USDC accumulated (0.0003 USDC in escrow)
[2026-05-29T11:29:21.542Z] Fee check: 0.0003 USDC accumulated (0.0003 USDC in escrow)
[2026-05-29T11:29:51.554Z] Fee check: 0.0003 USDC accumulated (0.0003 USDC in escrow)
[2026-05-29T11:30:21.452Z] Fee check: 0.0003 USDC accumulated (0.0003 USDC in escrow)
[2026-05-29T11:30:51.472Z] Fee check: 0.0003 USDC accumulated (0.0003 USDC in escrow)
[2026-05-29T11:31:21.610Z] Fee check: 0.0003 USDC accumulated (0.0003 USDC in escrow)
[2026-05-29T11:31:51.918Z] Fee check: 0.0003 USDC accumulated (0.0003 USDC in escrow)
[2026-05-29T11:32:21.528Z] Fee check: 0.0003 USDC accumulated (0.0003 USDC in escrow)
[2026-05-29T11:32:51.574Z] Fee check: 0.0003 USDC accumulated (0.0003 USDC in escrow)
[2026-05-29T11:33:21.610Z] Fee check: 0.0003 USDC accumulated (0.0003 USDC in escrow)
[2026-05-29T11:33:51.885Z] Fee check: 0.0003 USDC accumulated (0.0003 USDC in escrow)
[2026-05-29T11:34:21.761Z] Fee check: 0.0003 USDC accumulated (0.0003 USDC in escrow)
[2026-05-29T11:34:51.786Z] Fee check: 0.0003 USDC accumulated (0.0003 USDC in escrow)
[2026-05-29T11:35:21.982Z] Fee check: 0.0003 USDC accumulated (0.0003 USDC in escrow)
[2026-05-29T11:35:51.710Z] Fee check: 0.0003 USDC accumulated (0.0003 USDC in escrow)
[2026-05-29T11:36:22.143Z] Fee check: 0.0003 USDC accumulated (0.0003 USDC in escrow)
[2026-05-29T11:36:51.877Z] Fee check: 0.0003 USDC accumulated (0.0003 USDC in escrow)
[2026-05-29T11:37:21.769Z] Fee check: 0.0003 USDC accumulated (0.0003 USDC in escrow)
[2026-05-29T11:37:52.069Z] Fee check: 0.0003 USDC accumulated (0.0003 USDC in escrow)
[2026-05-29T11:38:21.813Z] Fee check: 0.0003 USDC accumulated (0.0003 USDC in escrow)
[2026-05-29T11:38:51.841Z] Fee check: 0.0003 USDC accumulated (0.0003 USDC in escrow)
[2026-05-29T11:39:21.988Z] Fee check: 0.0003 USDC accumulated (0.0003 USDC in escrow)
[2026-05-29T11:39:52.310Z] Fee check: 0.0003 USDC accumulated (0.0003 USDC in escrow)
[2026-05-29T11:40:21.973Z] Fee check: 0.0003 USDC accumulated (0.0003 USDC in escrow)
[2026-05-29T11:40:51.946Z] Fee check: 0.0003 USDC accumulated (0.0003 USDC in escrow)
[2026-05-29T11:41:22.117Z] Fee check: 0.0003 USDC accumulated (0.0003 USDC in escrow)
[2026-05-29T11:41:51.988Z] Fee check: 0.0003 USDC accumulated (0.0003 USDC in escrow)
[2026-05-29T11:42:22.028Z] Fee check: 0.0003 USDC accumulated (0.0003 USDC in escrow)
[2026-05-29T11:42:52.032Z] Fee check: 0.0003 USDC accumulated (0.0003 USDC in escrow)
[2026-05-29T11:43:22.150Z] Fee check: 0.0003 USDC accumulated (0.0003 USDC in escrow)
[2026-05-29T11:43:52.232Z] Fee check: 0.0003 USDC accumulated (0.0003 USDC in escrow)
[2026-05-29T11:44:22.242Z] Fee check: 0.0003 USDC accumulated (0.0003 USDC in escrow)
[2026-05-29T11:44:52.138Z] Fee check: 0.0003 USDC accumulated (0.0003 USDC in escrow)
[2026-05-29T11:45:22.451Z] Fee check: 0.0003 USDC accumulated (0.0003 USDC in escrow)
[2026-05-29T11:45:52.192Z] Fee check: 0.0003 USDC accumulated (0.0003 USDC in escrow)
[2026-05-29T11:46:22.323Z] Fee check: 0.0003 USDC accumulated (0.0003 USDC in escrow)
[2026-05-29T11:46:52.361Z] Fee check: 0.0003 USDC accumulated (0.0003 USDC in escrow)
[2026-05-29T11:47:22.249Z] Fee check: 0.0003 USDC accumulated (0.0003 USDC in escrow)
[2026-05-29T11:47:52.275Z] Fee check: 0.0003 USDC accumulated (0.0003 USDC in escrow)
[2026-05-29T11:48:22.293Z] Fee check: 0.0003 USDC accumulated (0.0003 USDC in escrow)
[2026-05-29T11:48:52.594Z] Fee check: 0.0003 USDC accumulated (0.0003 USDC in escrow)
[2026-05-29T11:49:22.464Z] Fee check: 0.0003 USDC accumulated (0.0003 USDC in escrow)
[2026-05-29T11:49:52.500Z] Fee check: 0.0003 USDC accumulated (0.0003 USDC in escrow)
[2026-05-29T11:50:22.390Z] Fee check: 0.0003 USDC accumulated (0.0003 USDC in escrow)
[2026-05-29T11:50:52.414Z] Fee check: 0.0003 USDC accumulated (0.0003 USDC in escrow)
[2026-05-29T11:51:22.567Z] Fee check: 0.0003 USDC accumulated (0.0003 USDC in escrow)
[2026-05-29T11:51:52.591Z] Fee check: 0.0003 USDC accumulated (0.0003 USDC in escrow)
